-- Adminer 4.3.1 MySQL dump

SET NAMES utf8;
SET time_zone = '+00:00';
SET foreign_key_checks = 0;
SET sql_mode = 'NO_AUTO_VALUE_ON_ZERO';

DROP TABLE IF EXISTS `addresses`;
CREATE TABLE `addresses` (
  `id` int(11) NOT NULL AUTO_INCREMENT,
  `company_code` varchar(255) NOT NULL COMMENT 'belongs to company',
  `type` enum('mailing','permanent') NOT NULL DEFAULT 'mailing',
  `address` varchar(255) NOT NULL,
  `city` varchar(255) NOT NULL,
  `state` varchar(255) NOT NULL,
  `pincode` varchar(255) NOT NULL,
  `email` varchar(255) NOT NULL,
  `phone` varchar(255) NOT NULL,
  `status` enum('0','1') NOT NULL DEFAULT '0' COMMENT 'used to track active/blocked record',
  `created` datetime NOT NULL,
  `modified` datetime NOT NULL,
  PRIMARY KEY (`id`)
) ENGINE=InnoDB DEFAULT CHARSET=utf8;


DROP TABLE IF EXISTS `address_profes`;
CREATE TABLE `address_profes` (
  `id` int(11) NOT NULL AUTO_INCREMENT,
  `name` varchar(255) NOT NULL,
  PRIMARY KEY (`id`)
) ENGINE=InnoDB DEFAULT CHARSET=utf8;

INSERT INTO `address_profes` (`id`, `name`) VALUES
(1,	'Voter id'),
(2,	'Aadhaar card'),
(3,	'Ration Card'),
(4,	'Driving License'),
(5,	'Passport');

DROP TABLE IF EXISTS `annual_turnovers`;
CREATE TABLE `annual_turnovers` (
  `id` int(11) NOT NULL AUTO_INCREMENT,
  `annual_turnover` varchar(100) NOT NULL,
  `created` datetime NOT NULL,
  `modified` datetime NOT NULL,
  PRIMARY KEY (`id`)
) ENGINE=InnoDB DEFAULT CHARSET=latin1;

INSERT INTO `annual_turnovers` (`id`, `annual_turnover`, `created`, `modified`) VALUES
(1,	'0- 5 cr',	'0000-00-00 00:00:00',	'0000-00-00 00:00:00'),
(2,	'5-10 cr',	'0000-00-00 00:00:00',	'0000-00-00 00:00:00'),
(3,	'10-25 cr',	'0000-00-00 00:00:00',	'0000-00-00 00:00:00'),
(4,	'greater than 25 cr',	'0000-00-00 00:00:00',	'0000-00-00 00:00:00');

DROP TABLE IF EXISTS `applied_bids`;
CREATE TABLE `applied_bids` (
  `id` int(11) NOT NULL AUTO_INCREMENT,
  `user_id` int(11) NOT NULL,
  `tender_id` int(11) NOT NULL,
  `status` enum('0','1','2','3') NOT NULL DEFAULT '0' COMMENT '0 => ''processing'',1 => ''correct'', 2 => ''Not Applied'', 3=> ''Incorrect''',
  `paid` enum('0','1') NOT NULL DEFAULT '0',
  `created` datetime NOT NULL,
  `modified` datetime NOT NULL,
  PRIMARY KEY (`id`)
) ENGINE=InnoDB DEFAULT CHARSET=utf8;


DROP TABLE IF EXISTS `applied_bids_documents`;
CREATE TABLE `applied_bids_documents` (
  `id` int(11) NOT NULL AUTO_INCREMENT,
  `applied_bid_id` int(11) NOT NULL,
  `document_id` int(11) NOT NULL,
  `document` varchar(255) NOT NULL,
  PRIMARY KEY (`id`)
) ENGINE=InnoDB DEFAULT CHARSET=utf8;


DROP TABLE IF EXISTS `awards`;
CREATE TABLE `awards` (
  `id` int(11) NOT NULL AUTO_INCREMENT,
  `bid_id` int(11) NOT NULL,
  `created` datetime NOT NULL,
  `modified` datetime NOT NULL,
  PRIMARY KEY (`id`)
) ENGINE=InnoDB DEFAULT CHARSET=utf8;


DROP TABLE IF EXISTS `bids`;
CREATE TABLE `bids` (
  `id` bigint(20) NOT NULL AUTO_INCREMENT,
  `name` varchar(255) NOT NULL,
  `amount` decimal(65,2) NOT NULL,
  `user_id` int(11) NOT NULL,
  `tender_id` int(11) NOT NULL,
  `created` datetime NOT NULL,
  `modified` datetime NOT NULL,
  PRIMARY KEY (`id`)
) ENGINE=InnoDB DEFAULT CHARSET=utf8;


DROP TABLE IF EXISTS `categories`;
CREATE TABLE `categories` (
  `id` int(11) NOT NULL AUTO_INCREMENT,
  `title` varchar(255) NOT NULL,
  `parent_id` int(255) NOT NULL,
  `type` varchar(255) NOT NULL DEFAULT '0' COMMENT '0 => Public, 1 => Private',
  `created` datetime NOT NULL,
  `modified` datetime NOT NULL,
  PRIMARY KEY (`id`)
) ENGINE=InnoDB DEFAULT CHARSET=utf8 COMMENT='saved parent & sub categories';

INSERT INTO `categories` (`id`, `title`, `parent_id`, `type`, `created`, `modified`) VALUES
(1,	'Type A/Outdoor Media Device on public Transport services/Street Furniture',	0,	'0',	'2016-12-27 16:06:14',	'2016-12-27 16:06:14'),
(2,	'Type B/Advertising Outdoor Media Device on Public Transport System',	0,	'0',	'2016-12-27 16:06:14',	'2016-12-27 16:06:14'),
(3,	'Type C/Advertising Outdoor Media Device on Commercial Advertising Structure on Public Land',	0,	'0',	'2016-12-27 16:06:14',	'2016-12-27 16:06:14'),
(4,	'Type D/Advertising Outdoor Media Device on Commercial Advertising Structure on Private Land',	0,	'1',	'2016-12-27 16:06:14',	'2016-12-27 16:06:14'),
(5,	'Type E/Events',	0,	'0,1',	'2016-12-27 16:06:14',	'2016-12-27 16:06:14'),
(6,	'Type F/Landscape Advertising',	0,	'0',	'2016-12-27 16:06:14',	'2016-12-27 16:06:14'),
(7,	'Type G/Shop Signage',	0,	'0,1',	'2016-12-27 16:06:14',	'2016-12-27 16:06:14'),
(8,	'Type H/Innovative Advertising',	0,	'0,1',	'2016-12-27 16:06:14',	'2016-12-27 16:06:14'),
(9,	'Type I/Cinema Advertising',	0,	'0,1',	'2016-12-27 16:06:14',	'2016-12-27 16:06:14'),
(10,	'Type J/Inside Commercial Buldings and public Buldings',	0,	'0',	'2016-12-27 16:06:14',	'2016-12-27 16:06:14'),
(11,	'Bus and IPT Shelters',	1,	'0',	'2016-12-27 16:08:08',	'2016-12-27 16:08:08'),
(12,	'Bus and IPT Route Markers',	1,	'0',	'2016-12-27 16:08:08',	'2016-12-27 16:08:08'),
(13,	'Foot over Bridges',	1,	'0',	'2016-12-27 16:08:08',	'2016-12-27 16:08:08'),
(14,	'Toilet Blocks, Urinals',	1,	'0',	'2016-12-27 16:08:08',	'2016-12-27 16:08:08'),
(15,	'Cycle Stations',	1,	'0',	'2016-12-27 16:08:08',	'2016-12-27 16:08:08'),
(16,	'Police Booth, Parking booth,Vending Kiosks,Drinking  water facility',	1,	'0',	'2016-12-27 16:08:08',	'2016-12-27 16:08:08'),
(17,	'Metro/MRTS',	2,	'0',	'2016-12-27 17:03:17',	'2016-12-27 17:03:17'),
(18,	'Traffic Barricading',	2,	'0',	'2016-12-27 17:03:17',	'2016-12-27 17:03:17'),
(19,	'Public Transport Vehicle',	2,	'0',	'2016-12-27 17:03:17',	'2016-12-27 17:03:17'),
(20,	'Hoarding',	3,	'0',	'2016-12-27 17:03:17',	'2016-12-27 17:03:17'),
(21,	'Wall Wraps',	3,	'0',	'2016-12-27 17:03:17',	'2016-12-27 17:03:17'),
(22,	'Billboards',	4,	'0',	'2016-12-27 17:03:17',	'2016-12-27 17:03:17'),
(23,	'Wall Wraps',	4,	'0',	'2016-12-27 17:03:17',	'2016-12-27 17:03:17'),
(24,	'Temporary Events',	5,	'0',	'2016-12-27 17:03:17',	'2016-12-27 17:03:17'),
(25,	'Tree Guards',	6,	'0',	'2016-12-27 17:03:17',	'2016-12-27 17:03:17'),
(26,	'Self Advertising',	7,	'0',	'2016-12-27 17:03:17',	'2016-12-27 17:03:17'),
(27,	'Innovative Advertising',	8,	'0',	'2016-12-27 17:03:17',	'2016-12-27 17:03:17'),
(28,	'In Cinema on screen Advertising including slides and advertisement flims',	9,	'0',	'2016-12-27 17:03:17',	'2016-12-27 17:03:17'),
(29,	'Inside Commercial Buldings and public Buldings',	10,	'0',	'2016-12-27 17:03:17',	'2016-12-27 17:03:17'),
(30,	'Unipoles',	4,	'0',	'2016-12-27 17:03:17',	'2016-12-27 17:03:17'),
(31,	'Building Boards',	4,	'0',	'2016-12-27 17:03:17',	'2016-12-27 17:03:17');

DROP TABLE IF EXISTS `category_fields`;
CREATE TABLE `category_fields` (
  `id` int(11) NOT NULL AUTO_INCREMENT,
  `category_id` int(255) NOT NULL,
  `field_id` int(255) NOT NULL,
  `sort_order` int(255) NOT NULL DEFAULT '0',
  `custom_validation` longtext NOT NULL COMMENT 'JSON Format. Eg: [{"minValue":10,"error":"error message here"},{"maxValue":50,"error":"error message here"}]',
  `custom_calculations` longtext NOT NULL COMMENT 'JSON Format. Eg: {"fields":["filedKey1","filedKey2"],"operation":"multiply"}',
  `custom_disable` enum('0','1') NOT NULL DEFAULT '0',
  PRIMARY KEY (`id`)
) ENGINE=InnoDB DEFAULT CHARSET=utf8;

INSERT INTO `category_fields` (`id`, `category_id`, `field_id`, `sort_order`, `custom_validation`, `custom_calculations`, `custom_disable`) VALUES
(1,	11,	1,	0,	'',	'',	'0'),
(2,	11,	2,	1,	'',	'',	'0'),
(3,	11,	3,	2,	'',	'',	'0'),
(4,	11,	4,	3,	'',	'',	'0'),
(5,	11,	5,	4,	'',	'',	'0'),
(6,	11,	6,	5,	'',	'',	'0'),
(7,	11,	7,	6,	'',	'',	'0'),
(8,	11,	8,	7,	'',	'',	'0'),
(9,	17,	9,	0,	' {\"depend\":{\"outside_metro\":{\"type\":\"radio\",\"value\":[\"No\"],\"message\":\"Please select one option\",\"default\":\"Yes\",\"fieldType\": \"radio\"}}} ',	'',	'0'),
(10,	17,	31,	2,	'{\"depend\":{\"inside_metro\":{\"type\":\"radio\",\"value\":[\"\"],\"message\":\"This field is required\",\"default\":\"Yes\",\"fieldType\": \"text\"}}}',	'',	'0'),
(11,	17,	40,	4,	'{\"depend\":{\"inside_metro\":{\"type\":\"radio\",\"value\":[\"\"],\"message\":\"This field is required\",\"default\":\"Yes\",\"fieldType\": \"text\"}}}',	'',	'0'),
(12,	17,	10,	1,	' {\"depend\":{\"inside_metro\":{\"type\":\"radio\",\"value\":[\"No\"],\"message\":\"Please select one option\",\"default\":\"Yes\",\"fieldType\": \"radio\"}}} ',	'',	'0'),
(13,	17,	32,	3,	'{\"depend\":{\"outside_metro\":{\"type\":\"radio\",\"value\":[\"\"],\"message\":\"This field is required\",\"default\":\"Yes\",\"fieldType\": \"text\"}}}',	'',	'0'),
(14,	17,	41,	5,	'{\"depend\":{\"outside_metro\":{\"type\":\"radio\",\"value\":[\"\"],\"message\":\"This field is required\",\"default\":\"Yes\",\"fieldType\": \"text\"}}}',	'',	'0'),
(15,	17,	4,	6,	'',	'',	'0'),
(16,	17,	5,	7,	'',	'',	'0'),
(17,	17,	3,	8,	'',	'',	'0'),
(18,	17,	7,	9,	'',	'',	'0'),
(19,	17,	8,	10,	'',	'',	'0'),
(20,	17,	6,	11,	'',	'',	'0'),
(21,	18,	11,	0,	'',	'',	'0'),
(22,	18,	12,	1,	'',	'',	'0'),
(23,	18,	4,	2,	'',	'',	'0'),
(24,	18,	5,	3,	'',	'',	'0'),
(25,	18,	3,	4,	'',	'',	'0'),
(26,	18,	8,	5,	'',	'',	'0'),
(27,	18,	6,	6,	'',	'',	'0'),
(28,	19,	13,	0,	'',	'',	'0'),
(29,	19,	14,	1,	'',	'',	'0'),
(30,	20,	15,	0,	'',	'',	'0'),
(32,	20,	17,	2,	'',	'',	'0'),
(33,	20,	18,	3,	'',	'',	'0'),
(34,	20,	12,	4,	'{\"operationalValidation\": { \"field\" : [\"total_facade_area\"], \"operator\" : \"*\",\"defaultValue\" : \"0.75\" ,\"unit\" : \"Facade\", \"oprand\" : \"greater\", \"title\": \"Total Advertising Space\" }}',	'{\"fields\":[\"omd_height\",\"omd_width\"],\"operation\":\"multiply\",\"defaultValue\" : \"1\"}',	'1'),
(35,	20,	4,	5,	'',	'',	'0'),
(36,	20,	5,	6,	'',	'',	'0'),
(37,	20,	3,	7,	'',	'',	'0'),
(38,	20,	7,	8,	'',	'',	'0'),
(39,	20,	6,	9,	'',	'',	'0'),
(40,	20,	8,	10,	'',	'',	'0'),
(41,	22,	15,	1,	'',	'',	'0'),
(43,	22,	17,	2,	'',	'',	'0'),
(44,	22,	18,	3,	'',	'',	'0'),
(45,	22,	12,	4,	'{\"operationalValidation\": { \"field\" : [\"total_facade_area\"], \"operator\" : \"*\",\"defaultValue\" : \"0.75\" ,\"unit\" : \"Facade\", \"oprand\" : \"greater\", \"title\": \"Total Advertising Space\" }}',	'{\"fields\":[\"omd_height\",\"omd_width\"],\"operation\":\"multiply\",\"defaultValue\" : \"1\"}',	'1'),
(46,	22,	4,	9,	'',	'',	'0'),
(47,	22,	5,	10,	'',	'',	'0'),
(48,	22,	3,	11,	'',	'',	'0'),
(49,	22,	7,	8,	'',	'',	'0'),
(51,	22,	19,	7,	'',	'{\"fields\":[\"omd_height\",\"omd_width\",\"omd_price\"],\"operation\":\"multiply\",\"defaultValue\" : \"12\"}',	'1'),
(52,	24,	20,	0,	'',	'',	'0'),
(53,	24,	21,	1,	'',	'',	'0'),
(54,	24,	22,	2,	' {\"depend\":{\"omd_no_others\":{\"type\":\"text\",\"value\":[],\"message\":\"Please select one option\",\"default\":\"\",\"fieldType\": \"text\"}}} ',	'',	'0'),
(55,	24,	23,	3,	' {\"depend\":{\"omd_no_venue\":{\"type\":\"text\",\"value\":[],\"message\":\"Please select one option\",\"default\":\"\",\"fieldType\": \"text\"}}} ',	'',	'0'),
(56,	24,	7,	4,	'',	'',	'0'),
(57,	24,	3,	5,	'',	'',	'0'),
(58,	25,	11,	0,	'',	'',	'0'),
(59,	25,	24,	1,	'',	'',	'0'),
(60,	25,	4,	2,	'',	'',	'0'),
(61,	25,	5,	3,	'',	'',	'0'),
(62,	25,	3,	4,	'',	'',	'0'),
(63,	25,	7,	5,	'',	'',	'0'),
(64,	25,	6,	6,	'',	'',	'0'),
(65,	25,	8,	7,	'',	'',	'0'),
(66,	26,	25,	0,	'',	'',	'0'),
(67,	27,	15,	0,	'',	'',	'0'),
(69,	27,	17,	2,	'',	'',	'0'),
(70,	27,	18,	3,	'',	'',	'0'),
(71,	27,	12,	4,	'{\"operationalValidation\": { \"field\" : [\"total_facade_area\"], \"operator\" : \"*\",\"defaultValue\" : \"0.75\" ,\"unit\" : \"Facade\", \"oprand\" : \"greater\", \"title\": \"Total Advertising Space\" }}',	'{\"fields\":[\"omd_height\",\"omd_width\"],\"operation\":\"multiply\",\"defaultValue\" : \"1\"}',	'1'),
(72,	27,	4,	5,	'',	'',	'0'),
(73,	27,	5,	6,	'',	'',	'0'),
(74,	27,	3,	7,	'',	'',	'0'),
(75,	27,	7,	8,	'',	'',	'0'),
(76,	27,	8,	9,	'',	'',	'0'),
(77,	27,	6,	10,	'',	'',	'0'),
(79,	28,	27,	1,	'',	'',	'0'),
(81,	28,	3,	7,	'',	'',	'0'),
(82,	28,	19,	3,	'',	'{\"fields\":[\"no_of_screens_applied\"],\"operation\":\"multiply\",\"defaultValue\" : \"300000\"}',	'1'),
(83,	29,	29,	0,	'',	'',	'0'),
(85,	29,	3,	6,	'',	'',	'0'),
(88,	12,	1,	0,	'',	'',	'0'),
(89,	12,	2,	1,	'',	'',	'0'),
(90,	12,	3,	2,	'',	'',	'0'),
(91,	12,	4,	3,	'',	'',	'0'),
(92,	12,	5,	4,	'',	'',	'0'),
(93,	12,	6,	5,	'',	'',	'0'),
(94,	12,	7,	6,	'',	'',	'0'),
(95,	12,	8,	7,	'',	'',	'0'),
(96,	13,	1,	0,	'',	'',	'0'),
(97,	13,	2,	1,	'',	'',	'0'),
(98,	13,	3,	2,	'',	'',	'0'),
(99,	13,	4,	3,	'',	'',	'0'),
(100,	13,	5,	4,	'',	'',	'0'),
(101,	13,	6,	5,	'',	'',	'0'),
(102,	13,	7,	6,	'',	'',	'0'),
(103,	13,	8,	7,	'',	'',	'0'),
(104,	14,	1,	0,	'',	'',	'0'),
(105,	14,	2,	1,	'',	'',	'0'),
(106,	14,	3,	2,	'',	'',	'0'),
(107,	14,	4,	3,	'',	'',	'0'),
(108,	14,	5,	4,	'',	'',	'0'),
(109,	14,	6,	5,	'',	'',	'0'),
(110,	14,	7,	6,	'',	'',	'0'),
(111,	14,	8,	7,	'',	'',	'0'),
(112,	15,	1,	0,	'',	'',	'0'),
(113,	15,	2,	1,	'',	'',	'0'),
(114,	15,	3,	2,	'',	'',	'0'),
(115,	15,	4,	3,	'',	'',	'0'),
(116,	15,	5,	4,	'',	'',	'0'),
(117,	15,	6,	5,	'',	'',	'0'),
(118,	15,	7,	6,	'',	'',	'0'),
(119,	15,	8,	7,	'',	'',	'0'),
(120,	16,	1,	0,	'',	'',	'0'),
(121,	16,	2,	1,	'',	'',	'0'),
(122,	16,	3,	2,	'',	'',	'0'),
(123,	16,	4,	3,	'',	'',	'0'),
(124,	16,	5,	4,	'',	'',	'0'),
(125,	16,	6,	5,	'',	'',	'0'),
(126,	16,	7,	6,	'',	'',	'0'),
(127,	16,	8,	7,	'',	'',	'0'),
(128,	21,	15,	0,	'',	'',	'0'),
(130,	21,	17,	2,	'',	'',	'0'),
(131,	21,	18,	3,	'',	'',	'0'),
(132,	21,	12,	4,	'{\"operationalValidation\": { \"field\" : [\"total_facade_area\"], \"operator\" : \"*\",\"defaultValue\" : \"0.75\" ,\"unit\" : \"Facade\", \"oprand\" : \"greater\", \"title\": \"Total Advertising Space\" }}',	'{\"fields\":[\"omd_height\",\"omd_width\"],\"operation\":\"multiply\",\"defaultValue\" : \"1\"}',	'1'),
(133,	21,	4,	5,	'',	'',	'0'),
(134,	21,	5,	6,	'',	'',	'0'),
(135,	21,	3,	7,	'',	'',	'0'),
(136,	21,	7,	8,	'',	'',	'0'),
(137,	21,	6,	9,	'',	'',	'0'),
(138,	21,	8,	10,	'',	'',	'0'),
(139,	23,	15,	1,	'',	'',	'0'),
(141,	23,	17,	2,	'',	'',	'0'),
(142,	23,	18,	3,	'',	'',	'0'),
(143,	23,	12,	4,	'{\"operationalValidation\": { \"field\" : [\"total_facade_area\"], \"operator\" : \"*\",\"defaultValue\" : \"0.75\" ,\"unit\" : \"Facade\", \"oprand\" : \"greater\", \"title\": \"Total Advertising Space\" }}',	'{\"fields\":[\"omd_height\",\"omd_width\"],\"operation\":\"multiply\",\"defaultValue\" : \"1\"}',	'1'),
(144,	23,	4,	9,	'',	'',	'0'),
(145,	23,	5,	10,	'',	'',	'0'),
(146,	23,	3,	11,	'',	'',	'0'),
(147,	23,	7,	8,	'',	'',	'0'),
(149,	23,	19,	7,	'',	'{\"fields\":[\"omd_height\",\"omd_width\",\"omd_price\"],\"operation\":\"multiply\",\"defaultValue\" : \"12\"}',	'1'),
(150,	11,	33,	8,	'',	'',	'0'),
(151,	11,	34,	9,	'',	'',	'0'),
(152,	11,	35,	10,	'',	'',	'0'),
(153,	11,	36,	11,	'',	'',	'0'),
(154,	11,	37,	12,	'',	'',	'0'),
(157,	12,	33,	8,	'',	'',	'0'),
(158,	12,	34,	9,	'',	'',	'0'),
(159,	12,	35,	10,	'',	'',	'0'),
(160,	12,	36,	11,	'',	'',	'0'),
(161,	12,	37,	12,	'',	'',	'0'),
(164,	13,	33,	8,	'',	'',	'0'),
(165,	13,	34,	9,	'',	'',	'0'),
(166,	13,	35,	10,	'',	'',	'0'),
(167,	13,	36,	11,	'',	'',	'0'),
(168,	13,	37,	12,	'',	'',	'0'),
(171,	14,	33,	8,	'',	'',	'0'),
(172,	14,	34,	9,	'',	'',	'0'),
(173,	14,	35,	10,	'',	'',	'0'),
(174,	14,	36,	11,	'',	'',	'0'),
(175,	14,	37,	12,	'',	'',	'0'),
(178,	15,	33,	8,	'',	'',	'0'),
(179,	15,	34,	9,	'',	'',	'0'),
(180,	15,	35,	10,	'',	'',	'0'),
(181,	15,	36,	11,	'',	'',	'0'),
(182,	15,	37,	12,	'',	'',	'0'),
(185,	16,	33,	8,	'',	'',	'0'),
(186,	16,	34,	9,	'',	'',	'0'),
(187,	16,	35,	10,	'',	'',	'0'),
(188,	16,	36,	11,	'',	'',	'0'),
(189,	16,	37,	12,	'',	'',	'0'),
(192,	17,	33,	12,	'',	'',	'0'),
(193,	17,	34,	13,	'',	'',	'0'),
(194,	17,	35,	14,	'',	'',	'0'),
(195,	17,	36,	15,	'',	'',	'0'),
(196,	17,	37,	16,	'',	'',	'0'),
(199,	18,	33,	7,	'',	'',	'0'),
(200,	18,	34,	8,	'',	'',	'0'),
(201,	18,	35,	9,	'',	'',	'0'),
(202,	18,	36,	10,	'',	'',	'0'),
(203,	18,	37,	11,	'',	'',	'0'),
(206,	19,	33,	2,	'',	'',	'0'),
(207,	19,	34,	3,	'',	'',	'0'),
(208,	19,	35,	4,	'',	'',	'0'),
(209,	19,	36,	5,	'',	'',	'0'),
(210,	19,	37,	6,	'',	'',	'0'),
(213,	20,	33,	11,	'',	'',	'0'),
(214,	20,	34,	12,	'',	'',	'0'),
(215,	20,	35,	13,	'',	'',	'0'),
(216,	20,	36,	14,	'',	'',	'0'),
(217,	20,	37,	15,	'',	'',	'0'),
(220,	21,	33,	11,	'',	'',	'0'),
(221,	21,	34,	12,	'',	'',	'0'),
(222,	21,	35,	13,	'',	'',	'0'),
(223,	21,	36,	14,	'',	'',	'0'),
(224,	21,	37,	15,	'',	'',	'0'),
(227,	22,	33,	12,	'',	'',	'0'),
(228,	22,	34,	13,	'',	'',	'0'),
(229,	22,	35,	14,	'',	'',	'0'),
(230,	22,	36,	15,	'',	'',	'0'),
(231,	22,	37,	16,	'',	'',	'0'),
(234,	23,	33,	12,	'',	'',	'0'),
(235,	23,	34,	13,	'',	'',	'0'),
(236,	23,	35,	14,	'',	'',	'0'),
(237,	23,	36,	15,	'',	'',	'0'),
(238,	23,	37,	16,	'',	'',	'0'),
(241,	24,	33,	6,	'',	'',	'0'),
(242,	24,	34,	7,	'',	'',	'0'),
(243,	24,	35,	8,	'',	'',	'0'),
(244,	24,	36,	9,	'',	'',	'0'),
(245,	24,	37,	10,	'',	'',	'0'),
(248,	25,	33,	8,	'',	'',	'0'),
(249,	25,	34,	9,	'',	'',	'0'),
(250,	25,	35,	10,	'',	'',	'0'),
(251,	25,	36,	11,	'',	'',	'0'),
(252,	25,	37,	12,	'',	'',	'0'),
(255,	26,	33,	1,	'',	'',	'0'),
(256,	26,	34,	2,	'',	'',	'0'),
(257,	26,	35,	3,	'',	'',	'0'),
(258,	26,	36,	4,	'',	'',	'0'),
(259,	26,	37,	5,	'',	'',	'0'),
(262,	27,	33,	11,	'',	'',	'0'),
(263,	27,	34,	12,	'',	'',	'0'),
(264,	27,	35,	13,	'',	'',	'0'),
(265,	27,	36,	14,	'',	'',	'0'),
(266,	27,	37,	15,	'',	'',	'0'),
(267,	30,	15,	1,	'',	'',	'0'),
(268,	30,	17,	2,	'',	'',	''),
(269,	30,	18,	3,	'',	'',	''),
(270,	30,	12,	4,	'{\"operationalValidation\": { \"field\" : [\"total_facade_area\"], \"operator\" : \"*\",\"defaultValue\" : \"0.75\" ,\"unit\" : \"Facade\", \"oprand\" : \"greater\", \"title\": \"Total Advertising Space\" }}',	'{\"fields\":[\"omd_height\",\"omd_width\"],\"operation\":\"multiply\",\"defaultValue\" : \"1\"}',	'1'),
(271,	30,	4,	9,	'',	'',	''),
(272,	30,	5,	10,	'',	'',	''),
(273,	30,	3,	11,	'',	'',	''),
(274,	30,	7,	8,	'',	'',	''),
(276,	30,	19,	7,	'',	'{\"fields\":[\"omd_height\",\"omd_width\",\"omd_price\"],\"operation\":\"multiply\",\"defaultValue\" : \"12\"}',	'1'),
(277,	30,	33,	12,	'',	'',	''),
(278,	30,	34,	13,	'',	'',	''),
(279,	30,	35,	14,	'',	'',	''),
(280,	30,	36,	15,	'',	'',	''),
(281,	30,	37,	16,	'',	'',	'0'),
(282,	31,	15,	1,	'',	'',	'0'),
(283,	31,	17,	2,	'',	'',	''),
(284,	31,	18,	3,	'',	'',	''),
(285,	31,	12,	4,	'{\"operationalValidation\": { \"field\" : [\"total_facade_area\"], \"operator\" : \"*\",\"defaultValue\" : \"0.75\" ,\"unit\" : \"Facade\", \"oprand\" : \"greater\", \"title\": \"Total Advertising Space\" }}',	'{\"fields\":[\"omd_height\",\"omd_width\"],\"operation\":\"multiply\",\"defaultValue\" : \"1\"}',	'1'),
(286,	31,	4,	9,	'',	'',	''),
(287,	31,	5,	10,	'',	'',	''),
(288,	31,	3,	11,	'',	'',	''),
(289,	31,	7,	8,	'',	'',	''),
(291,	31,	19,	7,	'',	'{\"fields\":[\"omd_height\",\"omd_width\",\"omd_price\"],\"operation\":\"multiply\",\"defaultValue\" : \"12\"}',	'1'),
(292,	31,	33,	12,	'',	'',	''),
(293,	31,	34,	13,	'',	'',	''),
(294,	31,	35,	14,	'',	'',	'0'),
(295,	31,	36,	15,	'',	'',	''),
(296,	31,	37,	16,	'',	'',	'0'),
(297,	29,	4,	4,	'',	'',	'0'),
(298,	29,	5,	5,	'',	'',	'0'),
(299,	22,	60,	0,	'',	'',	'0'),
(300,	30,	60,	0,	'',	'',	'0'),
(301,	31,	60,	0,	'',	'',	'0'),
(302,	23,	62,	0,	'',	'',	'0'),
(303,	22,	63,	6,	'',	'{\"fields\":[\"omd_type_list\"],\"operation\":\"onSelect\",\"options\":{\"Small Portraits\":\"3200\",\"Posters\":\"3750\",\"Super 8’s\":\"3750\",\"Portraits\":\"4300\",\"Supersites\":\"4800\",\"Spectacular\":\"4800\"},\"defaultValue\" : \"\"}',	'0'),
(304,	23,	63,	6,	'',	'{\"fields\":[\"omd_type_wall\"],\"operation\":\"onSelect\",\"options\":{\"Wall Wrap\":\"2700\"},\"defaultValue\" : \"\"}',	'0'),
(305,	30,	63,	6,	'',	'{\"fields\":[\"omd_type_list\"],\"operation\":\"onSelect\",\"options\":{\"Small Portraits\":\"3200\",\"Posters\":\"3750\",\"Super 8’s\":\"3750\",\"Portraits\":\"4300\",\"Supersites\":\"4800\",\"Spectacular\":\"4800\"},\"defaultValue\" : \"\"}',	'0'),
(306,	31,	63,	6,	'',	'{\"fields\":[\"omd_type_list\"],\"operation\":\"onSelect\",\"options\":{\"Small Portraits\":\"3200\",\"Posters\":\"3750\",\"Super 8’s\":\"3750\",\"Portraits\":\"4300\",\"Supersites\":\"4800\",\"Spectacular\":\"4800\"},\"defaultValue\" : \"\"}',	'0'),
(307,	22,	61,	5,	'',	'',	'0'),
(308,	23,	61,	5,	'',	'',	'0'),
(309,	30,	61,	5,	'',	'',	'0'),
(310,	31,	61,	5,	'',	'',	'0'),
(311,	29,	19,	3,	'',	'',	'1'),
(312,	22,	64,	17,	'',	'',	'0'),
(313,	23,	64,	17,	'',	'',	'0'),
(314,	30,	64,	17,	'',	'',	'0'),
(315,	31,	64,	17,	'',	'',	'0'),
(316,	29,	36,	7,	'',	'',	'0'),
(317,	29,	64,	8,	'',	'',	'0'),
(318,	22,	30,	8,	'',	'',	'0'),
(319,	23,	30,	8,	'',	'',	'0'),
(320,	30,	30,	8,	'',	'',	'0'),
(321,	31,	30,	8,	'',	'',	'0'),
(322,	29,	30,	3,	'',	'',	'0'),
(323,	29,	33,	9,	'',	'',	'0'),
(324,	29,	34,	10,	'',	'',	'0'),
(325,	29,	35,	11,	'',	'',	'0'),
(326,	29,	37,	12,	'',	'',	'0'),
(327,	28,	30,	4,	'',	'',	'0'),
(328,	28,	4,	5,	'',	'',	'0'),
(329,	28,	5,	6,	'',	'',	'0'),
(330,	28,	33,	8,	'',	'',	'0');

DROP TABLE IF EXISTS `companies`;
CREATE TABLE `companies` (
  `id` int(11) NOT NULL AUTO_INCREMENT,
  `company_name` varchar(255) NOT NULL,
  `company_code` varchar(255) NOT NULL COMMENT 'Should be unique',
  `representative_id` int(11) NOT NULL,
  `pan_number` varchar(255) NOT NULL COMMENT 'used as unique identifier while register',
  `tin_number` varchar(255) DEFAULT NULL,
  `service_tax_number` varchar(255) DEFAULT NULL,
  `incorporation_date` datetime NOT NULL,
  `security_qus_id` int(255) NOT NULL,
  `answer` varchar(255) NOT NULL,
  `reg_fee` double(10,2) NOT NULL,
  `paid` enum('0','1') NOT NULL DEFAULT '0' COMMENT 'used to track payment status',
  `status` enum('0','1') NOT NULL DEFAULT '0' COMMENT 'used to track active/blocked record',
  `created` datetime NOT NULL,
  `modified` datetime NOT NULL,
  PRIMARY KEY (`id`)
) ENGINE=InnoDB DEFAULT CHARSET=utf8;

INSERT INTO `companies` (`id`, `company_name`, `company_code`, `representative_id`, `pan_number`, `tin_number`, `service_tax_number`, `incorporation_date`, `security_qus_id`, `answer`, `reg_fee`, `paid`, `status`, `created`, `modified`) VALUES
(1,	'Signity',	'COMP-1',	1,	'aopjncj',	'',	'',	'2017-01-03 00:00:00',	0,	'',	0.00,	'0',	'0',	'2017-01-02 17:55:57',	'2017-01-02 17:55:57'),
(2,	'Signity',	'COMP-2',	1,	'aopjncj',	'',	'',	'2017-01-04 00:00:00',	0,	'',	0.00,	'0',	'0',	'2017-01-02 18:30:00',	'2017-01-02 18:30:00'),
(3,	'Signity',	'COMP-3',	1,	'1234',	'',	'',	'2017-01-10 00:00:00',	0,	'',	0.00,	'0',	'0',	'2017-01-10 11:41:43',	'2017-01-10 11:41:43'),
(4,	'Test Company',	'COMP-4',	5,	'abce8142',	'ddf51d411',	'5121814',	'2017-01-10 00:00:00',	0,	'',	0.00,	'0',	'0',	'2017-01-19 17:34:59',	'2017-01-19 17:34:59'),
(5,	'Demo Company',	'COMP-5',	4,	'aopjncj',	'ddf51d411',	'5121814',	'2016-10-01 00:00:00',	0,	'',	0.00,	'0',	'0',	'2017-01-20 12:27:50',	'2017-01-20 12:27:50');

DROP TABLE IF EXISTS `company_devices`;
CREATE TABLE `company_devices` (
  `id` int(11) NOT NULL AUTO_INCREMENT,
  `device_name` varchar(255) NOT NULL,
  `user_id` int(11) NOT NULL,
  `company_code` varchar(255) NOT NULL COMMENT 'belongs to company',
  `category_id` int(255) NOT NULL,
  `sub_category_id` int(255) NOT NULL,
  `devive_type` enum('0','1') NOT NULL DEFAULT '0' COMMENT '0 => Public, 1 => Private',
  `paid` enum('0','1') NOT NULL DEFAULT '0',
  `fee` double(10,2) NOT NULL,
  `by_admin` int(255) NOT NULL DEFAULT '0',
  `status` enum('under process','approved','rejected','resubmit','document requested') NOT NULL DEFAULT 'under process',
  `created` datetime NOT NULL,
  `modified` datetime NOT NULL,
  PRIMARY KEY (`id`)
) ENGINE=InnoDB DEFAULT CHARSET=utf8 COMMENT='Company''s devices';

INSERT INTO `company_devices` (`id`, `device_name`, `user_id`, `company_code`, `category_id`, `sub_category_id`, `devive_type`, `paid`, `fee`, `by_admin`, `status`, `created`, `modified`) VALUES
(1,	'',	46,	'',	5,	24,	'0',	'1',	0.00,	0,	'under process',	'2017-06-23 12:12:36',	'2017-06-23 12:12:36'),
(2,	'',	47,	'',	3,	21,	'0',	'0',	0.00,	0,	'under process',	'2017-06-23 13:37:29',	'2017-06-23 13:37:29'),
(3,	'',	47,	'',	4,	31,	'0',	'0',	0.00,	0,	'under process',	'2017-06-23 18:45:07',	'2017-06-23 18:45:07'),
(4,	'',	50,	'',	10,	29,	'0',	'0',	0.00,	0,	'under process',	'2017-07-06 13:14:00',	'2017-07-06 13:14:00'),
(5,	'',	47,	'',	10,	29,	'0',	'0',	0.00,	0,	'under process',	'2017-07-07 11:50:06',	'2017-07-07 11:50:06'),
(6,	'',	50,	'',	10,	29,	'0',	'0',	0.00,	0,	'under process',	'2017-08-02 17:30:28',	'2017-08-02 17:30:28'),
(7,	'',	83,	'',	10,	29,	'0',	'0',	0.00,	0,	'under process',	'2017-08-17 18:03:54',	'2017-08-17 18:03:54'),
(8,	'',	83,	'',	10,	29,	'0',	'0',	0.00,	0,	'under process',	'2017-08-18 09:51:53',	'2017-08-18 09:51:53'),
(9,	'',	83,	'',	10,	29,	'0',	'1',	0.00,	0,	'under process',	'2017-08-18 10:20:46',	'2017-08-18 10:20:46'),
(10,	'',	83,	'',	10,	29,	'0',	'1',	0.00,	0,	'under process',	'2017-08-18 10:32:15',	'2017-08-18 10:32:15'),
(11,	'',	83,	'',	4,	30,	'0',	'1',	0.00,	0,	'under process',	'2017-08-18 10:56:23',	'2017-08-18 10:56:23'),
(12,	'',	83,	'',	4,	30,	'0',	'1',	0.00,	0,	'under process',	'2017-08-18 11:04:00',	'2017-08-18 11:04:00'),
(13,	'',	83,	'',	4,	30,	'0',	'1',	0.00,	0,	'under process',	'2017-08-18 11:16:50',	'2017-08-18 11:16:50'),
(14,	'',	83,	'',	4,	30,	'0',	'1',	0.00,	0,	'under process',	'2017-08-18 11:23:51',	'2017-08-18 11:23:51'),
(15,	'',	83,	'',	10,	29,	'0',	'1',	0.00,	0,	'under process',	'2017-08-18 11:35:43',	'2017-08-18 11:35:43'),
(16,	'',	74,	'',	4,	23,	'0',	'0',	0.00,	0,	'under process',	'2017-08-23 16:26:05',	'2017-08-23 16:26:05'),
(17,	'',	74,	'',	4,	23,	'0',	'1',	0.00,	0,	'under process',	'2017-08-28 12:27:48',	'2017-08-28 12:27:48'),
(18,	'',	74,	'',	4,	23,	'0',	'1',	0.00,	0,	'under process',	'2017-08-28 13:05:36',	'2017-08-28 13:05:36'),
(19,	'',	79,	'',	4,	23,	'0',	'0',	0.00,	0,	'under process',	'2017-08-28 16:28:49',	'2017-08-28 16:28:49'),
(20,	'',	79,	'',	4,	23,	'0',	'0',	0.00,	0,	'under process',	'2017-08-29 13:01:26',	'2017-08-29 13:01:26'),
(21,	'',	79,	'',	4,	23,	'0',	'1',	0.00,	0,	'under process',	'2017-08-29 13:17:09',	'2017-08-29 13:17:09'),
(22,	'',	79,	'',	4,	23,	'0',	'0',	0.00,	0,	'under process',	'2017-08-29 13:43:03',	'2017-08-29 13:43:03'),
(23,	'',	79,	'',	4,	23,	'0',	'0',	0.00,	0,	'under process',	'2017-08-29 14:03:54',	'2017-08-29 14:03:54'),
(24,	'',	79,	'',	4,	23,	'0',	'0',	0.00,	0,	'under process',	'2017-08-29 14:17:14',	'2017-08-29 14:17:14'),
(25,	'',	79,	'',	4,	23,	'0',	'0',	0.00,	0,	'under process',	'2017-08-29 14:21:29',	'2017-08-29 14:21:29'),
(26,	'',	79,	'',	4,	23,	'0',	'1',	0.00,	0,	'under process',	'2017-08-29 14:39:31',	'2017-08-29 14:39:31'),
(27,	'',	103,	'',	4,	23,	'0',	'0',	0.00,	0,	'under process',	'2017-09-05 12:46:04',	'2017-09-05 12:46:04'),
(28,	'',	103,	'',	4,	31,	'0',	'0',	0.00,	0,	'under process',	'2017-09-05 13:17:30',	'2017-09-05 13:17:30'),
(29,	'',	103,	'',	4,	23,	'0',	'0',	0.00,	0,	'under process',	'2017-09-06 14:35:05',	'2017-09-06 14:35:05'),
(30,	'',	103,	'',	4,	23,	'0',	'0',	0.00,	0,	'under process',	'2017-09-06 14:47:35',	'2017-09-06 14:47:35'),
(31,	'',	103,	'',	4,	23,	'0',	'0',	0.00,	0,	'under process',	'2017-09-06 14:52:32',	'2017-09-06 14:52:32'),
(32,	'',	103,	'',	4,	23,	'0',	'0',	0.00,	0,	'under process',	'2017-09-06 14:57:14',	'2017-09-06 14:57:14'),
(33,	'',	103,	'',	4,	23,	'0',	'0',	0.00,	0,	'under process',	'2017-09-07 13:53:06',	'2017-09-07 13:53:06'),
(34,	'',	103,	'',	4,	23,	'0',	'0',	0.00,	0,	'under process',	'2017-09-07 13:59:25',	'2017-09-07 13:59:25'),
(35,	'',	103,	'',	4,	23,	'0',	'1',	0.00,	0,	'under process',	'2017-09-07 15:19:45',	'2017-09-07 15:19:45'),
(36,	'',	56,	'',	10,	29,	'0',	'1',	0.00,	0,	'under process',	'2017-09-08 18:23:15',	'2017-09-08 18:23:15'),
(37,	'',	56,	'',	10,	29,	'0',	'1',	0.00,	0,	'under process',	'2017-09-13 01:21:50',	'2017-09-13 01:21:50');

DROP TABLE IF EXISTS `company_device_fields`;
CREATE TABLE `company_device_fields` (
  `id` int(11) NOT NULL AUTO_INCREMENT,
  `company_device_id` varchar(255) NOT NULL,
  `field_key` varchar(255) NOT NULL,
  `input_value` longtext NOT NULL,
  PRIMARY KEY (`id`)
) ENGINE=InnoDB DEFAULT CHARSET=utf8 COMMENT='saved values of company devices input fields';

INSERT INTO `company_device_fields` (`id`, `company_device_id`, `field_key`, `input_value`) VALUES
(1,	'1',	'venue_location',	'dff'),
(2,	'1',	'event_duration',	'2'),
(3,	'1',	'omd_no_venue',	'2'),
(4,	'1',	'omd_no_venue_size_1',	'12'),
(5,	'1',	'omd_no_venue_size_2',	'12'),
(6,	'1',	'omd_no_others',	'2'),
(7,	'1',	'omd_no_others_size_1',	'2'),
(8,	'1',	'omd_no_others_size_2',	'2'),
(9,	'1',	'lighting',	'Yes'),
(10,	'1',	'location',	'3/56, Gali Number 3, Shivaji Nagar, Sector 11, Gurugram, Haryana 122001, India'),
(11,	'1',	'propert_tax_receipt',	'1498200156_YHa9i8IxzJt5QgS1clHs.png'),
(12,	'1',	'site_drawings',	'1498200156_WdHiXkfHtISAShdNUpuK.png'),
(13,	'1',	'site_specifications',	'1498200156_ip37uaWc0mZB5EE3OiRN.png'),
(14,	'1',	'structural_engineer_certificate',	'1498200156_HJcmQ1HgvllrscZVEfqr.png'),
(15,	'1',	'architectural_drawing',	'1498200156_ORqGw0wS0Mm4L0fnQgT1.png'),
(16,	'2',	'total_facade_area',	'3'),
(17,	'2',	'omd_height',	'1'),
(18,	'2',	'omd_width',	'1'),
(19,	'2',	'total_advertising_space',	'1'),
(20,	'2',	'lat',	'12.24'),
(21,	'2',	'lng',	'42.34'),
(22,	'2',	'location',	'gurugram'),
(23,	'2',	'lighting',	'Yes'),
(24,	'2',	'concession_fees',	'1'),
(25,	'2',	'material_specification',	'test'),
(26,	'2',	'propert_tax_receipt',	'1498205249_VUAUz72yRP6MMKdbpdck.jpg'),
(27,	'2',	'site_drawings',	'1498205249_sBvd3o1b7ReezFaxOHKh.jpg'),
(28,	'2',	'site_specifications',	'1498205249_rJ2sVUPO1ibuFvBMhPWg.jpg'),
(29,	'2',	'structural_engineer_certificate',	'1498205249_4zaSdpVfK9RNOL2Haj0J.png'),
(30,	'2',	'architectural_drawing',	'1498205249_Gk7CAmu0jthWE3ME0VJK.jpg'),
(31,	'3',	'total_facade_area',	'20'),
(32,	'3',	'omd_height',	'20'),
(33,	'3',	'omd_width',	'40'),
(34,	'3',	'total_advertising_space',	'8'),
(35,	'3',	'lat',	'28.467484060916796'),
(36,	'3',	'lng',	'77.0306396484375'),
(37,	'3',	'location',	'244, Block B, Acharya Puri, Sector 12, Gurugram, Haryana 122022, India'),
(38,	'3',	'lighting',	'Yes'),
(39,	'3',	'material_specification',	'sss'),
(40,	'3',	'annual_license_fees',	'22'),
(41,	'3',	'propert_tax_receipt',	'1498223707_j83lpUfe5ahPqrTXZbzx.png'),
(42,	'3',	'site_drawings',	'1498223707_Ga5c43d3ZT65RlYFPoWO.png'),
(43,	'3',	'site_specifications',	'1498223707_phjIYEwSmiELdL22idNl.png'),
(44,	'3',	'structural_engineer_certificate',	'1498223707_dtwO47wcmemFoKenY04M.png'),
(45,	'3',	'architectural_drawing',	'1498223707_pyJJrDbsurceyOeaa2cI.png'),
(46,	'4',	'building_type',	'OMDS installed under one roof'),
(47,	'4',	'total_advertising_space',	'1000'),
(48,	'4',	'licence_fee',	'430'),
(49,	'4',	'lat',	'28.465280822559603'),
(50,	'4',	'lng',	'77.03990936279297'),
(51,	'4',	'location',	'508/12, Sector 15 Part 2, Sector 15, Gurugram, Haryana 122022, India'),
(52,	'5',	'building_type',	'OMDS installed under one roof'),
(53,	'5',	'total_advertising_space',	'1200'),
(54,	'5',	'licence_fee',	'430'),
(55,	'5',	'lat',	'12.006'),
(56,	'5',	'lng',	'12.666'),
(57,	'5',	'location',	'ambi'),
(58,	'6',	'building_type',	'OMDS installed under one roof, OMDs installed within premises but in open courtyard'),
(59,	'6',	'annual_license_fees',	'221880'),
(60,	'6',	'zone',	'Zone1'),
(61,	'6',	'lat',	'12'),
(62,	'6',	'lng',	'33'),
(63,	'6',	'location',	'ambience mall'),
(64,	'6',	'structural_engineer_certificate',	'1501675228_q6gJtm0BvnpzlU7AOIqn.jpg'),
(65,	'6',	'site_owner_agency_agreement',	'1501675228_ExGFK7iTbpduwu9CMlGA.jpg'),
(66,	'6',	'propert_tax_receipt',	'1501675228_jJzGitXUNAh5tfpVx8HF.jpg'),
(67,	'6',	'site_drawings',	'1501675228_5gGvILQO6BxeQVax1SRt.jpg'),
(68,	'6',	'site_specifications',	'1501675228_JtGqlMK6pw669sMEn46f.jpg'),
(69,	'6',	'architectural_drawing',	'1501675228_PhknMbQqQp7ERQrlLSLe.jpg'),
(70,	'6',	'total_advertising_space',	'40'),
(71,	'6',	'omd_one_roof',	'{\"licence_fees\":\"430\",\"area\":\"34\",\"annual_fees\":\"175440\",\"data\":[{\"type\":\"Unipole\",\"height\":\"5\",\"width\":\"5\",\"area\":\"25\"},{\"type\":\"Wall Wrap\",\"height\":\"3\",\"width\":\"3\",\"area\":\"9\"}]}'),
(72,	'6',	'omd_premises',	'{\"licence_fees\":\"645\",\"area\":\"6\",\"annual_fees\":\"46440\",\"data\":[{\"type\":\"Wall Wrap\",\"height\":\"2\",\"width\":\"3\",\"area\":\"6\"}]}'),
(73,	'7',	'building_type',	'OMDs installed within premises but in open courtyard'),
(74,	'7',	'annual_license_fees',	'1265712.9119999995'),
(75,	'7',	'zone',	'Zone3'),
(76,	'7',	'lat',	' 28.496314'),
(77,	'7',	'lng',	' 77.089194'),
(78,	'7',	'location',	'DLF CYBER HUB'),
(79,	'7',	'structural_engineer_certificate',	'1502973234_D9GKvZUkbZKFS5crWqyi.pdf'),
(80,	'7',	'site_owner_agency_agreement',	'1502973234_oEps6O30jxbEbOHI53zk.pdf'),
(81,	'7',	'propert_tax_receipt',	'1502973234_9OGiKZCIPF8SfoluomyE.jpg'),
(82,	'7',	'site_drawings',	'1502973234_5VyQ08ldUL4kueoNogM8.pdf'),
(83,	'7',	'site_specifications',	'1502973234_fnVO6b6aeJleAunF1Cfw.pdf'),
(84,	'7',	'architectural_drawing',	'1502973234_uRsr9MBeXLpIoi09YcoI.pdf'),
(85,	'7',	'total_advertising_space',	'163.5288'),
(86,	'7',	'omd_premises',	'{\"licence_fees\":\"645\",\"area\":\"163.52879999999996\",\"annual_fees\":\"1265712.9119999995\",\"data\":[{\"type\":\"Unipole\",\"height\":\"3.05\",\"width\":\"6.10\",\"area\":\"18.604999999999997\"},{\"type\":\"Unipole\",\"height\":\"3.05\",\"width\":\"6.10\",\"area\":\"18.604999999999997\"},{\"type\":\"Unipole\",\"height\":\"3.05\",\"width\":\"6.10\",\"area\":\"18.604999999999997\"},{\"type\":\"Others\",\"height\":\"1.83\",\"width\":\"11.89\",\"area\":\"21.7587\"},{\"type\":\"Others\",\"height\":\"1.83\",\"width\":\"9.15\",\"area\":\"16.744500000000002\"},{\"type\":\"Others\",\"height\":\"1.83\",\"width\":\"9.15\",\"area\":\"16.744500000000002\"},{\"type\":\"Others\",\"height\":\"1.83\",\"width\":\"9.15\",\"area\":\"16.744500000000002\"},{\"type\":\"Others\",\"height\":\"2.44\",\"width\":\"4.88\",\"area\":\"11.9072\"},{\"type\":\"Others\",\"height\":\"2.44\",\"width\":\"4.88\",\"area\":\"11.9072\"},{\"type\":\"Others\",\"height\":\"2.44\",\"width\":\"4.88\",\"area\":\"11.9072\"}]}'),
(87,	'8',	'building_type',	'OMDs installed within premises but in open courtyard'),
(88,	'8',	'annual_license_fees',	'1265712.9119999995'),
(89,	'8',	'zone',	'Zone3'),
(90,	'8',	'lat',	' 28.496314'),
(91,	'8',	'lng',	' 77.089194'),
(92,	'8',	'location',	'DLF Cyber Hub'),
(93,	'8',	'structural_engineer_certificate',	'1503030114_CYE7CMMi27Jns66hMQs1.pdf'),
(94,	'8',	'site_owner_agency_agreement',	'1503030114_aoIkOWxP0ayqxVb1ubfG.pdf'),
(95,	'8',	'propert_tax_receipt',	'1503030114_JmXZjNrhwXDzqHg7pge0.jpg'),
(96,	'8',	'site_drawings',	'1503030114_euQ5EQavOF7YuivqqtzR.pdf'),
(97,	'8',	'site_specifications',	'1503030114_KJk708eonWlkTSMpccrj.pdf'),
(98,	'8',	'architectural_drawing',	'1503030114_zxJoODvtFMJswkgJUV5Z.pdf'),
(99,	'8',	'total_advertising_space',	'163.5288'),
(100,	'8',	'omd_premises',	'{\"licence_fees\":\"645\",\"area\":\"163.52879999999996\",\"annual_fees\":\"1265712.9119999995\",\"data\":[{\"type\":\"Unipole\",\"height\":\"3.05\",\"width\":\"6.10\",\"area\":\"18.604999999999997\"},{\"type\":\"Unipole\",\"height\":\"3.05\",\"width\":\"6.10\",\"area\":\"18.604999999999997\"},{\"type\":\"Unipole\",\"height\":\"3.05\",\"width\":\"6.10\",\"area\":\"18.604999999999997\"},{\"type\":\"Others\",\"height\":\"1.83\",\"width\":\"11.89\",\"area\":\"21.7587\"},{\"type\":\"Others\",\"height\":\"1.83\",\"width\":\"9.15\",\"area\":\"16.744500000000002\"},{\"type\":\"Others\",\"height\":\"1.83\",\"width\":\"9.15\",\"area\":\"16.744500000000002\"},{\"type\":\"Others\",\"height\":\"1.83\",\"width\":\"9.15\",\"area\":\"16.744500000000002\"},{\"type\":\"Unipole\",\"height\":\"2.44\",\"width\":\"4.88\",\"area\":\"11.9072\"},{\"type\":\"Unipole\",\"height\":\"2.44\",\"width\":\"4.88\",\"area\":\"11.9072\"},{\"type\":\"Unipole\",\"height\":\"2.44\",\"width\":\"4.88\",\"area\":\"11.9072\"}]}'),
(101,	'9',	'building_type',	'OMDs installed within premises but in open courtyard'),
(102,	'9',	'annual_license_fees',	'1265712.9119999995'),
(103,	'9',	'zone',	'Zone3'),
(104,	'9',	'lat',	' 28.496314'),
(105,	'9',	'lng',	' 77.089194'),
(106,	'9',	'location',	'DLF Cyber Hub'),
(107,	'9',	'structural_engineer_certificate',	'1503031846_fCYi6ZePwNKAxrzuFApO.pdf'),
(108,	'9',	'site_owner_agency_agreement',	'1503031846_osSb5PPYXs4etNiWxRNZ.pdf'),
(109,	'9',	'propert_tax_receipt',	'1503031846_TKNvcYJQ34vaAr4GJ7hs.jpg'),
(110,	'9',	'site_drawings',	'1503031846_Voc4gIkR0ek3c63wvXsz.pdf'),
(111,	'9',	'site_specifications',	'1503031846_3K0meekshzNZEXu89Yr9.pdf'),
(112,	'9',	'architectural_drawing',	'1503031846_oyCS2hxP2OQKA5MXSqb5.pdf'),
(113,	'9',	'total_advertising_space',	'163.5288'),
(114,	'9',	'omd_premises',	'{\"licence_fees\":\"645\",\"area\":\"163.52879999999996\",\"annual_fees\":\"1265712.9119999995\",\"data\":[{\"type\":\"Unipole\",\"height\":\"3.05\",\"width\":\"6.10\",\"area\":\"18.604999999999997\"},{\"type\":\"Unipole\",\"height\":\"3.05\",\"width\":\"6.10\",\"area\":\"18.604999999999997\"},{\"type\":\"Unipole\",\"height\":\"3.05\",\"width\":\"6.10\",\"area\":\"18.604999999999997\"},{\"type\":\"Others\",\"height\":\"1.83\",\"width\":\"11.89\",\"area\":\"21.7587\"},{\"type\":\"Others\",\"height\":\"1.83\",\"width\":\"9.15\",\"area\":\"16.744500000000002\"},{\"type\":\"Others\",\"height\":\"1.83\",\"width\":\"9.15\",\"area\":\"16.744500000000002\"},{\"type\":\"Others\",\"height\":\"1.83\",\"width\":\"9.15\",\"area\":\"16.744500000000002\"},{\"type\":\"Unipole\",\"height\":\"2.44\",\"width\":\"4.88\",\"area\":\"11.9072\"},{\"type\":\"Unipole\",\"height\":\"2.44\",\"width\":\"4.88\",\"area\":\"11.9072\"},{\"type\":\"Unipole\",\"height\":\"2.44\",\"width\":\"4.88\",\"area\":\"11.9072\"}]}'),
(115,	'10',	'building_type',	'OMDs installed within premises but in open courtyard'),
(116,	'10',	'annual_license_fees',	'1964456.892'),
(117,	'10',	'zone',	'Zone3'),
(118,	'10',	'lat',	' 28.495293'),
(119,	'10',	'lng',	' 77.088846'),
(120,	'10',	'location',	'DLF Cyber Hub'),
(121,	'10',	'structural_engineer_certificate',	'1503032535_cVqMU9hJrQ3QWt0LNlhy.pdf'),
(122,	'10',	'site_owner_agency_agreement',	'1503032535_J4qTnaMpnJJANAeTK6nB.pdf'),
(123,	'10',	'propert_tax_receipt',	'1503032535_ghBR6OjoG1mIJskWTNW7.jpg'),
(124,	'10',	'site_drawings',	'1503032535_Q2Aj8zihu5bQvRz0FwWS.pdf'),
(125,	'10',	'site_specifications',	'1503032535_DHTfwQccrlhkGlU63CLQ.pdf'),
(126,	'10',	'architectural_drawing',	'1503032535_IzBZORt2FGNHnp0YQgdp.pdf'),
(127,	'10',	'total_advertising_space',	'253.8058'),
(128,	'10',	'omd_premises',	'{\"licence_fees\":\"645\",\"area\":\"253.8058\",\"annual_fees\":\"1964456.892\",\"data\":[{\"type\":\"Unipole\",\"height\":\"2.44\",\"width\":\"4.88\",\"area\":\"11.9072\"},{\"type\":\"Unipole\",\"height\":\"2.44\",\"width\":\"4.88\",\"area\":\"11.9072\"},{\"type\":\"Unipole\",\"height\":\"2.44\",\"width\":\"4.88\",\"area\":\"11.9072\"},{\"type\":\"Unipole\",\"height\":\"2.44\",\"width\":\"4.88\",\"area\":\"11.9072\"},{\"type\":\"Unipole\",\"height\":\"2.44\",\"width\":\"4.88\",\"area\":\"11.9072\"},{\"type\":\"Wall Wrap\",\"height\":\"9.15\",\"width\":\"3.05\",\"area\":\"27.9075\"},{\"type\":\"Wall Wrap\",\"height\":\"9.15\",\"width\":\"3.05\",\"area\":\"27.9075\"},{\"type\":\"Wall Wrap\",\"height\":\"7.62\",\"width\":\"7.62\",\"area\":\"58.0644\"},{\"type\":\"Wall Wrap\",\"height\":\"7.62\",\"width\":\"7.62\",\"area\":\"58.0644\"},{\"type\":\"Others\",\"height\":\"3.05\",\"width\":\"7.32\",\"area\":\"22.326\"}]}'),
(129,	'11',	'omd_type_list',	'Portraits'),
(130,	'11',	'total_facade_area',	'2500'),
(131,	'11',	'omd_height',	'3.66'),
(132,	'11',	'omd_width',	'7.32'),
(133,	'11',	'total_advertising_space',	'26.791200000000003'),
(134,	'11',	'building_height',	'13.00'),
(135,	'11',	'omd_price',	'4300'),
(136,	'11',	'annual_license_fees',	'1382425.9200000002'),
(137,	'11',	'lighting',	'Yes'),
(138,	'11',	'zone',	'Zone3'),
(139,	'11',	'lat',	' 28.497192'),
(140,	'11',	'lng',	' 77.089745'),
(141,	'11',	'location',	'DLF Cyber Hub'),
(142,	'11',	'propert_tax_receipt',	'1503033983_3VNgBSm8c6Kmj94YD9OA.jpg'),
(143,	'11',	'site_drawings',	'1503033983_qAkMrQREHT4GBgy0xXa2.pdf'),
(144,	'11',	'site_specifications',	'1503033983_X1tyrAy8eiccyFxs8mGV.pdf'),
(145,	'11',	'structural_engineer_certificate',	'1503033983_p30BFJDyM64Qx38ZyNzd.pdf'),
(146,	'11',	'architectural_drawing',	'1503033983_zxckWuTqwWGmygM5Gn9N.pdf'),
(147,	'11',	'site_owner_agency_agreement',	'1503033983_OYkWTyYcoR8ouJslMNsO.pdf'),
(148,	'12',	'omd_type_list',	'Portraits'),
(149,	'12',	'total_facade_area',	'2500'),
(150,	'12',	'omd_height',	'3.66'),
(151,	'12',	'omd_width',	'7.32'),
(152,	'12',	'total_advertising_space',	'26.791200000000003'),
(153,	'12',	'building_height',	'13'),
(154,	'12',	'omd_price',	'4300'),
(155,	'12',	'annual_license_fees',	'1382425.9200000002'),
(156,	'12',	'lighting',	'Yes'),
(157,	'12',	'zone',	'Zone3'),
(158,	'12',	'lat',	' 28.497323'),
(159,	'12',	'lng',	' 77.089530'),
(160,	'12',	'location',	'DLF Cyber Hub'),
(161,	'12',	'propert_tax_receipt',	'1503034440_th8o09HvPVfztnMcNviA.jpg'),
(162,	'12',	'site_drawings',	'1503034440_VZOcwpCvusObEGkoTyBD.pdf'),
(163,	'12',	'site_specifications',	'1503034440_2I6BRgKQLxnttzHB3KpY.pdf'),
(164,	'12',	'structural_engineer_certificate',	'1503034440_Py2rr7AFGpPB5LVulO5v.pdf'),
(165,	'12',	'architectural_drawing',	'1503034440_8YA6B9qYcBvQNiMY5egm.pdf'),
(166,	'12',	'site_owner_agency_agreement',	'1503034440_2Ph1vKXMzfcgYLhA8r96.pdf'),
(167,	'13',	'omd_type_list',	'Portraits'),
(168,	'13',	'total_facade_area',	'2500'),
(169,	'13',	'omd_height',	'3.66'),
(170,	'13',	'omd_width',	'7.32'),
(171,	'13',	'total_advertising_space',	'26.791200000000003'),
(172,	'13',	'building_height',	'13'),
(173,	'13',	'omd_price',	'4300'),
(174,	'13',	'annual_license_fees',	'1382425.9200000002'),
(175,	'13',	'lighting',	'Yes'),
(176,	'13',	'zone',	'Zone3'),
(177,	'13',	'lat',	' 28.497192'),
(178,	'13',	'lng',	' 77.089745'),
(179,	'13',	'location',	'DLF Cyber Hub'),
(180,	'13',	'propert_tax_receipt',	'1503035210_StI6H0cuyiLzZ7nQzZsU.jpg'),
(181,	'13',	'site_drawings',	'1503035210_t32ycwSXfhyaNvMC6e0c.pdf'),
(182,	'13',	'site_specifications',	'1503035210_CfuiMH5tpsKdhO3fqwNc.pdf'),
(183,	'13',	'structural_engineer_certificate',	'1503035210_jFRLrwydSDpDPIUrZ9SI.pdf'),
(184,	'13',	'architectural_drawing',	'1503035210_RO8WvgdB8Hv73NPR3YQA.pdf'),
(185,	'13',	'site_owner_agency_agreement',	'1503035210_a3aMvWtMrdLJAk0hTk5j.pdf'),
(186,	'14',	'omd_type_list',	'Portraits'),
(187,	'14',	'total_facade_area',	'2500'),
(188,	'14',	'omd_height',	'3.66'),
(189,	'14',	'omd_width',	'7.32'),
(190,	'14',	'total_advertising_space',	'26.791200000000003'),
(191,	'14',	'building_height',	'13'),
(192,	'14',	'omd_price',	'4300'),
(193,	'14',	'annual_license_fees',	'1382425.9200000002'),
(194,	'14',	'lighting',	'Yes'),
(195,	'14',	'zone',	'Zone3'),
(196,	'14',	'lat',	' 28.497323'),
(197,	'14',	'lng',	' 77.089530'),
(198,	'14',	'location',	'DLF CYBER HUB'),
(199,	'14',	'propert_tax_receipt',	'1503035631_KTs7CAVQKn7ocOA0jEkk.jpg'),
(200,	'14',	'site_drawings',	'1503035631_F3UaBVPJfqTiWntLitt1.pdf'),
(201,	'14',	'site_specifications',	'1503035631_MtpnVS6acmSPrxRk7nDo.pdf'),
(202,	'14',	'structural_engineer_certificate',	'1503035631_fCcz3I48tHhluaSQda4v.pdf'),
(203,	'14',	'architectural_drawing',	'1503035631_00m4lFTkP4nnYFIQcOTv.pdf'),
(204,	'14',	'site_owner_agency_agreement',	'1503035631_D917fFdVTwjOynMkMreK.pdf'),
(205,	'15',	'building_type',	'OMDs installed within premises but in open courtyard'),
(206,	'15',	'annual_license_fees',	'600208.362'),
(207,	'15',	'zone',	'Zone3'),
(208,	'15',	'lat',	' 28.494450'),
(209,	'15',	'lng',	' 77.087955'),
(210,	'15',	'location',	'DLF Cyber Hub'),
(211,	'15',	'structural_engineer_certificate',	'1503036343_gyAjI1lHUhga7Zu9OUNP.pdf'),
(212,	'15',	'site_owner_agency_agreement',	'1503036343_F0Mq7ZMU57gGqbsUCq8e.pdf'),
(213,	'15',	'propert_tax_receipt',	'1503036343_9y9reCEOlFBJb0CdiaF9.jpg'),
(214,	'15',	'site_drawings',	'1503036343_tjxKF8OSNSi4fPcG7LD0.pdf'),
(215,	'15',	'site_specifications',	'1503036343_qskTWa7AbZoq5QJ6LhbY.pdf'),
(216,	'15',	'architectural_drawing',	'1503036343_cGanX7GhTpH82zizprHt.pdf'),
(217,	'15',	'total_advertising_space',	'77.5463'),
(218,	'15',	'omd_premises',	'{\"licence_fees\":\"645\",\"area\":\"77.5463\",\"annual_fees\":\"600208.362\",\"data\":[{\"type\":\"Unipole\",\"height\":\"3.66\",\"width\":\"7.32\",\"area\":\"26.791200000000003\"},{\"type\":\"Unipole\",\"height\":\"3.66\",\"width\":\"7.32\",\"area\":\"26.791200000000003\"},{\"type\":\"Others\",\"height\":\"3.05\",\"width\":\"6.10\",\"area\":\"18.604999999999997\"},{\"type\":\"Others\",\"height\":\"1.52\",\"width\":\"0.91\",\"area\":\"1.3832\"},{\"type\":\"Others\",\"height\":\"1.83\",\"width\":\"0.91\",\"area\":\"1.6653000000000002\"},{\"type\":\"Others\",\"height\":\"1.52\",\"width\":\"1.52\",\"area\":\"2.3104\"}]}'),
(219,	'16',	'omd_type_wall',	'Wall Wrap'),
(220,	'16',	'total_facade_area',	'55.741824'),
(221,	'16',	'omd_height',	'4.572'),
(222,	'16',	'omd_width',	'12.192'),
(223,	'16',	'total_advertising_space',	'55.741824'),
(224,	'16',	'building_height',	''),
(225,	'16',	'omd_price',	'2700'),
(226,	'16',	'annual_license_fees',	'1806035.0976000002'),
(227,	'16',	'zone',	'Zone1'),
(228,	'16',	'lighting',	'Yes'),
(229,	'16',	'lat',	'77.100816'),
(230,	'16',	'lng',	'28.442975'),
(231,	'16',	'location',	'central plaza mall, golf course road, sec-53'),
(232,	'16',	'propert_tax_receipt',	''),
(233,	'16',	'site_drawings',	''),
(234,	'16',	'site_specifications',	''),
(235,	'16',	'structural_engineer_certificate',	''),
(236,	'16',	'architectural_drawing',	''),
(237,	'16',	'site_owner_agency_agreement',	''),
(238,	'17',	'omd_type_wall',	'Wall Wrap'),
(239,	'17',	'total_facade_area',	'41'),
(240,	'17',	'omd_height',	'4.572'),
(241,	'17',	'omd_width',	'9.144'),
(242,	'17',	'total_advertising_space',	'41.806368'),
(243,	'17',	'building_height',	'90 ft. '),
(244,	'17',	'omd_price',	'2700'),
(245,	'17',	'annual_license_fees',	'1354526.3232000002'),
(246,	'17',	'zone',	'Zone2'),
(247,	'17',	'lighting',	'Yes'),
(248,	'17',	'lat',	'28.442956'),
(249,	'17',	'lng',	'77.100859'),
(250,	'17',	'location',	'Central Plaza Mall, Golf Course Road, Sec-53, Gurugram - 122002'),
(251,	'17',	'propert_tax_receipt',	''),
(252,	'17',	'site_drawings',	''),
(253,	'17',	'site_specifications',	''),
(254,	'17',	'structural_engineer_certificate',	''),
(255,	'17',	'architectural_drawing',	''),
(256,	'17',	'site_owner_agency_agreement',	''),
(257,	'18',	'omd_type_wall',	'Wall Wrap'),
(258,	'18',	'total_facade_area',	'41'),
(259,	'18',	'omd_height',	'4'),
(260,	'18',	'omd_width',	'7'),
(261,	'18',	'total_advertising_space',	'28'),
(262,	'18',	'building_height',	'90'),
(263,	'18',	'omd_price',	'2700'),
(264,	'18',	'annual_license_fees',	'907200'),
(265,	'18',	'zone',	'Zone2'),
(266,	'18',	'lighting',	'Yes'),
(267,	'18',	'lat',	'77.100849'),
(268,	'18',	'lng',	'28.442967'),
(269,	'18',	'location',	'Central Plaza Mall, Golf Course Road, Sec-53, Gurgram - 122002'),
(270,	'18',	'propert_tax_receipt',	'1503905736_62XE4t7qZUsGivCTiPVh.pdf'),
(271,	'18',	'site_drawings',	'1503905736_KMPCKmFgy6EP0ckz8xT0.jpg'),
(272,	'18',	'site_specifications',	'1503905736_FvIV8BHV91Aav5VaREKd.jpg'),
(273,	'18',	'structural_engineer_certificate',	'1503905736_BxMwrPaBAnuM3keEKDbc.jpg'),
(274,	'18',	'architectural_drawing',	'1503905736_ZTblaeKMbnCKg13PYs52.jpg'),
(275,	'18',	'site_owner_agency_agreement',	'1503905736_Im3vZ7Xdkj7IaHet3yAO.jpeg'),
(276,	'19',	'omd_type_wall',	'Wall Wrap'),
(277,	'19',	'total_facade_area',	''),
(278,	'19',	'omd_height',	'6'),
(279,	'19',	'omd_width',	'12'),
(280,	'19',	'total_advertising_space',	'72'),
(281,	'19',	'building_height',	'33'),
(282,	'19',	'omd_price',	'2700'),
(283,	'19',	'annual_license_fees',	'2332800'),
(284,	'19',	'zone',	''),
(285,	'19',	'lighting',	'Yes'),
(286,	'19',	'lat',	''),
(287,	'19',	'lng',	''),
(288,	'19',	'location',	'Sun city business tower, sector - 54, golf course road, haryana'),
(289,	'19',	'propert_tax_receipt',	''),
(290,	'19',	'site_drawings',	''),
(291,	'19',	'site_specifications',	''),
(292,	'19',	'structural_engineer_certificate',	''),
(293,	'19',	'architectural_drawing',	''),
(294,	'19',	'site_owner_agency_agreement',	''),
(295,	'20',	'omd_type_wall',	'Wall Wrap'),
(296,	'20',	'total_facade_area',	'393'),
(297,	'20',	'omd_height',	'7.62'),
(298,	'20',	'omd_width',	'15'),
(299,	'20',	'total_advertising_space',	'114.3'),
(300,	'20',	'building_height',	'33'),
(301,	'20',	'omd_price',	'2700'),
(302,	'20',	'annual_license_fees',	'3703319.9999999995'),
(303,	'20',	'zone',	'Zone3'),
(304,	'20',	'lighting',	'Yes'),
(305,	'20',	'lat',	'28.433628669428703'),
(306,	'20',	'lng',	'77.10546255111694'),
(307,	'20',	'location',	'Suncity Business Tower, Golf Course Road, Suncity, Sector 54, Haiderpur, Haryana 122011, India'),
(308,	'20',	'propert_tax_receipt',	''),
(309,	'20',	'site_drawings',	''),
(310,	'20',	'site_specifications',	''),
(311,	'20',	'structural_engineer_certificate',	''),
(312,	'20',	'architectural_drawing',	''),
(313,	'20',	'site_owner_agency_agreement',	''),
(314,	'21',	'omd_type_wall',	'Wall Wrap'),
(315,	'21',	'total_facade_area',	'393'),
(316,	'21',	'omd_height',	'7.62'),
(317,	'21',	'omd_width',	'15.24'),
(318,	'21',	'total_advertising_space',	'116.1288'),
(319,	'21',	'building_height',	'33'),
(320,	'21',	'omd_price',	'2700'),
(321,	'21',	'annual_license_fees',	'3762573.1199999996'),
(322,	'21',	'zone',	'Zone3'),
(323,	'21',	'lighting',	'Yes'),
(324,	'21',	'lat',	'28.433628669428703'),
(325,	'21',	'lng',	'77.10546255111694'),
(326,	'21',	'location',	'B-54, Golf Course Road, Suncity, Sector 54, Haiderpur, Haryana 122011, India'),
(327,	'21',	'propert_tax_receipt',	'1503992829_AQHrkV5OpJLRHowmYU2K.pdf'),
(328,	'21',	'site_drawings',	'1503992829_8nR8OBh3JLVKzlEqEMUr.pdf'),
(329,	'21',	'site_specifications',	'1503992829_9rZOcW6PyD1mlkdHeSWf.pdf'),
(330,	'21',	'structural_engineer_certificate',	'1503992829_XUt59cPMHZcjsKuzsN3h.PDF'),
(331,	'21',	'architectural_drawing',	'1503992829_JY7PrcXOVNoMVvy6T6pe.jpg'),
(332,	'21',	'site_owner_agency_agreement',	'1503992829_ztlpzcYdrktJHvPSw25I.pdf'),
(333,	'22',	'omd_type_wall',	'Wall Wrap'),
(334,	'22',	'total_facade_area',	'393'),
(335,	'22',	'omd_height',	'6'),
(336,	'22',	'omd_width',	'12'),
(337,	'22',	'total_advertising_space',	'72'),
(338,	'22',	'building_height',	'33'),
(339,	'22',	'omd_price',	'2700'),
(340,	'22',	'annual_license_fees',	'2332800'),
(341,	'22',	'zone',	'Zone3'),
(342,	'22',	'lighting',	'Yes'),
(343,	'22',	'lat',	'28.433628669428703'),
(344,	'22',	'lng',	'77.10546255111694'),
(345,	'22',	'location',	'B-54, Golf Course Road, Suncity, Sector 54, Haiderpur, Haryana 122011, India'),
(346,	'22',	'propert_tax_receipt',	'1503994383_Uk2nBO5aFciXKIesFrnX.pdf'),
(347,	'22',	'site_drawings',	'1503994383_7ah9gYkGobLEixpWto9G.pdf'),
(348,	'22',	'site_specifications',	'1503994383_0CisYd3Hi0i22MAKV0Tf.pdf'),
(349,	'22',	'structural_engineer_certificate',	'1503994383_4sTVSdeMLUIFZ0Lq9U7t.PDF'),
(350,	'22',	'architectural_drawing',	'1503994383_uA7DOHshQHYOc0dzzRa6.jpg'),
(351,	'22',	'site_owner_agency_agreement',	'1503994383_9DfYkpMTnKWz32xTeLBP.pdf'),
(352,	'23',	'omd_type_wall',	'Wall Wrap'),
(353,	'23',	'total_facade_area',	'393'),
(354,	'23',	'omd_height',	'7.62'),
(355,	'23',	'omd_width',	'15.24'),
(356,	'23',	'total_advertising_space',	'116.1288'),
(357,	'23',	'building_height',	'33'),
(358,	'23',	'omd_price',	'2700'),
(359,	'23',	'annual_license_fees',	'3762573.1199999996'),
(360,	'23',	'zone',	'Zone3'),
(361,	'23',	'lighting',	'Yes'),
(362,	'23',	'lat',	'28.433628669428703'),
(363,	'23',	'lng',	'77.10546255111694'),
(364,	'23',	'location',	'B-54, Golf Course Road, Suncity, Sector 54, Haiderpur, Haryana 122011, India'),
(365,	'23',	'propert_tax_receipt',	'1503995634_LtjeuqMz8LbCTb0KpGJn.pdf'),
(366,	'23',	'site_drawings',	'1503995634_n57h46tESsVF50IBkctf.pdf'),
(367,	'23',	'site_specifications',	'1503995634_QOBGQkL9zUw6zp6cAbog.pdf'),
(368,	'23',	'structural_engineer_certificate',	'1503995634_5j6YWSkqr1d5Rl8xYs2r.PDF'),
(369,	'23',	'architectural_drawing',	'1503995634_K6k2uF4IKTJVfUgX6ZQU.jpg'),
(370,	'23',	'site_owner_agency_agreement',	'1503995634_AX4iVuJF2ydJOSwe9ZY9.pdf'),
(371,	'24',	'omd_type_wall',	'Wall Wrap'),
(372,	'24',	'total_facade_area',	'393'),
(373,	'24',	'omd_height',	'7.62'),
(374,	'24',	'omd_width',	'15.24'),
(375,	'24',	'total_advertising_space',	'116.1288'),
(376,	'24',	'building_height',	'33'),
(377,	'24',	'omd_price',	'2700'),
(378,	'24',	'annual_license_fees',	'3762573.1199999996'),
(379,	'24',	'zone',	'Zone3'),
(380,	'24',	'lighting',	'Yes'),
(381,	'24',	'lat',	'28.433628669428703'),
(382,	'24',	'lng',	'77.10546255111694'),
(383,	'24',	'location',	'B-54, Golf Course Road, Suncity, Sector 54, Haiderpur, Haryana 122011, India'),
(384,	'24',	'propert_tax_receipt',	'1503996434_RzAwZHdmwGmY87WjTSHl.pdf'),
(385,	'24',	'site_drawings',	'1503996434_rBzrOpVxhtH7n9wJwbHd.pdf'),
(386,	'24',	'site_specifications',	'1503996434_kTon7DFSNGLDhBheVmJB.pdf'),
(387,	'24',	'structural_engineer_certificate',	'1503996434_eh3tT3rZMUmTM3PDfH01.PDF'),
(388,	'24',	'architectural_drawing',	'1503996434_OC4mgDs6vVzP2AIqbgHx.jpg'),
(389,	'24',	'site_owner_agency_agreement',	'1503996434_isKXia03QvA3hU9aNL6h.pdf'),
(390,	'25',	'omd_type_wall',	'Wall Wrap'),
(391,	'25',	'total_facade_area',	'393'),
(392,	'25',	'omd_height',	'7.62'),
(393,	'25',	'omd_width',	'15.24'),
(394,	'25',	'total_advertising_space',	'116.1288'),
(395,	'25',	'building_height',	'33'),
(396,	'25',	'omd_price',	'2700'),
(397,	'25',	'annual_license_fees',	'3762573.1199999996'),
(398,	'25',	'zone',	'Zone3'),
(399,	'25',	'lighting',	'Yes'),
(400,	'25',	'lat',	'28.433628669428703'),
(401,	'25',	'lng',	'77.10546255111694'),
(402,	'25',	'location',	'B-54, Golf Course Road, Suncity, Sector 54, Haiderpur, Haryana 122011, India'),
(403,	'25',	'propert_tax_receipt',	'1503996689_CGJFEKOKiNHPlzzHLlv1.pdf'),
(404,	'25',	'site_drawings',	'1503996689_Fi2DHj9EyTDQmGHtRk8h.pdf'),
(405,	'25',	'site_specifications',	'1503996689_6yUHgD77KrB7Rh1voywl.pdf'),
(406,	'25',	'structural_engineer_certificate',	'1503996689_lyWlXkPeM7Tfh3mo8KSG.PDF'),
(407,	'25',	'architectural_drawing',	'1503996689_RzlSi2p7haPPJnJldyGx.jpg'),
(408,	'25',	'site_owner_agency_agreement',	'1503996689_Q0J20XlkWbmbWq0LJsLV.pdf'),
(409,	'26',	'omd_type_wall',	'Wall Wrap'),
(410,	'26',	'total_facade_area',	'393'),
(411,	'26',	'omd_height',	'7.62'),
(412,	'26',	'omd_width',	'15.24'),
(413,	'26',	'total_advertising_space',	'116.1288'),
(414,	'26',	'building_height',	'33'),
(415,	'26',	'omd_price',	'2700'),
(416,	'26',	'annual_license_fees',	'3762573.1199999996'),
(417,	'26',	'zone',	'Zone3'),
(418,	'26',	'lighting',	'Yes'),
(419,	'26',	'lat',	'28.433628669428703'),
(420,	'26',	'lng',	'77.10546255111694'),
(421,	'26',	'location',	'B-54, Golf Course Road, Suncity, Sector 54, Haiderpur, Haryana 122011, India'),
(422,	'26',	'propert_tax_receipt',	'1503997771_86zVy9Wi4MeMcSafEtwG.pdf'),
(423,	'26',	'site_drawings',	'1503997771_lcWH1cd4CsAITNEdhGpT.pdf'),
(424,	'26',	'site_specifications',	'1503997771_CXO6AGFOJhZrD8VzgB3Q.pdf'),
(425,	'26',	'structural_engineer_certificate',	'1503997771_2YgxDek54NT95AdsrmyV.PDF'),
(426,	'26',	'architectural_drawing',	'1503997771_TFgnNkws1T0UM17JCWlE.jpg'),
(427,	'26',	'site_owner_agency_agreement',	'1503997771_Hm3lVGCzQW73Xod1saPh.pdf'),
(428,	'27',	'omd_type_wall',	'Wall Wrap'),
(429,	'27',	'total_facade_area',	'75'),
(430,	'27',	'omd_height',	'3.73'),
(431,	'27',	'omd_width',	'1.85'),
(432,	'27',	'total_advertising_space',	'6.9005'),
(433,	'27',	'building_height',	'50'),
(434,	'27',	'omd_price',	'2700'),
(435,	'27',	'annual_license_fees',	'223576.19999999998'),
(436,	'27',	'zone',	'Zone1'),
(437,	'27',	'lighting',	'Yes'),
(438,	'27',	'lat',	'28.480280068014554'),
(439,	'27',	'lng',	'77.0745849609375'),
(440,	'27',	'location',	'sector-23'),
(441,	'27',	'propert_tax_receipt',	''),
(442,	'27',	'site_drawings',	''),
(443,	'27',	'site_specifications',	''),
(444,	'27',	'structural_engineer_certificate',	''),
(445,	'27',	'architectural_drawing',	''),
(446,	'27',	'site_owner_agency_agreement',	''),
(447,	'28',	'omd_type_list',	'Supersites'),
(448,	'28',	'total_facade_area',	'75'),
(449,	'28',	'omd_height',	'3.73'),
(450,	'28',	'omd_width',	'1.85'),
(451,	'28',	'total_advertising_space',	'6.9005'),
(452,	'28',	'building_height',	'21'),
(453,	'28',	'omd_price',	'4800'),
(454,	'28',	'annual_license_fees',	'397468.8'),
(455,	'28',	'lighting',	'Yes'),
(456,	'28',	'zone',	'Zone2'),
(457,	'28',	'lat',	'28.30'),
(458,	'28',	'lng',	'78.05'),
(459,	'28',	'location',	'521 Udyog Vihar Phase 03 Gurgaon'),
(460,	'28',	'propert_tax_receipt',	'1504597650_JGxJOosKbUig7lzKunJT.zip'),
(461,	'28',	'site_drawings',	'1504597650_EsLsN3mfdFhTZsrTe4Co.pdf'),
(462,	'28',	'site_specifications',	'1504597650_AHfj72XmoRGoz6IGzbLF.pdf'),
(463,	'28',	'structural_engineer_certificate',	'1504597650_amaDJPsZXxnt1dx1iHXH.pdf'),
(464,	'28',	'architectural_drawing',	'1504597650_A4tfEyhSX0HEHqw9FQHW.pdf'),
(465,	'28',	'site_owner_agency_agreement',	'1504597650_qK2gVpuypkMmt706d8Oh.pdf'),
(466,	'29',	'omd_type_wall',	'Wall Wrap'),
(467,	'29',	'total_facade_area',	'800'),
(468,	'29',	'omd_height',	''),
(469,	'29',	'omd_width',	''),
(470,	'29',	'total_advertising_space',	''),
(471,	'29',	'building_height',	''),
(472,	'29',	'omd_price',	'2700'),
(473,	'29',	'annual_license_fees',	''),
(474,	'29',	'zone',	''),
(475,	'29',	'lat',	''),
(476,	'29',	'lng',	''),
(477,	'29',	'location',	''),
(478,	'29',	'propert_tax_receipt',	''),
(479,	'29',	'site_drawings',	''),
(480,	'29',	'site_specifications',	''),
(481,	'29',	'structural_engineer_certificate',	''),
(482,	'29',	'architectural_drawing',	''),
(483,	'29',	'site_owner_agency_agreement',	''),
(484,	'30',	'omd_type_wall',	'Wall Wrap'),
(485,	'30',	'total_facade_area',	'800'),
(486,	'30',	'omd_height',	'20'),
(487,	'30',	'omd_width',	'40'),
(488,	'30',	'total_advertising_space',	'800'),
(489,	'30',	'building_height',	'60'),
(490,	'30',	'omd_price',	'2700'),
(491,	'30',	'annual_license_fees',	'25920000'),
(492,	'30',	'zone',	'Zone2'),
(493,	'30',	'lighting',	'Yes'),
(494,	'30',	'lat',	'28.427818670562335'),
(495,	'30',	'lng',	'76.99665069580078'),
(496,	'30',	'location',	'ambiance mall'),
(497,	'30',	'propert_tax_receipt',	''),
(498,	'30',	'site_drawings',	''),
(499,	'30',	'site_specifications',	''),
(500,	'30',	'structural_engineer_certificate',	''),
(501,	'30',	'architectural_drawing',	''),
(502,	'30',	'site_owner_agency_agreement',	''),
(503,	'31',	'omd_type_wall',	'Wall Wrap'),
(504,	'31',	'total_facade_area',	'800'),
(505,	'31',	'omd_height',	'20'),
(506,	'31',	'omd_width',	'40'),
(507,	'31',	'total_advertising_space',	'800'),
(508,	'31',	'building_height',	'60'),
(509,	'31',	'omd_price',	'2700'),
(510,	'31',	'annual_license_fees',	'25920000'),
(511,	'31',	'zone',	'Zone2'),
(512,	'31',	'lighting',	'Yes'),
(513,	'31',	'lat',	''),
(514,	'31',	'lng',	''),
(515,	'31',	'location',	'ambience mall gurgoan'),
(516,	'31',	'propert_tax_receipt',	''),
(517,	'31',	'site_drawings',	''),
(518,	'31',	'site_specifications',	''),
(519,	'31',	'structural_engineer_certificate',	''),
(520,	'31',	'architectural_drawing',	''),
(521,	'31',	'site_owner_agency_agreement',	''),
(522,	'32',	'omd_type_wall',	'Wall Wrap'),
(523,	'32',	'total_facade_area',	'800'),
(524,	'32',	'omd_height',	'20'),
(525,	'32',	'omd_width',	'40'),
(526,	'32',	'total_advertising_space',	'800'),
(527,	'32',	'building_height',	'60'),
(528,	'32',	'omd_price',	'2700'),
(529,	'32',	'annual_license_fees',	'25920000'),
(530,	'32',	'zone',	'Zone2'),
(531,	'32',	'lighting',	'Yes'),
(532,	'32',	'lat',	'28.49494526282325'),
(533,	'32',	'lng',	'76.9643783569336'),
(534,	'32',	'location',	'plot 521 udyog vihar ph-3 gurugram'),
(535,	'32',	'propert_tax_receipt',	''),
(536,	'32',	'site_drawings',	''),
(537,	'32',	'site_specifications',	''),
(538,	'32',	'structural_engineer_certificate',	''),
(539,	'32',	'architectural_drawing',	''),
(540,	'32',	'site_owner_agency_agreement',	''),
(541,	'33',	'omd_type_wall',	'Wall Wrap'),
(542,	'33',	'total_facade_area',	'20'),
(543,	'33',	'omd_height',	'12'),
(544,	'33',	'omd_width',	'5'),
(545,	'33',	'total_advertising_space',	'60'),
(546,	'33',	'building_height',	'21'),
(547,	'33',	'omd_price',	'2700'),
(548,	'33',	'annual_license_fees',	'1944000'),
(549,	'33',	'zone',	'Zone2'),
(550,	'33',	'lighting',	'Yes'),
(551,	'33',	'lat',	''),
(552,	'33',	'lng',	''),
(553,	'33',	'location',	'plot no.521, Delhi Haryana Road '),
(554,	'33',	'propert_tax_receipt',	''),
(555,	'33',	'site_drawings',	''),
(556,	'33',	'site_specifications',	''),
(557,	'33',	'structural_engineer_certificate',	''),
(558,	'33',	'architectural_drawing',	''),
(559,	'33',	'site_owner_agency_agreement',	''),
(560,	'34',	'omd_type_wall',	'Wall Wrap'),
(561,	'34',	'total_facade_area',	'21'),
(562,	'34',	'omd_height',	'12'),
(563,	'34',	'omd_width',	'5'),
(564,	'34',	'total_advertising_space',	'60'),
(565,	'34',	'building_height',	''),
(566,	'34',	'omd_price',	'2700'),
(567,	'34',	'annual_license_fees',	'1944000'),
(568,	'34',	'zone',	'Zone2'),
(569,	'34',	'lighting',	'Yes'),
(570,	'34',	'lat',	''),
(571,	'34',	'lng',	'28 30 39.7'),
(572,	'34',	'location',	'near Udyog Vihar III Sector 20 Gurugram,Haryana 122008'),
(573,	'34',	'propert_tax_receipt',	''),
(574,	'34',	'site_drawings',	''),
(575,	'34',	'site_specifications',	''),
(576,	'34',	'structural_engineer_certificate',	''),
(577,	'34',	'architectural_drawing',	''),
(578,	'34',	'site_owner_agency_agreement',	''),
(579,	'35',	'omd_type_wall',	'Wall Wrap'),
(580,	'35',	'total_facade_area',	'74.34'),
(581,	'35',	'omd_height',	'3.71'),
(582,	'35',	'omd_width',	'1.85'),
(583,	'35',	'total_advertising_space',	'6.8635'),
(584,	'35',	'building_height',	'21'),
(585,	'35',	'omd_price',	'2700'),
(586,	'35',	'annual_license_fees',	'222377.4'),
(587,	'35',	'zone',	'Zone2'),
(588,	'35',	'lighting',	'Yes'),
(589,	'35',	'lat',	'28.511105578821667'),
(590,	'35',	'lng',	'77.09143459796906'),
(591,	'35',	'location',	'521, Delhi - Jaipur Expy, Udyog Vihar III, Sector 20, Gurugram, Haryana 122022, India'),
(592,	'35',	'propert_tax_receipt',	'1504777785_L4glFXW0UcEIDI0eWWWb.pdf'),
(593,	'35',	'site_drawings',	'1504777785_CJSeA8F9ew7hwn7q66Pp.png'),
(594,	'35',	'site_specifications',	'1504777785_cwXgA1JBngwF1sF68OCF.png'),
(595,	'35',	'structural_engineer_certificate',	'1504777785_BxKQDL5T1LgZw2W9wq3A.jpg'),
(596,	'35',	'architectural_drawing',	'1504777785_NW49ImBqupEn1CJTQl96.png'),
(597,	'35',	'site_owner_agency_agreement',	'1504777785_GsT4b1Ytoi8VnHDJFRFx.pdf'),
(598,	'36',	'building_type',	'OMDs installed within premises but in open courtyard'),
(599,	'36',	'annual_license_fees',	'329956.19999999995'),
(600,	'36',	'zone',	'Zone3'),
(601,	'36',	'lat',	'28.4595'),
(602,	'36',	'lng',	'77.0266'),
(603,	'36',	'location',	'DLF Galleria Market '),
(604,	'36',	'structural_engineer_certificate',	'1504875195_MOVqA8U7I5vrxyJoIDCL.jpg'),
(605,	'36',	'site_owner_agency_agreement',	'1504875195_ljBtba5kewGrYSmGH9zL.pdf'),
(606,	'36',	'propert_tax_receipt',	'1504875195_Uwd3piKT5L4rOoGTJoPU.jpeg'),
(607,	'36',	'site_drawings',	'1504875195_fIAkKWsXQSGgMe96Uvfd.png'),
(608,	'36',	'site_specifications',	'1504875195_067r35avwlWuMRewlBH2.png'),
(609,	'36',	'architectural_drawing',	'1504875195_VRQ7Yxvau7FlN3XpiXz1.jpg'),
(610,	'36',	'total_advertising_space',	'42.63'),
(611,	'36',	'omd_premises',	'{\"licence_fees\":\"645\",\"area\":\"42.629999999999995\",\"annual_fees\":\"329956.19999999995\",\"data\":[{\"type\":\"Unipole\",\"height\":\"1\",\"width\":\"6.09\",\"area\":\"6.09\"},{\"type\":\"Unipole\",\"height\":\"1\",\"width\":\"6.09\",\"area\":\"6.09\"},{\"type\":\"Unipole\",\"height\":\"1\",\"width\":\"6.09\",\"area\":\"6.09\"},{\"type\":\"Unipole\",\"height\":\"1\",\"width\":\"6.09\",\"area\":\"6.09\"},{\"type\":\"Unipole\",\"height\":\"1\",\"width\":\"6.09\",\"area\":\"6.09\"},{\"type\":\"Unipole\",\"height\":\"1\",\"width\":\"6.09\",\"area\":\"6.09\"},{\"type\":\"Unipole\",\"height\":\"1\",\"width\":\"6.09\",\"area\":\"6.09\"}]}'),
(612,	'37',	'building_type',	'OMDs installed within premises but in open courtyard'),
(613,	'37',	'annual_license_fees',	'144892.8'),
(614,	'37',	'zone',	'Zone3'),
(615,	'37',	'lat',	'28.4595'),
(616,	'37',	'lng',	'77.0266'),
(617,	'37',	'location',	'DLF Galleria Market'),
(618,	'37',	'structural_engineer_certificate',	'1505245910_fDw6VoT6FYUdf6IUbetd.jpg'),
(619,	'37',	'site_owner_agency_agreement',	'1505245910_fWemc13nIDaTxcXdS9sZ.pdf'),
(620,	'37',	'propert_tax_receipt',	'1505245910_63jlOAS36D8rt0swSbRn.jpeg'),
(621,	'37',	'site_drawings',	'1505245910_oqoYlLIuT3xtaUvR3sHZ.png'),
(622,	'37',	'site_specifications',	'1505245910_qy9Sd1oUXSNQbrjMorEG.png'),
(623,	'37',	'architectural_drawing',	'1505245910_Xqo4EndMaks4hMp48dB1.jpg'),
(624,	'37',	'total_advertising_space',	'18.72'),
(625,	'37',	'omd_premises',	'{\"licence_fees\":\"645\",\"area\":\"18.72\",\"annual_fees\":\"144892.8\",\"data\":[{\"type\":\"Unipole\",\"height\":\"3.9\",\"width\":\"1.2\",\"area\":\"4.68\"},{\"type\":\"Unipole\",\"height\":\"3.9\",\"width\":\"1.2\",\"area\":\"4.68\"},{\"type\":\"Unipole\",\"height\":\"3.9\",\"width\":\"1.2\",\"area\":\"4.68\"},{\"type\":\"Unipole\",\"height\":\"3.9\",\"width\":\"1.2\",\"area\":\"4.68\"}]}');

DROP TABLE IF EXISTS `documents`;
CREATE TABLE `documents` (
  `id` int(11) NOT NULL AUTO_INCREMENT,
  `name` varchar(255) NOT NULL,
  `created` datetime NOT NULL,
  `modified` datetime NOT NULL,
  PRIMARY KEY (`id`)
) ENGINE=InnoDB DEFAULT CHARSET=utf8;

INSERT INTO `documents` (`id`, `name`, `created`, `modified`) VALUES
(1,	'Pan Card',	'2017-05-16 16:55:24',	'2017-05-16 16:55:24'),
(2,	'Aadhar Card',	'2017-05-16 16:55:53',	'2017-05-16 16:55:53'),
(3,	'Driving Licence',	'2017-05-30 17:08:35',	'2017-05-30 17:08:35'),
(4,	'Bank Statement',	'2017-05-30 17:15:12',	'2017-05-30 17:15:12'),
(5,	'Ration Card',	'2017-05-30 17:15:38',	'2017-05-30 17:15:38');

DROP TABLE IF EXISTS `experiences`;
CREATE TABLE `experiences` (
  `id` int(11) NOT NULL AUTO_INCREMENT,
  `name` varchar(255) NOT NULL,
  `created` datetime NOT NULL,
  `modified` datetime NOT NULL,
  PRIMARY KEY (`id`)
) ENGINE=InnoDB DEFAULT CHARSET=utf8;

INSERT INTO `experiences` (`id`, `name`, `created`, `modified`) VALUES
(1,	'<1',	'2017-05-16 07:18:21',	'2017-05-16 07:18:21'),
(2,	'1-2',	'2017-05-16 07:18:21',	'2017-05-16 07:18:21'),
(3,	'2-3',	'2017-05-16 07:18:21',	'2017-05-16 07:18:21'),
(4,	'3-4',	'2017-05-16 07:18:21',	'2017-05-16 07:18:21'),
(5,	'4-5',	'2017-05-16 07:18:21',	'2017-05-16 07:18:21'),
(6,	'>5',	'2017-05-16 07:18:21',	'2017-05-16 07:18:21');

DROP TABLE IF EXISTS `e_auction_payments`;
CREATE TABLE `e_auction_payments` (
  `id` int(11) NOT NULL AUTO_INCREMENT,
  `user_id` int(11) NOT NULL,
  `tender_id` int(11) NOT NULL,
  `payment_id` varchar(255) NOT NULL,
  `payment_request_id` varchar(255) NOT NULL,
  `quantity` int(11) NOT NULL,
  `status` varchar(225) NOT NULL,
  `buyer_name` varchar(255) NOT NULL,
  `buyer_phone` varchar(255) NOT NULL,
  `buyer_email` varchar(255) NOT NULL,
  `currency` varchar(255) NOT NULL,
  `unit_price` double(10,2) NOT NULL,
  `amount` double(10,2) NOT NULL,
  `fees` double(10,2) NOT NULL,
  `created_at` datetime NOT NULL,
  `created` datetime NOT NULL,
  `modified` datetime NOT NULL,
  PRIMARY KEY (`id`)
) ENGINE=InnoDB DEFAULT CHARSET=utf8;


DROP TABLE IF EXISTS `fields`;
CREATE TABLE `fields` (
  `id` int(11) NOT NULL AUTO_INCREMENT,
  `lable` varchar(255) NOT NULL,
  `field_key` varchar(255) NOT NULL DEFAULT '0',
  `type` enum('text','select','radio','checkbox','file','hidden','json') NOT NULL DEFAULT 'text',
  `options` longtext COMMENT 'JSON Format. Eg: ["Yes","No"] | ["OPtion1","Option2","Option3"]',
  `is_disabled` enum('0','1') NOT NULL DEFAULT '0' COMMENT 'if ''1'', set the input field as disabled',
  `default_validations` longtext COMMENT 'JSON Format. Eg: {"noEmpty":"true","minLimit":5,"maxLimit":10,"isNum":"ture","isAlphabit":"true","isAlphanumeric":"true"}',
  `default_calculations` longtext COMMENT 'JSON Format. Eg: {"fields":["filedKey1","filedKey2"],"operation":"multiply"}',
  `info` text NOT NULL,
  `group_in` varchar(255) NOT NULL,
  PRIMARY KEY (`id`)
) ENGINE=InnoDB DEFAULT CHARSET=utf8 COMMENT='saved device input fileds';

INSERT INTO `fields` (`id`, `lable`, `field_key`, `type`, `options`, `is_disabled`, `default_validations`, `default_calculations`, `info`, `group_in`) VALUES
(1,	'Size (in sq./ft)',	'size',	'text',	NULL,	'0',	'{\"noEmpty\": true,\"isNum\": true,\"isAlphabit\": false,\"isAlphanumeric\": false,\"minLimit\": false,\"maxLimit\": false}',	NULL,	'',	'1'),
(2,	'No. of Panels',	'panels',	'text',	NULL,	'0',	'{\"noEmpty\": true,\"isNum\": true,\"isAlphabit\": false,\"isAlphanumeric\": false,\"minLimit\": false,\"maxLimit\": false}',	NULL,	'',	'1'),
(3,	'Location',	'location',	'text',	NULL,	'0',	'{\"noEmpty\": true,\"isNum\": false,\"isAlphabit\": false,\"isAlphanumeric\": false,\"minLimit\": false,\"maxLimit\": false}',	NULL,	'',	'1'),
(4,	'Latitude',	'lat',	'text',	NULL,	'0',	'{\"noEmpty\": true,\"isNum\": true,\"isAlphabit\": false,\"isAlphanumeric\": false,\"minLimit\": false,\"maxLimit\": false}',	NULL,	'',	'1'),
(5,	'Longitude',	'lng',	'text',	NULL,	'0',	'{\"noEmpty\": true,\"isNum\": true,\"isAlphabit\": false,\"isAlphanumeric\": false,\"minLimit\": false,\"maxLimit\": false}',	NULL,	'',	'1'),
(6,	'Concession Fees',	'concession_fees',	'text',	NULL,	'0',	'{\"noEmpty\": true,\"isNum\": true,\"isAlphabit\": false,\"isAlphanumeric\": false,\"minLimit\": false,\"maxLimit\": false}',	NULL,	'',	'1'),
(7,	'Lighting (Lit/Unlit)',	'lighting',	'radio',	'[\"Yes\", \"No\"]',	'0',	'{\"noEmpty\": true,\"isNum\": false,\"isAlphabit\": false,\"isAlphanumeric\": false,\"minLimit\": false,\"maxLimit\": false}',	NULL,	'',	'1'),
(8,	'Material Specification',	'material_specification',	'text',	NULL,	'0',	'{\"noEmpty\": true,\"isNum\": false,\"isAlphabit\": false,\"isAlphanumeric\": false,\"minLimit\": false,\"maxLimit\": false}',	NULL,	'',	'1'),
(9,	'Inside Metro',	'inside_metro',	'radio',	'[\"Yes\", \"No\"]',	'0',	'{\"noEmpty\": false,\"isNum\": false,\"isAlphabit\": false,\"isAlphanumeric\": false,\"minLimit\": false,\"maxLimit\": false}',	NULL,	'',	'1'),
(10,	'Outside Metro',	'outside_metro',	'radio',	'[\"Yes\", \"No\"]',	'0',	'{\"noEmpty\": false,\"isNum\": false,\"isAlphabit\": false,\"isAlphanumeric\": false,\"minLimit\": false,\"maxLimit\": false}',	NULL,	'',	'1'),
(11,	'No of Units',	'units',	'text',	NULL,	'0',	'{\"noEmpty\": true,\"isNum\": true,\"isAlphabit\": false,\"isAlphanumeric\": false,\"minLimit\": false,\"maxLimit\": false}',	NULL,	'',	'1'),
(12,	'Total Advertising Space (in sq metre.)',	'total_advertising_space',	'text',	NULL,	'0',	'{\"noEmpty\": true,\"isNum\": true,\"isAlphabit\": false,\"isAlphanumeric\": false,\"minLimit\": false,\"maxLimit\": false}',	NULL,	'',	'1'),
(13,	'Type of Vehicle',	'type_of_vehicle',	'select',	'[\"Radio Taxi\",\"Auto\"]',	'0',	'{\"noEmpty\": true,\"isNum\": false,\"isAlphabit\": false,\"isAlphanumeric\": false,\"minLimit\": false,\"maxLimit\": false}',	NULL,	'',	'1'),
(14,	'License Fee',	'licence_fee',	'text',	NULL,	'0',	'{\"noEmpty\": true,\"isNum\": true,\"isAlphabit\": false,\"isAlphanumeric\": false,\"minLimit\": false,\"maxLimit\": false}',	NULL,	'',	'1'),
(15,	'Total Area of Facade (sq metre.)',	'total_facade_area',	'text',	NULL,	'0',	'{\"noEmpty\": true,\"isNum\": true,\"isAlphabit\": false,\"isAlphanumeric\": false,\"minLimit\": false,\"maxLimit\": false}',	NULL,	'',	'1'),
(16,	'OMD Id',	'omd_id',	'text',	NULL,	'0',	NULL,	NULL,	'',	'1'),
(17,	'OMD Height (sq metre.)',	'omd_height',	'text',	NULL,	'0',	'{\"noEmpty\": true,\"isNum\": true,\"isAlphabit\": false,\"isAlphanumeric\": false,\"minLimit\": false,\"maxLimit\": false}',	NULL,	'',	'1'),
(18,	'OMD Width (sq metre.)',	'omd_width',	'text',	NULL,	'0',	'{\"noEmpty\": true,\"isNum\": true,\"isAlphabit\": false,\"isAlphanumeric\": false,\"minLimit\": false,\"maxLimit\": false}',	NULL,	'',	'1'),
(19,	'Total Annual License Fees (in Rs.)',	'annual_license_fees',	'text',	NULL,	'0',	'{\"noEmpty\": true,\"isNum\": true,\"isAlphabit\": false,\"isAlphanumeric\": false,\"minLimit\": false,\"maxLimit\": false}',	NULL,	'',	'1'),
(20,	'Venue Location',	'venue_location',	'text',	NULL,	'0',	'{\"noEmpty\": true,\"isNum\": false,\"isAlphabit\": false,\"isAlphanumeric\": false,\"minLimit\": false,\"maxLimit\": false}',	NULL,	'',	'1'),
(21,	'Duration of Event',	'event_duration',	'text',	NULL,	'0',	'{\"noEmpty\": true,\"isNum\": true,\"isAlphabit\": false,\"isAlphanumeric\": false,\"minLimit\": false,\"maxLimit\": false}',	NULL,	'',	'1'),
(22,	'No. of OMD at Venue',	'omd_no_venue',	'text',	NULL,	'0',	'',	NULL,	'',	'1'),
(23,	'No. of OMD at Other Location',	'omd_no_others',	'text',	NULL,	'0',	'',	NULL,	'',	'1'),
(24,	'Size of OMD',	'omd_size',	'text',	NULL,	'0',	'{\"noEmpty\": true,\"isNum\": true,\"isAlphabit\": false,\"isAlphanumeric\": false,\"minLimit\": false,\"maxLimit\": false}',	NULL,	'',	'1'),
(25,	'Self Advertising',	'self_advertising',	'hidden',	NULL,	'0',	NULL,	NULL,	'',	'1'),
(26,	'Total No of Screens',	'no_of_screens',	'text',	NULL,	'0',	'{\"noEmpty\": true,\"isNum\": true,\"isAlphabit\": false,\"isAlphanumeric\": false,\"minLimit\": false,\"maxLimit\": false}',	NULL,	'',	'1'),
(27,	'No of Screens Applied',	'no_of_screens_applied',	'text',	NULL,	'0',	'{\"noEmpty\": true,\"isNum\": true,\"isAlphabit\": false,\"isAlphanumeric\": false,\"minLimit\": false,\"maxLimit\": false}',	NULL,	'',	'1'),
(28,	'No of Months Applied for',	'no_of_months_applied_for',	'text',	NULL,	'0',	'{\"noEmpty\": true,\"isNum\": true,\"isAlphabit\": false,\"isAlphanumeric\": false,\"minLimit\": false,\"maxLimit\": false}',	NULL,	'',	'1'),
(29,	'Type of OMD site',	'building_type[]',	'checkbox',	'[\"OMDS installed under one roof\",\"OMDs installed within premises but in open courtyard\"]',	'0',	'{\"noEmpty\": true,\"isNum\": false,\"isAlphabit\": false,\"isAlphanumeric\": false,\"minLimit\": false,\"maxLimit\": false}',	NULL,	'',	'1'),
(30,	'Zone',	'zone',	'select',	'[\"Zone1\",\"Zone2\",\"Zone3\",\"Zone4\"]',	'0',	'{\"noEmpty\": true,\"isNum\": false,\"isAlphabit\": false,\"isAlphanumeric\": false,\"minLimit\": false,\"maxLimit\": false}',	NULL,	'',	'1'),
(31,	'No. of Panels Inside Metro',	'panels_in_metro',	'text',	NULL,	'0',	'{\"noEmpty\": false,\"isNum\": true,\"isAlphabit\": false,\"isAlphanumeric\": false,\"minLimit\": false,\"maxLimit\": false}',	NULL,	'',	'1'),
(32,	'No. of Panels Outside Metro',	'panels_out_metro',	'text',	NULL,	'0',	'{\"noEmpty\": false,\"isNum\": true,\"isAlphabit\": false,\"isAlphanumeric\": false,\"minLimit\": false,\"maxLimit\": false}',	NULL,	'',	'1'),
(33,	'Latest property tax receipt',	'propert_tax_receipt',	'file',	NULL,	'0',	'{\"noEmpty\": true,\"isNum\": false,\"isAlphabit\": false,\"isAlphanumeric\": false,\"minLimit\": false,\"maxLimit\": false}',	NULL,	'Property tax receipt/ G8 where OMD is to be installed',	'2'),
(34,	'Drawing of the site',	'site_drawings',	'file',	NULL,	'0',	'{\"noEmpty\": true,\"isNum\": false,\"isAlphabit\": false,\"isAlphanumeric\": false,\"minLimit\": false,\"maxLimit\": false}',	NULL,	'Drawing showing the locality plan, in colour, indicating the proposed positions (GPS coordinates) of the OMDs and the distances in relation to any other structure, building, OMD situated within the radius of 25 m from the proposed OMDs',	'2'),
(35,	'Specifications',	'site_specifications',	'file',	NULL,	'0',	'{\"noEmpty\": true,\"isNum\": false,\"isAlphabit\": false,\"isAlphanumeric\": false,\"minLimit\": false,\"maxLimit\": false}',	NULL,	'Complete specifications showing the dimensions of the OMDs and locations',	'2'),
(36,	'Certificate of Structural Engineer',	'structural_engineer_certificate',	'file',	NULL,	'0',	'{\"noEmpty\": true,\"isNum\": false,\"isAlphabit\": false,\"isAlphanumeric\": false,\"minLimit\": false,\"maxLimit\": false}',	NULL,	'Certifying safety aspects (for more details please refer Byelaw 5(1)(v) )',	'2'),
(37,	'Architectural Drawing',	'architectural_drawing',	'file',	NULL,	'0',	'{\"noEmpty\": true,\"isNum\": false,\"isAlphabit\": false,\"isAlphanumeric\": false,\"minLimit\": false,\"maxLimit\": false}',	NULL,	'Architectural drawings showing the elevation and measurements of the building and measurement and position of every existing and proposed OMDs drawn on a scale of 1:1000.',	'2'),
(38,	'The applicant firm/company has no pending dues',	'has_pending_dues',	'radio',	'[\"Yes\", \"No\"]',	'0',	'{\"noEmpty\": true,\"isNum\": false,\"isAlphabit\": false,\"isAlphanumeric\": false,\"minLimit\": false,\"maxLimit\": false}',	NULL,	'',	'2'),
(39,	'The applicant firm/company has no court case pending',	'pending_court_case',	'radio',	'[\"Yes\", \"No\"]',	'0',	'{\"noEmpty\": true,\"isNum\": false,\"isAlphabit\": false,\"isAlphanumeric\": false,\"minLimit\": false,\"maxLimit\": false}',	NULL,	'',	'2'),
(40,	'Size (in sq./ft)',	'size_inside_metro',	'text',	NULL,	'0',	'{\"noEmpty\": false,\"isNum\": true,\"isAlphabit\": false,\"isAlphanumeric\": false,\"minLimit\": false,\"maxLimit\": false}',	NULL,	'',	'1'),
(41,	'Size (in sq./ft)',	'size_outside_metro',	'text',	NULL,	'0',	'{\"noEmpty\": false,\"isNum\": true,\"isAlphabit\": false,\"isAlphanumeric\": false,\"minLimit\": false,\"maxLimit\": false}',	NULL,	'',	'1'),
(42,	'OMD 1 Size at Venue',	'omd_no_venue_size_1',	'text',	NULL,	'0',	NULL,	NULL,	'',	'1'),
(43,	'OMD 2 Size at Venue',	'omd_no_venue_size_2',	'text',	NULL,	'0',	NULL,	NULL,	'',	'1'),
(44,	'OMD 3 Size at Venue',	'omd_no_venue_size_3',	'text',	NULL,	'0',	NULL,	NULL,	'',	'1'),
(45,	'OMD 4 Size at Venue',	'omd_no_venue_size_4',	'text',	NULL,	'0',	NULL,	NULL,	'',	'1'),
(46,	'OMD 5 Size at Venue',	'omd_no_venue_size_5',	'text',	NULL,	'0',	NULL,	NULL,	'',	'1'),
(47,	'OMD 6 Size at Venue',	'omd_no_venue_size_6',	'text',	NULL,	'0',	NULL,	NULL,	'',	'1'),
(48,	'OMD 1 Size at others',	'omd_no_others_size_1',	'text',	NULL,	'0',	NULL,	NULL,	'',	'1'),
(49,	'OMD 2 Size at others',	'omd_no_others_size_2',	'text',	NULL,	'0',	NULL,	NULL,	'',	'1'),
(50,	'OMD 3 Size at others',	'omd_no_others_size_3',	'text',	NULL,	'0',	NULL,	NULL,	'',	'1'),
(51,	'OMD 4 Size at others',	'omd_no_others_size_4',	'text',	NULL,	'0',	NULL,	NULL,	'',	'1'),
(52,	'OMD 5 Size at others',	'omd_no_others_size_5',	'text',	NULL,	'0',	NULL,	NULL,	'',	'1'),
(53,	'OMD 6 Size at others',	'omd_no_others_size_6',	'text',	NULL,	'0',	NULL,	NULL,	'',	'1'),
(54,	'Size Of OMD( Not More than 75% of the Facade Area)',	'omd_size_less_75',	'radio',	'[\"Yes\", \"No\"]',	'0',	NULL,	NULL,	'',	'1'),
(55,	'Distance From Intersection(100 m away From Intersection) ',	'intersection_distance',	'radio',	'[\"Yes\", \"No\"]',	'0',	NULL,	NULL,	'',	'1'),
(56,	'Distance between two OMDs(minimum 50 metres)',	'two_omd_distance',	'radio',	'[\"Yes\", \"No\"]',	'0',	NULL,	NULL,	'',	'1'),
(57,	'Obstruction to Road User/Pedestrian',	'obstruction_to_road',	'radio',	'[\"Yes\", \"No\"]',	'0',	NULL,	NULL,	'',	'1'),
(58,	'Rejection Reason',	'reason',	'text',	NULL,	'0',	NULL,	NULL,	'',	'1'),
(59,	'Name and Address of the multiplex/cinema',	'multiplex_name_address',	'text',	NULL,	'0',	'{\"noEmpty\": true,\"isNum\": false,\"isAlphabit\": false,\"isAlphanumeric\": false,\"minLimit\": false,\"maxLimit\": false}',	NULL,	'',	'1'),
(60,	'Type of OMD',	'omd_type_list',	'select',	'[\"Small Portraits\",\"Posters\",\"Super 8’s\",\"Portraits\",\"Supersites\",\"Spectacular\"]',	'0',	'{\"noEmpty\": true,\"isNum\": false,\"isAlphabit\": false,\"isAlphanumeric\": false,\"minLimit\": false,\"maxLimit\": false}',	NULL,	'',	'1'),
(61,	'Height of the building',	'building_height',	'text',	NULL,	'0',	'{\"noEmpty\": true,\"isNum\": true,\"isAlphabit\": false,\"isAlphanumeric\": false,\"minLimit\": false,\"maxLimit\": false}',	NULL,	'',	'1'),
(62,	'Type of OMD',	'omd_type_wall',	'select',	'[\"Wall Wrap\"]',	'0',	'{\"noEmpty\": true,\"isNum\": false,\"isAlphabit\": false,\"isAlphanumeric\": false,\"minLimit\": false,\"maxLimit\": false}',	NULL,	'',	'1'),
(63,	'OMD Price',	'omd_price',	'text',	NULL,	'1',	'{\"noEmpty\": true,\"isNum\": false,\"isAlphabit\": false,\"isAlphanumeric\": false,\"minLimit\": false,\"maxLimit\": false}',	NULL,	'',	'1'),
(64,	'Agreement between Site Owner and Agency',	'site_owner_agency_agreement',	'file',	NULL,	'0',	'{\"noEmpty\": true,\"isNum\": false,\"isAlphabit\": false,\"isAlphanumeric\": false,\"minLimit\": false,\"maxLimit\": false}',	NULL,	'Agreement between Site Owner and Agency',	'2'),
(65,	'OMDS installed under one roof',	'omd_one_roof',	'json',	NULL,	'0',	NULL,	NULL,	'',	'1'),
(66,	'OMDs installed within premises but in open courtyard',	'omd_premises',	'json',	NULL,	'0',	NULL,	NULL,	'',	'1'),
(67,	'Type of OMD site',	'building_type',	'text',	NULL,	'0',	NULL,	NULL,	'',	'1');

DROP TABLE IF EXISTS `mcg_comments`;
CREATE TABLE `mcg_comments` (
  `id` int(11) NOT NULL AUTO_INCREMENT,
  `device_id` int(11) NOT NULL,
  `mcg_level` varchar(255) NOT NULL,
  `user_id` int(11) NOT NULL,
  `comment` text NOT NULL,
  `comment_data` longtext NOT NULL,
  `status` varchar(255) NOT NULL,
  `created` datetime NOT NULL,
  `modified` datetime NOT NULL,
  PRIMARY KEY (`id`)
) ENGINE=InnoDB DEFAULT CHARSET=utf8;


DROP TABLE IF EXISTS `omd_additional_docs`;
CREATE TABLE `omd_additional_docs` (
  `id` int(11) NOT NULL AUTO_INCREMENT,
  `request_id` int(11) NOT NULL,
  `name` varchar(255) NOT NULL,
  `reason` text NOT NULL,
  `is_uploaded` enum('0','1') NOT NULL DEFAULT '0',
  `filename` varchar(255) NOT NULL,
  `created` datetime NOT NULL,
  `modified` datetime NOT NULL,
  PRIMARY KEY (`id`)
) ENGINE=InnoDB DEFAULT CHARSET=utf8;


DROP TABLE IF EXISTS `omd_additional_doc_requests`;
CREATE TABLE `omd_additional_doc_requests` (
  `id` int(11) NOT NULL AUTO_INCREMENT,
  `device_id` int(11) NOT NULL,
  `created` datetime NOT NULL,
  `modified` datetime NOT NULL,
  PRIMARY KEY (`id`)
) ENGINE=InnoDB DEFAULT CHARSET=utf8;


DROP TABLE IF EXISTS `panels`;
CREATE TABLE `panels` (
  `id` char(36) NOT NULL DEFAULT '',
  `request_id` char(36) NOT NULL,
  `panel` varchar(255) DEFAULT NULL,
  `title` varchar(255) DEFAULT NULL,
  `element` varchar(255) DEFAULT NULL,
  `summary` varchar(255) DEFAULT NULL,
  `content` blob,
  PRIMARY KEY (`id`),
  UNIQUE KEY `unique_panel` (`request_id`,`panel`)
) ENGINE=InnoDB DEFAULT CHARSET=utf8;


DROP TABLE IF EXISTS `payments`;
CREATE TABLE `payments` (
  `id` int(11) NOT NULL AUTO_INCREMENT,
  `user_id` int(11) NOT NULL,
  `payment_id` varchar(255) NOT NULL,
  `payment_type` varchar(255) NOT NULL,
  `type_id` varchar(255) NOT NULL,
  `tracking_id` varchar(255) NOT NULL,
  `bank_ref_no` varchar(255) NOT NULL,
  `order_status` varchar(255) NOT NULL,
  `failure_message` text NOT NULL,
  `payment_mode` varchar(255) NOT NULL,
  `card_name` varchar(255) NOT NULL,
  `status_code` varchar(255) NOT NULL,
  `status_message` varchar(255) NOT NULL,
  `currency` varchar(255) NOT NULL,
  `amount` varchar(255) NOT NULL,
  `billing_name` varchar(255) NOT NULL,
  `billing_address` varchar(255) NOT NULL,
  `billing_city` varchar(255) NOT NULL,
  `billing_state` varchar(255) NOT NULL,
  `billing_zip` varchar(255) NOT NULL,
  `billing_country` varchar(255) NOT NULL,
  `billing_tel` varchar(255) NOT NULL,
  `billing_email` varchar(255) NOT NULL,
  `delivery_name` varchar(255) NOT NULL,
  `delivery_address` varchar(255) NOT NULL,
  `delivery_city` varchar(255) NOT NULL,
  `delivery_state` varchar(255) NOT NULL,
  `delivery_zip` varchar(255) NOT NULL,
  `delivery_country` varchar(255) NOT NULL,
  `delivery_tel` varchar(255) NOT NULL,
  `merchant_param1` varchar(255) NOT NULL,
  `merchant_param2` varchar(255) NOT NULL,
  `merchant_param3` varchar(255) NOT NULL,
  `merchant_param4` varchar(255) NOT NULL,
  `merchant_param5` varchar(255) NOT NULL,
  `vault` varchar(255) NOT NULL,
  `offer_type` varchar(255) NOT NULL,
  `offer_code` varchar(255) NOT NULL,
  `discount_value` varchar(255) NOT NULL,
  `mer_amount` varchar(255) NOT NULL,
  `eci_value` varchar(255) NOT NULL,
  `retry` varchar(255) NOT NULL,
  `response_code` varchar(255) NOT NULL,
  `billing_notes` text NOT NULL,
  `trans_date` datetime NOT NULL,
  `bin_country` varchar(255) NOT NULL,
  `response` longtext NOT NULL,
  `created` datetime NOT NULL,
  `modified` datetime NOT NULL,
  PRIMARY KEY (`id`)
) ENGINE=InnoDB DEFAULT CHARSET=utf8;

INSERT INTO `payments` (`id`, `user_id`, `payment_id`, `payment_type`, `type_id`, `tracking_id`, `bank_ref_no`, `order_status`, `failure_message`, `payment_mode`, `card_name`, `status_code`, `status_message`, `currency`, `amount`, `billing_name`, `billing_address`, `billing_city`, `billing_state`, `billing_zip`, `billing_country`, `billing_tel`, `billing_email`, `delivery_name`, `delivery_address`, `delivery_city`, `delivery_state`, `delivery_zip`, `delivery_country`, `delivery_tel`, `merchant_param1`, `merchant_param2`, `merchant_param3`, `merchant_param4`, `merchant_param5`, `vault`, `offer_type`, `offer_code`, `discount_value`, `mer_amount`, `eci_value`, `retry`, `response_code`, `billing_notes`, `trans_date`, `bin_country`, `response`, `created`, `modified`) VALUES
(1,	45,	'149819277245',	'registration',	'45',	'106242599822',	'null',	'Aborted',	'',	'null',	'null',	'',	'Cancel reason is not specified by the customer.',	'INR',	'2000.0',	'',	'',	'',	'',	'',	'',	'',	'',	'',	'',	'',	'',	'',	'',	'',	'',	'',	'',	'',	'',	'N',	'null',	'null',	'0.0',	'2000.0',	'',	'null',	'',	'',	'0000-00-00 00:00:00',	'',	'order_id=149819277245&tracking_id=106242599822&bank_ref_no=null&order_status=Aborted&failure_message=&payment_mode=null&card_name=null&status_code=&status_message=Cancel reason is not specified by the customer.&currency=INR&amount=2000.0&billing_name=&billing_address=&billing_city=&billing_state=&billing_zip=&billing_country=&billing_tel=&billing_email=&delivery_name=&delivery_address=&delivery_city=&delivery_state=&delivery_zip=&delivery_country=&delivery_tel=&merchant_param1=&merchant_param2=&merchant_param3=&merchant_param4=&merchant_param5=&vault=N&offer_type=null&offer_code=null&discount_value=0.0&mer_amount=2000.0&eci_value=&retry=null&response_code=&billing_notes=&trans_date=null&bin_country=&trans_fee=0.0&service_tax=0.0',	'2017-06-23 10:09:32',	'2017-06-23 10:09:51'),
(2,	45,	'149819279345',	'registration',	'45',	'106242600028',	'null',	'Aborted',	'',	'null',	'null',	'',	'I wish to pay through another payment option.',	'INR',	'2000.0',	'',	'',	'',	'',	'',	'',	'',	'',	'',	'',	'',	'',	'',	'',	'',	'',	'',	'',	'',	'',	'N',	'null',	'null',	'0.0',	'2000.0',	'',	'null',	'',	'',	'0000-00-00 00:00:00',	'',	'order_id=149819279345&tracking_id=106242600028&bank_ref_no=null&order_status=Aborted&failure_message=&payment_mode=null&card_name=null&status_code=&status_message=I wish to pay through another payment option.&currency=INR&amount=2000.0&billing_name=&billing_address=&billing_city=&billing_state=&billing_zip=&billing_country=&billing_tel=&billing_email=&delivery_name=&delivery_address=&delivery_city=&delivery_state=&delivery_zip=&delivery_country=&delivery_tel=&merchant_param1=&merchant_param2=&merchant_param3=&merchant_param4=&merchant_param5=&vault=N&offer_type=null&offer_code=null&discount_value=0.0&mer_amount=2000.0&eci_value=&retry=null&response_code=&billing_notes=&trans_date=null&bin_country=&trans_fee=0.0&service_tax=0.0',	'2017-06-23 10:09:53',	'2017-06-23 10:10:34'),
(3,	45,	'149819283645',	'registration',	'45',	'',	'',	'',	'',	'',	'',	'',	'',	'',	'2000',	'',	'',	'',	'',	'',	'',	'',	'',	'',	'',	'',	'',	'',	'',	'',	'',	'',	'',	'',	'',	'',	'',	'',	'',	'',	'',	'',	'',	'',	'0000-00-00 00:00:00',	'',	'',	'2017-06-23 10:10:36',	'2017-06-23 10:10:36'),
(4,	45,	'149819319145',	'registration',	'45',	'106242603469',	'null',	'Aborted',	'',	'null',	'null',	'',	'I wish to pay through another payment option.',	'INR',	'2023.0',	'',	'',	'',	'',	'',	'',	'',	'',	'',	'',	'',	'',	'',	'',	'',	'',	'',	'',	'',	'',	'N',	'null',	'null',	'0.0',	'2000.0',	'',	'null',	'',	'',	'0000-00-00 00:00:00',	'',	'order_id=149819319145&tracking_id=106242603469&bank_ref_no=null&order_status=Aborted&failure_message=&payment_mode=null&card_name=null&status_code=&status_message=I wish to pay through another payment option.&currency=INR&amount=2023.0&billing_name=&billing_address=&billing_city=&billing_state=&billing_zip=&billing_country=&billing_tel=&billing_email=&delivery_name=&delivery_address=&delivery_city=&delivery_state=&delivery_zip=&delivery_country=&delivery_tel=&merchant_param1=&merchant_param2=&merchant_param3=&merchant_param4=&merchant_param5=&vault=N&offer_type=null&offer_code=null&discount_value=0.0&mer_amount=2000.0&eci_value=&retry=null&response_code=&billing_notes=&trans_date=null&bin_country=&trans_fee=20.0&service_tax=3.0',	'2017-06-23 10:16:31',	'2017-06-23 10:18:55'),
(5,	45,	'149819333845',	'registration',	'45',	'',	'',	'',	'',	'',	'',	'',	'',	'',	'2000',	'',	'',	'',	'',	'',	'',	'',	'',	'',	'',	'',	'',	'',	'',	'',	'',	'',	'',	'',	'',	'',	'',	'',	'',	'',	'',	'',	'',	'',	'0000-00-00 00:00:00',	'',	'',	'2017-06-23 10:18:58',	'2017-06-23 10:18:58'),
(6,	45,	'149819487945',	'registration',	'45',	'106242618089',	'null',	'Aborted',	'',	'null',	'null',	'',	'I wish to pay through another payment option.',	'INR',	'2023.0',	'',	'',	'',	'',	'',	'',	'',	'',	'',	'',	'',	'',	'',	'',	'',	'',	'',	'',	'',	'',	'N',	'null',	'null',	'0.0',	'2000.0',	'',	'null',	'',	'',	'0000-00-00 00:00:00',	'',	'order_id=149819487945&tracking_id=106242618089&bank_ref_no=null&order_status=Aborted&failure_message=&payment_mode=null&card_name=null&status_code=&status_message=I wish to pay through another payment option.&currency=INR&amount=2023.0&billing_name=&billing_address=&billing_city=&billing_state=&billing_zip=&billing_country=&billing_tel=&billing_email=&delivery_name=&delivery_address=&delivery_city=&delivery_state=&delivery_zip=&delivery_country=&delivery_tel=&merchant_param1=&merchant_param2=&merchant_param3=&merchant_param4=&merchant_param5=&vault=N&offer_type=null&offer_code=null&discount_value=0.0&mer_amount=2000.0&eci_value=&retry=null&response_code=&billing_notes=&trans_date=null&bin_country=&trans_fee=20.0&service_tax=3.0',	'2017-06-23 10:44:39',	'2017-06-23 10:45:08'),
(7,	45,	'149819491145',	'registration',	'45',	'',	'',	'',	'',	'',	'',	'',	'',	'',	'2000',	'',	'',	'',	'',	'',	'',	'',	'',	'',	'',	'',	'',	'',	'',	'',	'',	'',	'',	'',	'',	'',	'',	'',	'',	'',	'',	'',	'',	'',	'0000-00-00 00:00:00',	'',	'',	'2017-06-23 10:45:11',	'2017-06-23 10:45:11'),
(8,	46,	'149819497046',	'registration',	'46',	'',	'',	'',	'',	'',	'',	'',	'',	'',	'2000',	'',	'',	'',	'',	'',	'',	'',	'',	'',	'',	'',	'',	'',	'',	'',	'',	'',	'',	'',	'',	'',	'',	'',	'',	'',	'',	'',	'',	'',	'0000-00-00 00:00:00',	'',	'',	'2017-06-23 10:46:10',	'2017-06-23 10:46:10'),
(9,	46,	'149819502146',	'registration',	'46',	'',	'',	'',	'',	'',	'',	'',	'',	'',	'2000',	'',	'',	'',	'',	'',	'',	'',	'',	'',	'',	'',	'',	'',	'',	'',	'',	'',	'',	'',	'',	'',	'',	'',	'',	'',	'',	'',	'',	'',	'0000-00-00 00:00:00',	'',	'',	'2017-06-23 10:47:01',	'2017-06-23 10:47:01'),
(10,	46,	'149819660946',	'registration',	'46',	'',	'',	'',	'',	'',	'',	'',	'',	'',	'2000',	'',	'',	'',	'',	'',	'',	'',	'',	'',	'',	'',	'',	'',	'',	'',	'',	'',	'',	'',	'',	'',	'',	'',	'',	'',	'',	'',	'',	'',	'0000-00-00 00:00:00',	'',	'',	'2017-06-23 11:13:29',	'2017-06-23 11:13:29'),
(11,	46,	'149819664446',	'registration',	'46',	'',	'',	'',	'',	'',	'',	'',	'',	'',	'2000',	'',	'',	'',	'',	'',	'',	'',	'',	'',	'',	'',	'',	'',	'',	'',	'',	'',	'',	'',	'',	'',	'',	'',	'',	'',	'',	'',	'',	'',	'0000-00-00 00:00:00',	'',	'',	'2017-06-23 11:14:04',	'2017-06-23 11:14:04'),
(12,	46,	'149819669846',	'registration',	'46',	'',	'',	'',	'',	'',	'',	'',	'',	'',	'2000',	'',	'',	'',	'',	'',	'',	'',	'',	'',	'',	'',	'',	'',	'',	'',	'',	'',	'',	'',	'',	'',	'',	'',	'',	'',	'',	'',	'',	'',	'0000-00-00 00:00:00',	'',	'',	'2017-06-23 11:14:58',	'2017-06-23 11:14:58'),
(13,	46,	'149819780546',	'registration',	'46',	'',	'',	'',	'',	'',	'',	'',	'',	'',	'1',	'',	'',	'',	'',	'',	'',	'',	'',	'',	'',	'',	'',	'',	'',	'',	'',	'',	'',	'',	'',	'',	'',	'',	'',	'',	'',	'',	'',	'',	'0000-00-00 00:00:00',	'',	'',	'2017-06-23 11:33:25',	'2017-06-23 11:33:25'),
(14,	46,	'149819781446',	'registration',	'46',	'',	'',	'',	'',	'',	'',	'',	'',	'',	'1',	'',	'',	'',	'',	'',	'',	'',	'',	'',	'',	'',	'',	'',	'',	'',	'',	'',	'',	'',	'',	'',	'',	'',	'',	'',	'',	'',	'',	'',	'0000-00-00 00:00:00',	'',	'',	'2017-06-23 11:33:34',	'2017-06-23 11:33:34'),
(15,	46,	'149819791446',	'registration',	'46',	'',	'',	'',	'',	'',	'',	'',	'',	'',	'1',	'',	'',	'',	'',	'',	'',	'',	'',	'',	'',	'',	'',	'',	'',	'',	'',	'',	'',	'',	'',	'',	'',	'',	'',	'',	'',	'',	'',	'',	'0000-00-00 00:00:00',	'',	'',	'2017-06-23 11:35:14',	'2017-06-23 11:35:14'),
(16,	45,	'149819835045',	'registration',	'45',	'106242648634',	'null',	'Aborted',	'',	'null',	'null',	'',	'I wish to pay through another payment option.',	'INR',	'1.0',	'',	'',	'',	'',	'',	'',	'',	'',	'',	'',	'',	'',	'',	'',	'',	'',	'',	'',	'',	'',	'N',	'null',	'null',	'0.0',	'1.0',	'',	'null',	'',	'',	'0000-00-00 00:00:00',	'',	'order_id=149819835045&tracking_id=106242648634&bank_ref_no=null&order_status=Aborted&failure_message=&payment_mode=null&card_name=null&status_code=&status_message=I wish to pay through another payment option.&currency=INR&amount=1.0&billing_name=&billing_address=&billing_city=&billing_state=&billing_zip=&billing_country=&billing_tel=&billing_email=&delivery_name=&delivery_address=&delivery_city=&delivery_state=&delivery_zip=&delivery_country=&delivery_tel=&merchant_param1=&merchant_param2=&merchant_param3=&merchant_param4=&merchant_param5=&vault=N&offer_type=null&offer_code=null&discount_value=0.0&mer_amount=1.0&eci_value=&retry=null&response_code=&billing_notes=&trans_date=null&bin_country=&trans_fee=0.0&service_tax=0.0',	'2017-06-23 11:42:30',	'2017-06-23 11:42:48'),
(17,	45,	'149819837145',	'registration',	'45',	'',	'',	'',	'',	'',	'',	'',	'',	'',	'1',	'',	'',	'',	'',	'',	'',	'',	'',	'',	'',	'',	'',	'',	'',	'',	'',	'',	'',	'',	'',	'',	'',	'',	'',	'',	'',	'',	'',	'',	'0000-00-00 00:00:00',	'',	'',	'2017-06-23 11:42:51',	'2017-06-23 11:42:51'),
(18,	46,	'149819841446',	'registration',	'46',	'',	'',	'',	'',	'',	'',	'',	'',	'',	'1',	'',	'',	'',	'',	'',	'',	'',	'',	'',	'',	'',	'',	'',	'',	'',	'',	'',	'',	'',	'',	'',	'',	'',	'',	'',	'',	'',	'',	'',	'0000-00-00 00:00:00',	'',	'',	'2017-06-23 11:43:34',	'2017-06-23 11:43:34'),
(19,	46,	'149819852546',	'registration',	'46',	'106242655793',	'null',	'Aborted',	'',	'Debit Card',	'Visa Debit Card',	'',	'Cancel reason is not specified by the customer.',	'INR',	'1.0',	'',	'',	'',	'',	'',	'',	'',	'',	'',	'',	'',	'',	'',	'',	'',	'',	'',	'',	'',	'',	'N',	'null',	'null',	'0.0',	'1.0',	'',	'Y',	'',	'',	'0000-00-00 00:00:00',	'INDIA',	'order_id=149819852546&tracking_id=106242655793&bank_ref_no=null&order_status=Aborted&failure_message=&payment_mode=Debit Card&card_name=Visa Debit Card&status_code=&status_message=Cancel reason is not specified by the customer.&currency=INR&amount=1.0&billing_name=&billing_address=&billing_city=&billing_state=&billing_zip=&billing_country=&billing_tel=&billing_email=&delivery_name=&delivery_address=&delivery_city=&delivery_state=&delivery_zip=&delivery_country=&delivery_tel=&merchant_param1=&merchant_param2=&merchant_param3=&merchant_param4=&merchant_param5=&vault=N&offer_type=null&offer_code=null&discount_value=0.0&mer_amount=1.0&eci_value=&retry=Y&response_code=&billing_notes=&trans_date=23/06/2017 11:52:01&bin_country=INDIA&trans_fee=0.0&service_tax=0.0',	'2017-06-23 11:45:25',	'2017-06-23 11:51:51'),
(20,	46,	'149819891346',	'registration',	'46',	'106242663176',	'null',	'Aborted',	'',	'null',	'null',	'',	'I wish to pay through another payment option.',	'INR',	'1.01',	'',	'',	'',	'',	'',	'',	'',	'',	'',	'',	'',	'',	'',	'',	'',	'',	'',	'',	'',	'',	'N',	'null',	'null',	'0.0',	'1.0',	'',	'null',	'',	'',	'0000-00-00 00:00:00',	'',	'order_id=149819891346&tracking_id=106242663176&bank_ref_no=null&order_status=Aborted&failure_message=&payment_mode=null&card_name=null&status_code=&status_message=I wish to pay through another payment option.&currency=INR&amount=1.01&billing_name=&billing_address=&billing_city=&billing_state=&billing_zip=&billing_country=&billing_tel=&billing_email=&delivery_name=&delivery_address=&delivery_city=&delivery_state=&delivery_zip=&delivery_country=&delivery_tel=&merchant_param1=&merchant_param2=&merchant_param3=&merchant_param4=&merchant_param5=&vault=N&offer_type=null&offer_code=null&discount_value=0.0&mer_amount=1.0&eci_value=&retry=null&response_code=&billing_notes=&trans_date=null&bin_country=&trans_fee=0.01&service_tax=0.0',	'2017-06-23 11:51:53',	'2017-06-23 12:05:46'),
(21,	46,	'149819974946',	'registration',	'46',	'106242665871',	'068004',	'Success',	'',	'Credit Card',	'Visa',	'null',	'Y:068004:5330062036:PPX :717406329365',	'INR',	'1.01',	'',	'',	'',	'',	'',	'',	'',	'',	'',	'',	'',	'',	'',	'',	'',	'',	'',	'',	'',	'',	'N',	'null',	'null',	'0.0',	'1.0',	'null',	'N',	'0',	'',	'0000-00-00 00:00:00',	'INDIA',	'order_id=149819974946&tracking_id=106242665871&bank_ref_no=068004&order_status=Success&failure_message=&payment_mode=Credit Card&card_name=Visa&status_code=null&status_message=Y:068004:5330062036:PPX :717406329365&currency=INR&amount=1.01&billing_name=&billing_address=&billing_city=&billing_state=&billing_zip=&billing_country=&billing_tel=&billing_email=&delivery_name=&delivery_address=&delivery_city=&delivery_state=&delivery_zip=&delivery_country=&delivery_tel=&merchant_param1=&merchant_param2=&merchant_param3=&merchant_param4=&merchant_param5=&vault=N&offer_type=null&offer_code=null&discount_value=0.0&mer_amount=1.0&eci_value=null&retry=N&response_code=0&billing_notes=&trans_date=23/06/2017 12:06:35&bin_country=INDIA&trans_fee=0.01&service_tax=0.0									',	'2017-06-23 12:05:49',	'2017-06-23 12:07:07'),
(22,	46,	'149820015646',	'device_registration',	'1',	'106242670594',	'310740',	'Success',	'',	'Debit Card',	'Visa Debit Card',	'null',	'Y:310740:5330095593:PPX :717406358747',	'INR',	'1.0',	'',	'',	'',	'',	'',	'',	'',	'',	'',	'',	'',	'',	'',	'',	'',	'',	'',	'',	'',	'',	'N',	'null',	'null',	'0.0',	'1.0',	'null',	'N',	'0',	'',	'0000-00-00 00:00:00',	'INDIA',	'order_id=149820015646&tracking_id=106242670594&bank_ref_no=310740&order_status=Success&failure_message=&payment_mode=Debit Card&card_name=Visa Debit Card&status_code=null&status_message=Y:310740:5330095593:PPX :717406358747&currency=INR&amount=1.0&billing_name=&billing_address=&billing_city=&billing_state=&billing_zip=&billing_country=&billing_tel=&billing_email=&delivery_name=&delivery_address=&delivery_city=&delivery_state=&delivery_zip=&delivery_country=&delivery_tel=&merchant_param1=&merchant_param2=&merchant_param3=&merchant_param4=&merchant_param5=&vault=N&offer_type=null&offer_code=null&discount_value=0.0&mer_amount=1.0&eci_value=null&retry=N&response_code=0&billing_notes=&trans_date=23/06/2017 12:24:27&bin_country=INDIA&trans_fee=0.0&service_tax=0.0',	'2017-06-23 12:12:36',	'2017-06-23 12:25:16'),
(23,	47,	'149820382947',	'registration',	'47',	'',	'',	'',	'',	'',	'',	'',	'',	'',	'1',	'',	'',	'',	'',	'',	'',	'',	'',	'',	'',	'',	'',	'',	'',	'',	'',	'',	'',	'',	'',	'',	'',	'',	'',	'',	'',	'',	'',	'',	'0000-00-00 00:00:00',	'',	'',	'2017-06-23 13:13:49',	'2017-06-23 13:13:49'),
(24,	47,	'149820480647',	'registration',	'47',	'',	'',	'',	'',	'',	'',	'',	'',	'',	'1',	'',	'',	'',	'',	'',	'',	'',	'',	'',	'',	'',	'',	'',	'',	'',	'',	'',	'',	'',	'',	'',	'',	'',	'',	'',	'',	'',	'',	'',	'0000-00-00 00:00:00',	'',	'',	'2017-06-23 13:30:06',	'2017-06-23 13:30:06'),
(25,	47,	'149820482447',	'registration',	'47',	'106242719856',	'025001',	'Success',	'',	'Debit Card',	'Visa Debit Card',	'null',	'Y:025001:5330258992:PPX :717408496389',	'INR',	'1.0',	'',	'',	'',	'',	'',	'',	'',	'',	'',	'',	'',	'',	'',	'',	'',	'',	'',	'',	'',	'',	'N',	'null',	'null',	'0.0',	'1.0',	'null',	'N',	'0',	'',	'0000-00-00 00:00:00',	'INDIA',	'order_id=149820482447&tracking_id=106242719856&bank_ref_no=025001&order_status=Success&failure_message=&payment_mode=Debit Card&card_name=Visa Debit Card&status_code=null&status_message=Y:025001:5330258992:PPX :717408496389&currency=INR&amount=1.0&billing_name=&billing_address=&billing_city=&billing_state=&billing_zip=&billing_country=&billing_tel=&billing_email=&delivery_name=&delivery_address=&delivery_city=&delivery_state=&delivery_zip=&delivery_country=&delivery_tel=&merchant_param1=&merchant_param2=&merchant_param3=&merchant_param4=&merchant_param5=&vault=N&offer_type=null&offer_code=null&discount_value=0.0&mer_amount=1.0&eci_value=null&retry=N&response_code=0&billing_notes=&trans_date=23/06/2017 13:32:47&bin_country=INDIA&trans_fee=0.0&service_tax=0.0',	'2017-06-23 13:30:24',	'2017-06-23 13:33:20'),
(26,	47,	'149820524947',	'device_registration',	'2',	'',	'',	'',	'',	'',	'',	'',	'',	'',	'1',	'',	'',	'',	'',	'',	'',	'',	'',	'',	'',	'',	'',	'',	'',	'',	'',	'',	'',	'',	'',	'',	'',	'',	'',	'',	'',	'',	'',	'',	'0000-00-00 00:00:00',	'',	'',	'2017-06-23 13:37:29',	'2017-06-23 13:37:29'),
(27,	48,	'149820835448',	'registration',	'48',	'',	'',	'',	'',	'',	'',	'',	'',	'',	'1',	'',	'',	'',	'',	'',	'',	'',	'',	'',	'',	'',	'',	'',	'',	'',	'',	'',	'',	'',	'',	'',	'',	'',	'',	'',	'',	'',	'',	'',	'0000-00-00 00:00:00',	'',	'',	'2017-06-23 14:29:14',	'2017-06-23 14:29:14'),
(28,	48,	'149820869048',	'registration',	'48',	'',	'',	'',	'',	'',	'',	'',	'',	'',	'1',	'',	'',	'',	'',	'',	'',	'',	'',	'',	'',	'',	'',	'',	'',	'',	'',	'',	'',	'',	'',	'',	'',	'',	'',	'',	'',	'',	'',	'',	'0000-00-00 00:00:00',	'',	'',	'2017-06-23 14:34:50',	'2017-06-23 14:34:50'),
(29,	45,	'149821368545',	'registration',	'45',	'',	'',	'',	'',	'',	'',	'',	'',	'',	'1',	'',	'',	'',	'',	'',	'',	'',	'',	'',	'',	'',	'',	'',	'',	'',	'',	'',	'',	'',	'',	'',	'',	'',	'',	'',	'',	'',	'',	'',	'0000-00-00 00:00:00',	'',	'',	'2017-06-23 15:58:05',	'2017-06-23 15:58:05'),
(30,	45,	'149822339245',	'registration',	'45',	'106242877884',	'null',	'Aborted',	'',	'null',	'null',	'',	'I have second thoughts about making this payment',	'INR',	'1.0',	'',	'',	'',	'',	'',	'',	'',	'',	'',	'',	'',	'',	'',	'',	'',	'',	'',	'',	'',	'',	'N',	'null',	'null',	'0.0',	'1.0',	'',	'null',	'',	'',	'0000-00-00 00:00:00',	'',	'order_id=149822339245&tracking_id=106242877884&bank_ref_no=null&order_status=Aborted&failure_message=&payment_mode=null&card_name=null&status_code=&status_message=I have second thoughts about making this payment&currency=INR&amount=1.0&billing_name=&billing_address=&billing_city=&billing_state=&billing_zip=&billing_country=&billing_tel=&billing_email=&delivery_name=&delivery_address=&delivery_city=&delivery_state=&delivery_zip=&delivery_country=&delivery_tel=&merchant_param1=&merchant_param2=&merchant_param3=&merchant_param4=&merchant_param5=&vault=N&offer_type=null&offer_code=null&discount_value=0.0&mer_amount=1.0&eci_value=&retry=null&response_code=&billing_notes=&trans_date=null&bin_country=&trans_fee=0.0&service_tax=0.0',	'2017-06-23 18:39:52',	'2017-06-23 18:40:18'),
(31,	45,	'149822342045',	'registration',	'45',	'',	'',	'',	'',	'',	'',	'',	'',	'',	'1',	'',	'',	'',	'',	'',	'',	'',	'',	'',	'',	'',	'',	'',	'',	'',	'',	'',	'',	'',	'',	'',	'',	'',	'',	'',	'',	'',	'',	'',	'0000-00-00 00:00:00',	'',	'',	'2017-06-23 18:40:20',	'2017-06-23 18:40:20'),
(32,	47,	'149822370747',	'device_registration',	'3',	'',	'',	'',	'',	'',	'',	'',	'',	'',	'1',	'',	'',	'',	'',	'',	'',	'',	'',	'',	'',	'',	'',	'',	'',	'',	'',	'',	'',	'',	'',	'',	'',	'',	'',	'',	'',	'',	'',	'',	'0000-00-00 00:00:00',	'',	'',	'2017-06-23 18:45:07',	'2017-06-23 18:45:07'),
(33,	49,	'149864401949',	'registration',	'49',	'',	'',	'',	'',	'',	'',	'',	'',	'',	'1',	'',	'',	'',	'',	'',	'',	'',	'',	'',	'',	'',	'',	'',	'',	'',	'',	'',	'',	'',	'',	'',	'',	'',	'',	'',	'',	'',	'',	'',	'0000-00-00 00:00:00',	'',	'',	'2017-06-28 15:30:19',	'2017-06-28 15:30:19'),
(34,	50,	'149882479050',	'registration',	'50',	'',	'',	'',	'',	'',	'',	'',	'',	'',	'2000',	'',	'',	'',	'',	'',	'',	'',	'',	'',	'',	'',	'',	'',	'',	'',	'',	'',	'',	'',	'',	'',	'',	'',	'',	'',	'',	'',	'',	'',	'0000-00-00 00:00:00',	'',	'',	'2017-06-30 17:43:10',	'2017-06-30 17:43:10'),
(35,	50,	'149882505050',	'registration',	'50',	'',	'',	'',	'',	'',	'',	'',	'',	'',	'2000',	'',	'',	'',	'',	'',	'',	'',	'',	'',	'',	'',	'',	'',	'',	'',	'',	'',	'',	'',	'',	'',	'',	'',	'',	'',	'',	'',	'',	'',	'0000-00-00 00:00:00',	'',	'',	'2017-06-30 17:47:30',	'2017-06-30 17:47:30'),
(36,	50,	'149882516250',	'registration',	'50',	'',	'',	'',	'',	'',	'',	'',	'',	'',	'2000',	'',	'',	'',	'',	'',	'',	'',	'',	'',	'',	'',	'',	'',	'',	'',	'',	'',	'',	'',	'',	'',	'',	'',	'',	'',	'',	'',	'',	'',	'0000-00-00 00:00:00',	'',	'',	'2017-06-30 17:49:22',	'2017-06-30 17:49:22'),
(37,	52,	'149882544752',	'registration',	'52',	'',	'',	'',	'',	'',	'',	'',	'',	'',	'2000',	'',	'',	'',	'',	'',	'',	'',	'',	'',	'',	'',	'',	'',	'',	'',	'',	'',	'',	'',	'',	'',	'',	'',	'',	'',	'',	'',	'',	'',	'0000-00-00 00:00:00',	'',	'',	'2017-06-30 17:54:07',	'2017-06-30 17:54:07'),
(38,	53,	'149882616753',	'registration',	'53',	'',	'',	'',	'',	'',	'',	'',	'',	'',	'2000',	'',	'',	'',	'',	'',	'',	'',	'',	'',	'',	'',	'',	'',	'',	'',	'',	'',	'',	'',	'',	'',	'',	'',	'',	'',	'',	'',	'',	'',	'0000-00-00 00:00:00',	'',	'',	'2017-06-30 18:06:07',	'2017-06-30 18:06:07'),
(39,	50,	'149882815250',	'registration',	'50',	'106246248504',	'004754',	'Success',	'',	'Debit Card',	'Visa Debit Card',	'null',	'Y:004754:5346023830:PPX :718113532185',	'INR',	'1.0',	'',	'',	'',	'',	'',	'',	'',	'',	'',	'',	'',	'',	'',	'',	'',	'',	'',	'',	'',	'',	'N',	'null',	'null',	'0.0',	'1.0',	'null',	'N',	'0',	'',	'0000-00-00 00:00:00',	'INDIA',	'order_id=149882815250&tracking_id=106246248504&bank_ref_no=004754&order_status=Success&failure_message=&payment_mode=Debit Card&card_name=Visa Debit Card&status_code=null&status_message=Y:004754:5346023830:PPX :718113532185&currency=INR&amount=1.0&billing_name=&billing_address=&billing_city=&billing_state=&billing_zip=&billing_country=&billing_tel=&billing_email=&delivery_name=&delivery_address=&delivery_city=&delivery_state=&delivery_zip=&delivery_country=&delivery_tel=&merchant_param1=&merchant_param2=&merchant_param3=&merchant_param4=&merchant_param5=&vault=N&offer_type=null&offer_code=null&discount_value=0.0&mer_amount=1.0&eci_value=null&retry=N&response_code=0&billing_notes=&trans_date=30/06/2017 18:42:34&bin_country=INDIA&trans_fee=0.0&service_tax=0.0',	'2017-06-30 18:39:12',	'2017-06-30 18:42:59'),
(40,	52,	'149882847252',	'registration',	'52',	'',	'',	'',	'',	'',	'',	'',	'',	'',	'1',	'',	'',	'',	'',	'',	'',	'',	'',	'',	'',	'',	'',	'',	'',	'',	'',	'',	'',	'',	'',	'',	'',	'',	'',	'',	'',	'',	'',	'',	'0000-00-00 00:00:00',	'',	'',	'2017-06-30 18:44:32',	'2017-06-30 18:44:32'),
(41,	52,	'149882864552',	'registration',	'52',	'',	'',	'',	'',	'',	'',	'',	'',	'',	'1',	'',	'',	'',	'',	'',	'',	'',	'',	'',	'',	'',	'',	'',	'',	'',	'',	'',	'',	'',	'',	'',	'',	'',	'',	'',	'',	'',	'',	'',	'0000-00-00 00:00:00',	'',	'',	'2017-06-30 18:47:25',	'2017-06-30 18:47:25'),
(42,	55,	'149891119555',	'registration',	'55',	'106246725641',	'017322',	'Success',	'',	'Credit Card',	'Visa',	'null',	'Y:017322:5348362293:PPX :718212505115',	'INR',	'5053.1',	'',	'',	'',	'',	'',	'',	'',	'',	'',	'',	'',	'',	'',	'',	'',	'',	'',	'',	'',	'',	'N',	'null',	'null',	'0.0',	'5000.0',	'null',	'N',	'0',	'',	'0000-00-00 00:00:00',	'INDIA',	'order_id=149891119555&tracking_id=106246725641&bank_ref_no=017322&order_status=Success&failure_message=&payment_mode=Credit Card&card_name=Visa&status_code=null&status_message=Y:017322:5348362293:PPX :718212505115&currency=INR&amount=5053.1&billing_name=&billing_address=&billing_city=&billing_state=&billing_zip=&billing_country=&billing_tel=&billing_email=&delivery_name=&delivery_address=&delivery_city=&delivery_state=&delivery_zip=&delivery_country=&delivery_tel=&merchant_param1=&merchant_param2=&merchant_param3=&merchant_param4=&merchant_param5=&vault=N&offer_type=null&offer_code=null&discount_value=0.0&mer_amount=5000.0&eci_value=null&retry=N&response_code=0&billing_notes=&trans_date=01/07/2017 17:44:50&bin_country=INDIA&trans_fee=45.0&service_tax=8.1',	'2017-07-01 17:43:15',	'2017-07-01 17:44:54'),
(43,	58,	'149906423858',	'registration',	'58',	'',	'',	'',	'',	'',	'',	'',	'',	'',	'5000',	'',	'',	'',	'',	'',	'',	'',	'',	'',	'',	'',	'',	'',	'',	'',	'',	'',	'',	'',	'',	'',	'',	'',	'',	'',	'',	'',	'',	'',	'0000-00-00 00:00:00',	'',	'',	'2017-07-03 12:13:58',	'2017-07-03 12:13:58'),
(44,	59,	'149906461259',	'registration',	'59',	'',	'',	'',	'',	'',	'',	'',	'',	'',	'5000',	'',	'',	'',	'',	'',	'',	'',	'',	'',	'',	'',	'',	'',	'',	'',	'',	'',	'',	'',	'',	'',	'',	'',	'',	'',	'',	'',	'',	'',	'0000-00-00 00:00:00',	'',	'',	'2017-07-03 12:20:12',	'2017-07-03 12:20:12'),
(45,	60,	'149906526360',	'registration',	'60',	'',	'',	'',	'',	'',	'',	'',	'',	'',	'5000',	'',	'',	'',	'',	'',	'',	'',	'',	'',	'',	'',	'',	'',	'',	'',	'',	'',	'',	'',	'',	'',	'',	'',	'',	'',	'',	'',	'',	'',	'0000-00-00 00:00:00',	'',	'',	'2017-07-03 12:31:03',	'2017-07-03 12:31:03'),
(46,	61,	'149906616061',	'registration',	'61',	'',	'',	'',	'',	'',	'',	'',	'',	'',	'5000',	'',	'',	'',	'',	'',	'',	'',	'',	'',	'',	'',	'',	'',	'',	'',	'',	'',	'',	'',	'',	'',	'',	'',	'',	'',	'',	'',	'',	'',	'0000-00-00 00:00:00',	'',	'',	'2017-07-03 12:46:00',	'2017-07-03 12:46:00'),
(47,	62,	'149906642862',	'registration',	'62',	'',	'',	'',	'',	'',	'',	'',	'',	'',	'5000',	'',	'',	'',	'',	'',	'',	'',	'',	'',	'',	'',	'',	'',	'',	'',	'',	'',	'',	'',	'',	'',	'',	'',	'',	'',	'',	'',	'',	'',	'0000-00-00 00:00:00',	'',	'',	'2017-07-03 12:50:28',	'2017-07-03 12:50:28'),
(48,	63,	'149906660863',	'registration',	'63',	'',	'',	'',	'',	'',	'',	'',	'',	'',	'5000',	'',	'',	'',	'',	'',	'',	'',	'',	'',	'',	'',	'',	'',	'',	'',	'',	'',	'',	'',	'',	'',	'',	'',	'',	'',	'',	'',	'',	'',	'0000-00-00 00:00:00',	'',	'',	'2017-07-03 12:53:29',	'2017-07-03 12:53:29'),
(49,	62,	'149906664562',	'registration',	'62',	'',	'',	'',	'',	'',	'',	'',	'',	'',	'5000',	'',	'',	'',	'',	'',	'',	'',	'',	'',	'',	'',	'',	'',	'',	'',	'',	'',	'',	'',	'',	'',	'',	'',	'',	'',	'',	'',	'',	'',	'0000-00-00 00:00:00',	'',	'',	'2017-07-03 12:54:05',	'2017-07-03 12:54:05'),
(50,	62,	'149906665262',	'registration',	'62',	'',	'',	'',	'',	'',	'',	'',	'',	'',	'5000',	'',	'',	'',	'',	'',	'',	'',	'',	'',	'',	'',	'',	'',	'',	'',	'',	'',	'',	'',	'',	'',	'',	'',	'',	'',	'',	'',	'',	'',	'0000-00-00 00:00:00',	'',	'',	'2017-07-03 12:54:12',	'2017-07-03 12:54:12'),
(51,	62,	'149906665962',	'registration',	'62',	'',	'',	'',	'',	'',	'',	'',	'',	'',	'5000',	'',	'',	'',	'',	'',	'',	'',	'',	'',	'',	'',	'',	'',	'',	'',	'',	'',	'',	'',	'',	'',	'',	'',	'',	'',	'',	'',	'',	'',	'0000-00-00 00:00:00',	'',	'',	'2017-07-03 12:54:19',	'2017-07-03 12:54:19'),
(52,	59,	'149906793259',	'registration',	'59',	'',	'',	'',	'',	'',	'',	'',	'',	'',	'5000',	'',	'',	'',	'',	'',	'',	'',	'',	'',	'',	'',	'',	'',	'',	'',	'',	'',	'',	'',	'',	'',	'',	'',	'',	'',	'',	'',	'',	'',	'0000-00-00 00:00:00',	'',	'',	'2017-07-03 13:15:32',	'2017-07-03 13:15:32'),
(53,	59,	'149906793959',	'registration',	'59',	'',	'',	'',	'',	'',	'',	'',	'',	'',	'5000',	'',	'',	'',	'',	'',	'',	'',	'',	'',	'',	'',	'',	'',	'',	'',	'',	'',	'',	'',	'',	'',	'',	'',	'',	'',	'',	'',	'',	'',	'0000-00-00 00:00:00',	'',	'',	'2017-07-03 13:15:39',	'2017-07-03 13:15:39'),
(54,	58,	'149906796058',	'registration',	'58',	'',	'',	'',	'',	'',	'',	'',	'',	'',	'5000',	'',	'',	'',	'',	'',	'',	'',	'',	'',	'',	'',	'',	'',	'',	'',	'',	'',	'',	'',	'',	'',	'',	'',	'',	'',	'',	'',	'',	'',	'0000-00-00 00:00:00',	'',	'',	'2017-07-03 13:16:00',	'2017-07-03 13:16:00'),
(55,	58,	'149906797058',	'registration',	'58',	'',	'',	'',	'',	'',	'',	'',	'',	'',	'5000',	'',	'',	'',	'',	'',	'',	'',	'',	'',	'',	'',	'',	'',	'',	'',	'',	'',	'',	'',	'',	'',	'',	'',	'',	'',	'',	'',	'',	'',	'0000-00-00 00:00:00',	'',	'',	'2017-07-03 13:16:10',	'2017-07-03 13:16:10'),
(56,	60,	'149906798860',	'registration',	'60',	'',	'',	'',	'',	'',	'',	'',	'',	'',	'5000',	'',	'',	'',	'',	'',	'',	'',	'',	'',	'',	'',	'',	'',	'',	'',	'',	'',	'',	'',	'',	'',	'',	'',	'',	'',	'',	'',	'',	'',	'0000-00-00 00:00:00',	'',	'',	'2017-07-03 13:16:28',	'2017-07-03 13:16:28'),
(57,	60,	'149906799860',	'registration',	'60',	'',	'',	'',	'',	'',	'',	'',	'',	'',	'5000',	'',	'',	'',	'',	'',	'',	'',	'',	'',	'',	'',	'',	'',	'',	'',	'',	'',	'',	'',	'',	'',	'',	'',	'',	'',	'',	'',	'',	'',	'0000-00-00 00:00:00',	'',	'',	'2017-07-03 13:16:38',	'2017-07-03 13:16:38'),
(58,	61,	'149906801761',	'registration',	'61',	'',	'',	'',	'',	'',	'',	'',	'',	'',	'5000',	'',	'',	'',	'',	'',	'',	'',	'',	'',	'',	'',	'',	'',	'',	'',	'',	'',	'',	'',	'',	'',	'',	'',	'',	'',	'',	'',	'',	'',	'0000-00-00 00:00:00',	'',	'',	'2017-07-03 13:16:57',	'2017-07-03 13:16:57'),
(59,	50,	'149932704050',	'device_registration',	'4',	'106248970895',	'null',	'Aborted',	'',	'null',	'null',	'',	'I wish to pay through another payment option.',	'INR',	'5000.0',	'',	'',	'',	'',	'',	'',	'',	'',	'',	'',	'',	'',	'',	'',	'',	'',	'',	'',	'',	'',	'N',	'null',	'null',	'0.0',	'5000.0',	'',	'null',	'',	'',	'0000-00-00 00:00:00',	'',	'order_id=149932704050&tracking_id=106248970895&bank_ref_no=null&order_status=Aborted&failure_message=&payment_mode=null&card_name=null&status_code=&status_message=I wish to pay through another payment option.&currency=INR&amount=5000.0&billing_name=&billing_address=&billing_city=&billing_state=&billing_zip=&billing_country=&billing_tel=&billing_email=&delivery_name=&delivery_address=&delivery_city=&delivery_state=&delivery_zip=&delivery_country=&delivery_tel=&merchant_param1=&merchant_param2=&merchant_param3=&merchant_param4=&merchant_param5=&vault=N&offer_type=null&offer_code=null&discount_value=0.0&mer_amount=5000.0&eci_value=&retry=null&response_code=&billing_notes=&trans_date=null&bin_country=&trans_fee=0.0&service_tax=0.0',	'2017-07-06 13:14:00',	'2017-07-06 13:14:19'),
(60,	47,	'149940840647',	'device_registration',	'5',	'106249435495',	'null',	'Aborted',	'',	'null',	'null',	'',	'Cancel reason is not specified by the customer.',	'INR',	'5000.0',	'',	'',	'',	'',	'',	'',	'',	'',	'',	'',	'',	'',	'',	'',	'',	'',	'',	'',	'',	'',	'N',	'null',	'null',	'0.0',	'5000.0',	'',	'null',	'',	'',	'0000-00-00 00:00:00',	'',	'order_id=149940840647&tracking_id=106249435495&bank_ref_no=null&order_status=Aborted&failure_message=&payment_mode=null&card_name=null&status_code=&status_message=Cancel reason is not specified by the customer.&currency=INR&amount=5000.0&billing_name=&billing_address=&billing_city=&billing_state=&billing_zip=&billing_country=&billing_tel=&billing_email=&delivery_name=&delivery_address=&delivery_city=&delivery_state=&delivery_zip=&delivery_country=&delivery_tel=&merchant_param1=&merchant_param2=&merchant_param3=&merchant_param4=&merchant_param5=&vault=N&offer_type=null&offer_code=null&discount_value=0.0&mer_amount=5000.0&eci_value=&retry=null&response_code=&billing_notes=&trans_date=null&bin_country=&trans_fee=0.0&service_tax=0.0',	'2017-07-07 11:50:06',	'2017-07-07 11:50:30'),
(61,	56,	'149948676456',	'registration',	'56',	'106249888721',	'20171895647274930',	'Success',	'',	'Debit Card',	'ICICI Bank',	'null',	'null',	'INR',	'5059.0',	'',	'',	'',	'',	'',	'',	'',	'',	'',	'',	'',	'',	'',	'',	'',	'',	'',	'',	'',	'',	'N',	'null',	'null',	'0.0',	'5000.0',	'null',	'N',	'0',	'',	'0000-00-00 00:00:00',	'',	'order_id=149948676456&tracking_id=106249888721&bank_ref_no=20171895647274930&order_status=Success&failure_message=&payment_mode=Debit Card&card_name=ICICI Bank&status_code=null&status_message=null&currency=INR&amount=5059.0&billing_name=&billing_address=&billing_city=&billing_state=&billing_zip=&billing_country=&billing_tel=&billing_email=&delivery_name=&delivery_address=&delivery_city=&delivery_state=&delivery_zip=&delivery_country=&delivery_tel=&merchant_param1=&merchant_param2=&merchant_param3=&merchant_param4=&merchant_param5=&vault=N&offer_type=null&offer_code=null&discount_value=0.0&mer_amount=5000.0&eci_value=null&retry=N&response_code=0&billing_notes=&trans_date=08/07/2017 09:41:24&bin_country=&trans_fee=50.0&service_tax=9.0\n\n\n\n\n\n\n\n\n\n',	'2017-07-08 09:36:04',	'2017-07-08 09:41:45'),
(62,	65,	'149967370965',	'registration',	'65',	'106251038849',	'1248641886',	'Success',	'',	'Net Banking',	'ICICI Bank',	'null',	'SUCCESS',	'INR',	'5005.9',	'',	'',	'',	'',	'',	'',	'',	'',	'',	'',	'',	'',	'',	'',	'',	'',	'',	'',	'',	'',	'N',	'null',	'null',	'0.0',	'5000.0',	'null',	'N',	'0',	'',	'0000-00-00 00:00:00',	'',	'order_id=149967370965&tracking_id=106251038849&bank_ref_no=1248641886&order_status=Success&failure_message=&payment_mode=Net Banking&card_name=ICICI Bank&status_code=null&status_message=SUCCESS&currency=INR&amount=5005.9&billing_name=&billing_address=&billing_city=&billing_state=&billing_zip=&billing_country=&billing_tel=&billing_email=&delivery_name=&delivery_address=&delivery_city=&delivery_state=&delivery_zip=&delivery_country=&delivery_tel=&merchant_param1=&merchant_param2=&merchant_param3=&merchant_param4=&merchant_param5=&vault=N&offer_type=null&offer_code=null&discount_value=0.0&mer_amount=5000.0&eci_value=null&retry=N&response_code=0&billing_notes=&trans_date=10/07/2017 13:32:51&bin_country=&trans_fee=5.0&service_tax=0.9',	'2017-07-10 13:31:49',	'2017-07-10 13:34:18'),
(63,	68,	'149994815768',	'registration',	'68',	'106252572216',	'null',	'Failure',	'',	'Debit Card',	'ICICI Bank',	'null',	'FAILURE - incorrect PIN',	'INR',	'5059.0',	'',	'',	'',	'',	'',	'',	'',	'',	'',	'',	'',	'',	'',	'',	'',	'',	'',	'',	'',	'',	'N',	'null',	'null',	'0.0',	'5000.0',	'null',	'Y',	'0',	'',	'0000-00-00 00:00:00',	'',	'order_id=149994815768&tracking_id=106252572216&bank_ref_no=null&order_status=Failure&failure_message=&payment_mode=Debit Card&card_name=ICICI Bank&status_code=null&status_message=FAILURE - incorrect PIN&currency=INR&amount=5059.0&billing_name=&billing_address=&billing_city=&billing_state=&billing_zip=&billing_country=&billing_tel=&billing_email=&delivery_name=&delivery_address=&delivery_city=&delivery_state=&delivery_zip=&delivery_country=&delivery_tel=&merchant_param1=&merchant_param2=&merchant_param3=&merchant_param4=&merchant_param5=&vault=N&offer_type=null&offer_code=null&discount_value=0.0&mer_amount=5000.0&eci_value=null&retry=Y&response_code=0&billing_notes=&trans_date=13/07/2017 17:49:19&bin_country=&trans_fee=50.0&service_tax=9.0',	'2017-07-13 17:45:57',	'2017-07-13 17:49:15'),
(64,	68,	'149994835868',	'registration',	'68',	'',	'',	'',	'',	'',	'',	'',	'',	'',	'5000',	'',	'',	'',	'',	'',	'',	'',	'',	'',	'',	'',	'',	'',	'',	'',	'',	'',	'',	'',	'',	'',	'',	'',	'',	'',	'',	'',	'',	'',	'0000-00-00 00:00:00',	'',	'',	'2017-07-13 17:49:18',	'2017-07-13 17:49:18'),
(65,	68,	'149995053268',	'registration',	'68',	'106252588865',	'014060',	'Success',	'',	'Debit Card',	'MasterCard Debit Card',	'null',	'Y:014060:5377548692:PPX :071312146315',	'INR',	'5059.0',	'',	'',	'',	'',	'',	'',	'',	'',	'',	'',	'',	'',	'',	'',	'',	'',	'',	'',	'',	'',	'N',	'null',	'null',	'0.0',	'5000.0',	'null',	'N',	'0',	'',	'0000-00-00 00:00:00',	'INDIA',	'order_id=149995053268&tracking_id=106252588865&bank_ref_no=014060&order_status=Success&failure_message=&payment_mode=Debit Card&card_name=MasterCard Debit Card&status_code=null&status_message=Y:014060:5377548692:PPX :071312146315&currency=INR&amount=5059.0&billing_name=&billing_address=&billing_city=&billing_state=&billing_zip=&billing_country=&billing_tel=&billing_email=&delivery_name=&delivery_address=&delivery_city=&delivery_state=&delivery_zip=&delivery_country=&delivery_tel=&merchant_param1=&merchant_param2=&merchant_param3=&merchant_param4=&merchant_param5=&vault=N&offer_type=null&offer_code=null&discount_value=0.0&mer_amount=5000.0&eci_value=null&retry=N&response_code=0&billing_notes=&trans_date=13/07/2017 18:27:39&bin_country=INDIA&trans_fee=50.0&service_tax=9.0',	'2017-07-13 18:25:32',	'2017-07-13 18:28:35'),
(66,	72,	'150011423272',	'registration',	'72',	'106253443349',	'null',	'Aborted',	'',	'null',	'null',	'',	'Do not want to make payment at this time.',	'INR',	'5000.0',	'',	'',	'',	'',	'',	'',	'',	'',	'',	'',	'',	'',	'',	'',	'',	'',	'',	'',	'',	'',	'N',	'null',	'null',	'0.0',	'5000.0',	'',	'null',	'',	'',	'0000-00-00 00:00:00',	'',	'order_id=150011423272&tracking_id=106253443349&bank_ref_no=null&order_status=Aborted&failure_message=&payment_mode=null&card_name=null&status_code=&status_message=Do not want to make payment at this time.&currency=INR&amount=5000.0&billing_name=&billing_address=&billing_city=&billing_state=&billing_zip=&billing_country=&billing_tel=&billing_email=&delivery_name=&delivery_address=&delivery_city=&delivery_state=&delivery_zip=&delivery_country=&delivery_tel=&merchant_param1=&merchant_param2=&merchant_param3=&merchant_param4=&merchant_param5=&vault=N&offer_type=null&offer_code=null&discount_value=0.0&mer_amount=5000.0&eci_value=&retry=null&response_code=&billing_notes=&trans_date=null&bin_country=&trans_fee=0.0&service_tax=0.0',	'2017-07-15 15:53:52',	'2017-07-15 15:58:00'),
(67,	72,	'150011448372',	'registration',	'72',	'',	'',	'',	'',	'',	'',	'',	'',	'',	'5000',	'',	'',	'',	'',	'',	'',	'',	'',	'',	'',	'',	'',	'',	'',	'',	'',	'',	'',	'',	'',	'',	'',	'',	'',	'',	'',	'',	'',	'',	'0000-00-00 00:00:00',	'',	'',	'2017-07-15 15:58:03',	'2017-07-15 15:58:03'),
(68,	74,	'150037574274',	'registration',	'74',	'106254711614',	'068013',	'Success',	'',	'Credit Card',	'Visa',	'null',	'Y:068013:5389685474:PPX :719911372669',	'INR',	'5053.1',	'',	'',	'',	'',	'',	'',	'',	'',	'',	'',	'',	'',	'',	'',	'',	'',	'',	'',	'',	'',	'N',	'null',	'null',	'0.0',	'5000.0',	'null',	'N',	'0',	'',	'0000-00-00 00:00:00',	'INDIA',	'order_id=150037574274&tracking_id=106254711614&bank_ref_no=068013&order_status=Success&failure_message=&payment_mode=Credit Card&card_name=Visa&status_code=null&status_message=Y:068013:5389685474:PPX :719911372669&currency=INR&amount=5053.1&billing_name=&billing_address=&billing_city=&billing_state=&billing_zip=&billing_country=&billing_tel=&billing_email=&delivery_name=&delivery_address=&delivery_city=&delivery_state=&delivery_zip=&delivery_country=&delivery_tel=&merchant_param1=&merchant_param2=&merchant_param3=&merchant_param4=&merchant_param5=&vault=N&offer_type=null&offer_code=null&discount_value=0.0&mer_amount=5000.0&eci_value=null&retry=N&response_code=0&billing_notes=&trans_date=18/07/2017 16:33:45&bin_country=INDIA&trans_fee=45.0&service_tax=8.1',	'2017-07-18 16:32:22',	'2017-07-18 16:36:20'),
(69,	83,	'150072883583',	'registration',	'83',	'106256461207',	'025875',	'Success',	'',	'Credit Card',	'MasterCard',	'null',	'Y:025875:5401060796:PPX :072213704887',	'INR',	'5053.1',	'',	'',	'',	'',	'',	'',	'',	'',	'',	'',	'',	'',	'',	'',	'',	'',	'',	'',	'',	'',	'N',	'null',	'null',	'0.0',	'5000.0',	'null',	'N',	'0',	'',	'0000-00-00 00:00:00',	'INDIA',	'order_id=150072883583&tracking_id=106256461207&bank_ref_no=025875&order_status=Success&failure_message=&payment_mode=Credit Card&card_name=MasterCard&status_code=null&status_message=Y:025875:5401060796:PPX :072213704887&currency=INR&amount=5053.1&billing_name=&billing_address=&billing_city=&billing_state=&billing_zip=&billing_country=&billing_tel=&billing_email=&delivery_name=&delivery_address=&delivery_city=&delivery_state=&delivery_zip=&delivery_country=&delivery_tel=&merchant_param1=&merchant_param2=&merchant_param3=&merchant_param4=&merchant_param5=&vault=N&offer_type=null&offer_code=null&discount_value=0.0&mer_amount=5000.0&eci_value=null&retry=N&response_code=0&billing_notes=&trans_date=22/07/2017 18:38:22&bin_country=INDIA&trans_fee=45.0&service_tax=8.1',	'2017-07-22 18:37:15',	'2017-07-22 18:38:39'),
(70,	81,	'150080001181',	'registration',	'81',	'',	'',	'',	'',	'',	'',	'',	'',	'',	'5000',	'',	'',	'',	'',	'',	'',	'',	'',	'',	'',	'',	'',	'',	'',	'',	'',	'',	'',	'',	'',	'',	'',	'',	'',	'',	'',	'',	'',	'',	'0000-00-00 00:00:00',	'',	'',	'2017-07-23 14:23:31',	'2017-07-23 14:23:31'),
(71,	81,	'150080021681',	'registration',	'81',	'',	'',	'',	'',	'',	'',	'',	'',	'',	'5000',	'',	'',	'',	'',	'',	'',	'',	'',	'',	'',	'',	'',	'',	'',	'',	'',	'',	'',	'',	'',	'',	'',	'',	'',	'',	'',	'',	'',	'',	'0000-00-00 00:00:00',	'',	'',	'2017-07-23 14:26:56',	'2017-07-23 14:26:56'),
(72,	81,	'150080235081',	'registration',	'81',	'106256759442',	'172040591438',	'Success',	'',	'Net Banking',	'HDFC Bank',	'null',	'null',	'INR',	'5005.9',	'',	'',	'',	'',	'',	'',	'',	'',	'',	'',	'',	'',	'',	'',	'',	'',	'',	'',	'',	'',	'N',	'null',	'null',	'0.0',	'5000.0',	'null',	'N',	'0',	'',	'0000-00-00 00:00:00',	'',	'order_id=150080235081&tracking_id=106256759442&bank_ref_no=172040591438&order_status=Success&failure_message=&payment_mode=Net Banking&card_name=HDFC Bank&status_code=null&status_message=null&currency=INR&amount=5005.9&billing_name=&billing_address=&billing_city=&billing_state=&billing_zip=&billing_country=&billing_tel=&billing_email=&delivery_name=&delivery_address=&delivery_city=&delivery_state=&delivery_zip=&delivery_country=&delivery_tel=&merchant_param1=&merchant_param2=&merchant_param3=&merchant_param4=&merchant_param5=&vault=N&offer_type=null&offer_code=null&discount_value=0.0&mer_amount=5000.0&eci_value=null&retry=N&response_code=0&billing_notes=&trans_date=23/07/2017 15:03:28&bin_country=&trans_fee=5.0&service_tax=0.9',	'2017-07-23 15:02:30',	'2017-07-23 15:04:48'),
(73,	79,	'150089363579',	'registration',	'79',	'',	'',	'',	'',	'',	'',	'',	'',	'',	'5000',	'',	'',	'',	'',	'',	'',	'',	'',	'',	'',	'',	'',	'',	'',	'',	'',	'',	'',	'',	'',	'',	'',	'',	'',	'',	'',	'',	'',	'',	'0000-00-00 00:00:00',	'',	'',	'2017-07-24 16:23:55',	'2017-07-24 16:23:55'),
(74,	79,	'150089404979',	'registration',	'79',	'106257180161',	'null',	'Aborted',	'',	'null',	'null',	'',	'Cancel reason is not specified by the customer.',	'INR',	'5000.0',	'',	'',	'',	'',	'',	'',	'',	'',	'',	'',	'',	'',	'',	'',	'',	'',	'',	'',	'',	'',	'N',	'null',	'null',	'0.0',	'5000.0',	'',	'null',	'',	'',	'0000-00-00 00:00:00',	'',	'order_id=150089404979&tracking_id=106257180161&bank_ref_no=null&order_status=Aborted&failure_message=&payment_mode=null&card_name=null&status_code=&status_message=Cancel reason is not specified by the customer.&currency=INR&amount=5000.0&billing_name=&billing_address=&billing_city=&billing_state=&billing_zip=&billing_country=&billing_tel=&billing_email=&delivery_name=&delivery_address=&delivery_city=&delivery_state=&delivery_zip=&delivery_country=&delivery_tel=&merchant_param1=&merchant_param2=&merchant_param3=&merchant_param4=&merchant_param5=&vault=N&offer_type=null&offer_code=null&discount_value=0.0&mer_amount=5000.0&eci_value=&retry=null&response_code=&billing_notes=&trans_date=null&bin_country=&trans_fee=0.0&service_tax=0.0',	'2017-07-24 16:30:49',	'2017-07-24 16:34:14'),
(75,	79,	'150089425779',	'registration',	'79',	'',	'',	'',	'',	'',	'',	'',	'',	'',	'5000',	'',	'',	'',	'',	'',	'',	'',	'',	'',	'',	'',	'',	'',	'',	'',	'',	'',	'',	'',	'',	'',	'',	'',	'',	'',	'',	'',	'',	'',	'0000-00-00 00:00:00',	'',	'',	'2017-07-24 16:34:17',	'2017-07-24 16:34:17'),
(76,	80,	'150089574280',	'registration',	'80',	'106257192365',	'507970919',	'Success',	'',	'Net Banking',	'Axis Bank',	'null',	'null',	'INR',	'5005.9',	'',	'',	'',	'',	'',	'',	'',	'',	'',	'',	'',	'',	'',	'',	'',	'',	'',	'',	'',	'',	'N',	'null',	'null',	'0.0',	'5000.0',	'null',	'N',	'0',	'',	'0000-00-00 00:00:00',	'',	'order_id=150089574280&tracking_id=106257192365&bank_ref_no=507970919&order_status=Success&failure_message=&payment_mode=Net Banking&card_name=Axis Bank&status_code=null&status_message=null&currency=INR&amount=5005.9&billing_name=&billing_address=&billing_city=&billing_state=&billing_zip=&billing_country=&billing_tel=&billing_email=&delivery_name=&delivery_address=&delivery_city=&delivery_state=&delivery_zip=&delivery_country=&delivery_tel=&merchant_param1=&merchant_param2=&merchant_param3=&merchant_param4=&merchant_param5=&vault=N&offer_type=null&offer_code=null&discount_value=0.0&mer_amount=5000.0&eci_value=null&retry=N&response_code=0&billing_notes=&trans_date=24/07/2017 17:00:00&bin_country=&trans_fee=5.0&service_tax=0.9',	'2017-07-24 16:59:02',	'2017-07-24 17:00:58'),
(77,	77,	'150105276077',	'registration',	'77',	'106257917463',	'075669',	'Success',	'',	'Credit Card',	'Visa',	'null',	'Y:075669:5412787595:PPX :720707526537',	'INR',	'5053.1',	'',	'',	'',	'',	'',	'',	'',	'',	'',	'',	'',	'',	'',	'',	'',	'',	'',	'',	'',	'',	'N',	'null',	'null',	'0.0',	'5000.0',	'null',	'N',	'0',	'',	'0000-00-00 00:00:00',	'INDIA',	'order_id=150105276077&tracking_id=106257917463&bank_ref_no=075669&order_status=Success&failure_message=&payment_mode=Credit Card&card_name=Visa&status_code=null&status_message=Y:075669:5412787595:PPX :720707526537&currency=INR&amount=5053.1&billing_name=&billing_address=&billing_city=&billing_state=&billing_zip=&billing_country=&billing_tel=&billing_email=&delivery_name=&delivery_address=&delivery_city=&delivery_state=&delivery_zip=&delivery_country=&delivery_tel=&merchant_param1=&merchant_param2=&merchant_param3=&merchant_param4=&merchant_param5=&vault=N&offer_type=null&offer_code=null&discount_value=0.0&mer_amount=5000.0&eci_value=null&retry=N&response_code=0&billing_notes=&trans_date=26/07/2017 12:42:03&bin_country=INDIA&trans_fee=45.0&service_tax=8.1',	'2017-07-26 12:36:00',	'2017-07-26 12:41:58'),
(78,	79,	'150105974679',	'registration',	'79',	'106257957793',	'null',	'Failure',	'',	'Debit Card',	'Visa Debit Card',	'null',	'5005-Duplicate transaction.',	'INR',	'5059.0',	'',	'',	'',	'',	'',	'',	'',	'',	'',	'',	'',	'',	'',	'',	'',	'',	'',	'',	'',	'',	'N',	'null',	'null',	'0.0',	'5000.0',	'null',	'Y',	'0',	'',	'0000-00-00 00:00:00',	'INDIA',	'order_id=150105974679&tracking_id=106257957793&bank_ref_no=null&order_status=Failure&failure_message=&payment_mode=Debit Card&card_name=Visa Debit Card&status_code=null&status_message=5005-Duplicate transaction.&currency=INR&amount=5059.0&billing_name=&billing_address=&billing_city=&billing_state=&billing_zip=&billing_country=&billing_tel=&billing_email=&delivery_name=&delivery_address=&delivery_city=&delivery_state=&delivery_zip=&delivery_country=&delivery_tel=&merchant_param1=&merchant_param2=&merchant_param3=&merchant_param4=&merchant_param5=&vault=N&offer_type=null&offer_code=null&discount_value=0.0&mer_amount=5000.0&eci_value=null&retry=Y&response_code=0&billing_notes=&trans_date=26/07/2017 14:35:42&bin_country=INDIA&trans_fee=50.0&service_tax=9.0',	'2017-07-26 14:32:26',	'2017-07-26 14:35:06'),
(79,	79,	'150105990879',	'registration',	'79',	'',	'',	'',	'',	'',	'',	'',	'',	'',	'5000',	'',	'',	'',	'',	'',	'',	'',	'',	'',	'',	'',	'',	'',	'',	'',	'',	'',	'',	'',	'',	'',	'',	'',	'',	'',	'',	'',	'',	'',	'0000-00-00 00:00:00',	'',	'',	'2017-07-26 14:35:08',	'2017-07-26 14:35:08'),
(80,	79,	'150106000179',	'registration',	'79',	'106257958167',	'023078',	'Success',	'',	'Debit Card',	'Visa Debit Card',	'null',	'Y:023078:5413105176:PPX :720709788575',	'INR',	'5059.0',	'',	'',	'',	'',	'',	'',	'',	'',	'',	'',	'',	'',	'',	'',	'',	'',	'',	'',	'',	'',	'N',	'null',	'null',	'0.0',	'5000.0',	'null',	'N',	'0',	'',	'0000-00-00 00:00:00',	'INDIA',	'order_id=150106000179&tracking_id=106257958167&bank_ref_no=023078&order_status=Success&failure_message=&payment_mode=Debit Card&card_name=Visa Debit Card&status_code=null&status_message=Y:023078:5413105176:PPX :720709788575&currency=INR&amount=5059.0&billing_name=&billing_address=&billing_city=&billing_state=&billing_zip=&billing_country=&billing_tel=&billing_email=&delivery_name=&delivery_address=&delivery_city=&delivery_state=&delivery_zip=&delivery_country=&delivery_tel=&merchant_param1=&merchant_param2=&merchant_param3=&merchant_param4=&merchant_param5=&vault=N&offer_type=null&offer_code=null&discount_value=0.0&mer_amount=5000.0&eci_value=null&retry=N&response_code=0&billing_notes=&trans_date=26/07/2017 14:38:38&bin_country=INDIA&trans_fee=50.0&service_tax=9.0\n\n\n\n\n\n\n\n\n\n',	'2017-07-26 14:36:41',	'2017-07-26 14:38:26'),
(81,	87,	'150166566687',	'registration',	'87',	'',	'',	'',	'',	'',	'',	'',	'',	'',	'5000',	'',	'',	'',	'',	'',	'',	'',	'',	'',	'',	'',	'',	'',	'',	'',	'',	'',	'',	'',	'',	'',	'',	'',	'',	'',	'',	'',	'',	'',	'0000-00-00 00:00:00',	'',	'',	'2017-08-02 14:51:06',	'2017-08-02 14:51:06'),
(82,	87,	'150166572087',	'registration',	'87',	'106260836613',	'153566',	'Success',	'',	'Credit Card',	'MasterCard',	'null',	'Y:153566:5433907398:PPX :080209247197',	'INR',	'5053.1',	'',	'',	'',	'',	'',	'',	'',	'',	'',	'',	'',	'',	'',	'',	'',	'',	'',	'',	'',	'',	'N',	'null',	'null',	'0.0',	'5000.0',	'null',	'N',	'0',	'',	'0000-00-00 00:00:00',	'INDIA',	'order_id=150166572087&tracking_id=106260836613&bank_ref_no=153566&order_status=Success&failure_message=&payment_mode=Credit Card&card_name=MasterCard&status_code=null&status_message=Y:153566:5433907398:PPX :080209247197&currency=INR&amount=5053.1&billing_name=&billing_address=&billing_city=&billing_state=&billing_zip=&billing_country=&billing_tel=&billing_email=&delivery_name=&delivery_address=&delivery_city=&delivery_state=&delivery_zip=&delivery_country=&delivery_tel=&merchant_param1=&merchant_param2=&merchant_param3=&merchant_param4=&merchant_param5=&vault=N&offer_type=null&offer_code=null&discount_value=0.0&mer_amount=5000.0&eci_value=null&retry=N&response_code=0&billing_notes=&trans_date=02/08/2017 14:53:11&bin_country=INDIA&trans_fee=45.0&service_tax=8.1',	'2017-08-02 14:52:00',	'2017-08-02 14:52:51'),
(83,	49,	'150167341549',	'registration',	'49',	'106260903150',	'null',	'Aborted',	'',	'null',	'null',	'',	'I wish to review my order again before completing the transaction.',	'INR',	'5000.0',	'',	'',	'',	'',	'',	'',	'',	'',	'',	'',	'',	'',	'',	'',	'',	'',	'',	'',	'',	'',	'N',	'null',	'null',	'0.0',	'5000.0',	'',	'null',	'',	'',	'0000-00-00 00:00:00',	'',	'order_id=150167341549&tracking_id=106260903150&bank_ref_no=null&order_status=Aborted&failure_message=&payment_mode=null&card_name=null&status_code=&status_message=I wish to review my order again before completing the transaction.&currency=INR&amount=5000.0&billing_name=&billing_address=&billing_city=&billing_state=&billing_zip=&billing_country=&billing_tel=&billing_email=&delivery_name=&delivery_address=&delivery_city=&delivery_state=&delivery_zip=&delivery_country=&delivery_tel=&merchant_param1=&merchant_param2=&merchant_param3=&merchant_param4=&merchant_param5=&vault=N&offer_type=null&offer_code=null&discount_value=0.0&mer_amount=5000.0&eci_value=&retry=null&response_code=&billing_notes=&trans_date=null&bin_country=&trans_fee=0.0&service_tax=0.0',	'2017-08-02 17:00:15',	'2017-08-02 17:00:47'),
(84,	49,	'150167344949',	'registration',	'49',	'',	'',	'',	'',	'',	'',	'',	'',	'',	'5000',	'',	'',	'',	'',	'',	'',	'',	'',	'',	'',	'',	'',	'',	'',	'',	'',	'',	'',	'',	'',	'',	'',	'',	'',	'',	'',	'',	'',	'',	'0000-00-00 00:00:00',	'',	'',	'2017-08-02 17:00:49',	'2017-08-02 17:00:49'),
(85,	50,	'150167522850',	'device_registration',	'6',	'106260916029',	'null',	'Aborted',	'',	'null',	'null',	'',	'Cancel reason is not specified by the customer.',	'INR',	'5000.0',	'',	'',	'',	'',	'',	'',	'',	'',	'',	'',	'',	'',	'',	'',	'',	'',	'',	'',	'',	'',	'N',	'null',	'null',	'0.0',	'5000.0',	'',	'null',	'',	'',	'0000-00-00 00:00:00',	'',	'order_id=150167522850&tracking_id=106260916029&bank_ref_no=null&order_status=Aborted&failure_message=&payment_mode=null&card_name=null&status_code=&status_message=Cancel reason is not specified by the customer.&currency=INR&amount=5000.0&billing_name=&billing_address=&billing_city=&billing_state=&billing_zip=&billing_country=&billing_tel=&billing_email=&delivery_name=&delivery_address=&delivery_city=&delivery_state=&delivery_zip=&delivery_country=&delivery_tel=&merchant_param1=&merchant_param2=&merchant_param3=&merchant_param4=&merchant_param5=&vault=N&offer_type=null&offer_code=null&discount_value=0.0&mer_amount=5000.0&eci_value=&retry=null&response_code=&billing_notes=&trans_date=null&bin_country=&trans_fee=0.0&service_tax=0.0',	'2017-08-02 17:30:28',	'2017-08-02 17:39:58'),
(86,	94,	'150168408094',	'registration',	'94',	'106260980793',	'427739',	'Success',	'',	'Debit Card',	'Visa Debit Card',	'null',	'Y:427739:5434844352:PPX :721414041159',	'INR',	'5059.0',	'',	'',	'',	'',	'',	'',	'',	'',	'',	'',	'',	'',	'',	'',	'',	'',	'',	'',	'',	'',	'N',	'null',	'null',	'0.0',	'5000.0',	'null',	'N',	'0',	'',	'0000-00-00 00:00:00',	'INDIA',	'order_id=150168408094&tracking_id=106260980793&bank_ref_no=427739&order_status=Success&failure_message=&payment_mode=Debit Card&card_name=Visa Debit Card&status_code=null&status_message=Y:427739:5434844352:PPX :721414041159&currency=INR&amount=5059.0&billing_name=&billing_address=&billing_city=&billing_state=&billing_zip=&billing_country=&billing_tel=&billing_email=&delivery_name=&delivery_address=&delivery_city=&delivery_state=&delivery_zip=&delivery_country=&delivery_tel=&merchant_param1=&merchant_param2=&merchant_param3=&merchant_param4=&merchant_param5=&vault=N&offer_type=null&offer_code=null&discount_value=0.0&mer_amount=5000.0&eci_value=null&retry=N&response_code=0&billing_notes=&trans_date=02/08/2017 20:01:52&bin_country=INDIA&trans_fee=50.0&service_tax=9.0\n\n\n\n\n\n\n\n\n\n',	'2017-08-02 19:58:00',	'2017-08-02 20:02:05'),
(87,	89,	'150176982889',	'registration',	'89',	'106261410459',	'510419515',	'Success',	'',	'Net Banking',	'Axis Bank',	'null',	'null',	'INR',	'5005.9',	'',	'',	'',	'',	'',	'',	'',	'',	'',	'',	'',	'',	'',	'',	'',	'',	'',	'',	'',	'',	'N',	'null',	'null',	'0.0',	'5000.0',	'null',	'N',	'0',	'',	'0000-00-00 00:00:00',	'',	'order_id=150176982889&tracking_id=106261410459&bank_ref_no=510419515&order_status=Success&failure_message=&payment_mode=Net Banking&card_name=Axis Bank&status_code=null&status_message=null&currency=INR&amount=5005.9&billing_name=&billing_address=&billing_city=&billing_state=&billing_zip=&billing_country=&billing_tel=&billing_email=&delivery_name=&delivery_address=&delivery_city=&delivery_state=&delivery_zip=&delivery_country=&delivery_tel=&merchant_param1=&merchant_param2=&merchant_param3=&merchant_param4=&merchant_param5=&vault=N&offer_type=null&offer_code=null&discount_value=0.0&mer_amount=5000.0&eci_value=null&retry=N&response_code=0&billing_notes=&trans_date=03/08/2017 19:48:15&bin_country=&trans_fee=5.0&service_tax=0.9',	'2017-08-03 19:47:08',	'2017-08-03 19:49:19'),
(88,	47,	'150219429247',	'registration',	'47',	'106263460355',	'null',	'Aborted',	'',	'null',	'null',	'',	'Cancel reason is not specified by the customer.',	'INR',	'5000.0',	'',	'',	'',	'',	'',	'',	'',	'',	'',	'',	'',	'',	'',	'',	'',	'',	'',	'',	'',	'',	'N',	'null',	'null',	'0.0',	'5000.0',	'',	'null',	'',	'',	'0000-00-00 00:00:00',	'',	'order_id=150219429247&tracking_id=106263460355&bank_ref_no=null&order_status=Aborted&failure_message=&payment_mode=null&card_name=null&status_code=&status_message=Cancel reason is not specified by the customer.&currency=INR&amount=5000.0&billing_name=&billing_address=&billing_city=&billing_state=&billing_zip=&billing_country=&billing_tel=&billing_email=&delivery_name=&delivery_address=&delivery_city=&delivery_state=&delivery_zip=&delivery_country=&delivery_tel=&merchant_param1=&merchant_param2=&merchant_param3=&merchant_param4=&merchant_param5=&vault=N&offer_type=null&offer_code=null&discount_value=0.0&mer_amount=5000.0&eci_value=&retry=null&response_code=&billing_notes=&trans_date=null&bin_country=&trans_fee=0.0&service_tax=0.0',	'2017-08-08 17:41:32',	'2017-08-08 17:42:09'),
(89,	47,	'150219433147',	'registration',	'47',	'',	'',	'',	'',	'',	'',	'',	'',	'',	'5000',	'',	'',	'',	'',	'',	'',	'',	'',	'',	'',	'',	'',	'',	'',	'',	'',	'',	'',	'',	'',	'',	'',	'',	'',	'',	'',	'',	'',	'',	'0000-00-00 00:00:00',	'',	'',	'2017-08-08 17:42:11',	'2017-08-08 17:42:11'),
(90,	47,	'150219433847',	'registration',	'47',	'',	'',	'',	'',	'',	'',	'',	'',	'',	'5000',	'',	'',	'',	'',	'',	'',	'',	'',	'',	'',	'',	'',	'',	'',	'',	'',	'',	'',	'',	'',	'',	'',	'',	'',	'',	'',	'',	'',	'',	'0000-00-00 00:00:00',	'',	'',	'2017-08-08 17:42:18',	'2017-08-08 17:42:18'),
(91,	66,	'150239987166',	'registration',	'66',	'',	'',	'',	'',	'',	'',	'',	'',	'',	'5000',	'',	'',	'',	'',	'',	'',	'',	'',	'',	'',	'',	'',	'',	'',	'',	'',	'',	'',	'',	'',	'',	'',	'',	'',	'',	'',	'',	'',	'',	'0000-00-00 00:00:00',	'',	'',	'2017-08-11 02:47:51',	'2017-08-11 02:47:51'),
(92,	66,	'150239990166',	'registration',	'66',	'',	'',	'',	'',	'',	'',	'',	'',	'',	'5000',	'',	'',	'',	'',	'',	'',	'',	'',	'',	'',	'',	'',	'',	'',	'',	'',	'',	'',	'',	'',	'',	'',	'',	'',	'',	'',	'',	'',	'',	'0000-00-00 00:00:00',	'',	'',	'2017-08-11 02:48:21',	'2017-08-11 02:48:21'),
(93,	66,	'150239995266',	'registration',	'66',	'',	'',	'',	'',	'',	'',	'',	'',	'',	'5000',	'',	'',	'',	'',	'',	'',	'',	'',	'',	'',	'',	'',	'',	'',	'',	'',	'',	'',	'',	'',	'',	'',	'',	'',	'',	'',	'',	'',	'',	'0000-00-00 00:00:00',	'',	'',	'2017-08-11 02:49:12',	'2017-08-11 02:49:12'),
(94,	66,	'150239999366',	'registration',	'66',	'106264517322',	'null',	'Aborted',	'',	'null',	'null',	'',	'Cancel reason is not specified by the customer.',	'INR',	'5000.0',	'',	'',	'',	'',	'',	'',	'',	'',	'',	'',	'',	'',	'',	'',	'',	'',	'',	'',	'',	'',	'N',	'null',	'null',	'0.0',	'5000.0',	'',	'null',	'',	'',	'0000-00-00 00:00:00',	'',	'order_id=150239999366&tracking_id=106264517322&bank_ref_no=null&order_status=Aborted&failure_message=&payment_mode=null&card_name=null&status_code=&status_message=Cancel reason is not specified by the customer.&currency=INR&amount=5000.0&billing_name=&billing_address=&billing_city=&billing_state=&billing_zip=&billing_country=&billing_tel=&billing_email=&delivery_name=&delivery_address=&delivery_city=&delivery_state=&delivery_zip=&delivery_country=&delivery_tel=&merchant_param1=&merchant_param2=&merchant_param3=&merchant_param4=&merchant_param5=&vault=N&offer_type=null&offer_code=null&discount_value=0.0&mer_amount=5000.0&eci_value=&retry=null&response_code=&billing_notes=&trans_date=null&bin_country=&trans_fee=0.0&service_tax=0.0',	'2017-08-11 02:49:53',	'2017-08-11 03:05:11'),
(95,	66,	'150240091366',	'registration',	'66',	'106264517376',	'null',	'Aborted',	'',	'null',	'null',	'',	'Cancel reason is not specified by the customer.',	'INR',	'5000.0',	'',	'',	'',	'',	'',	'',	'',	'',	'',	'',	'',	'',	'',	'',	'',	'',	'',	'',	'',	'',	'N',	'null',	'null',	'0.0',	'5000.0',	'',	'null',	'',	'',	'0000-00-00 00:00:00',	'',	'order_id=150240091366&tracking_id=106264517376&bank_ref_no=null&order_status=Aborted&failure_message=&payment_mode=null&card_name=null&status_code=&status_message=Cancel reason is not specified by the customer.&currency=INR&amount=5000.0&billing_name=&billing_address=&billing_city=&billing_state=&billing_zip=&billing_country=&billing_tel=&billing_email=&delivery_name=&delivery_address=&delivery_city=&delivery_state=&delivery_zip=&delivery_country=&delivery_tel=&merchant_param1=&merchant_param2=&merchant_param3=&merchant_param4=&merchant_param5=&vault=N&offer_type=null&offer_code=null&discount_value=0.0&mer_amount=5000.0&eci_value=&retry=null&response_code=&billing_notes=&trans_date=null&bin_country=&trans_fee=0.0&service_tax=0.0',	'2017-08-11 03:05:13',	'2017-08-11 03:05:31'),
(96,	66,	'150240093466',	'registration',	'66',	'',	'',	'',	'',	'',	'',	'',	'',	'',	'5000',	'',	'',	'',	'',	'',	'',	'',	'',	'',	'',	'',	'',	'',	'',	'',	'',	'',	'',	'',	'',	'',	'',	'',	'',	'',	'',	'',	'',	'',	'0000-00-00 00:00:00',	'',	'',	'2017-08-11 03:05:34',	'2017-08-11 03:05:34'),
(97,	83,	'150297323483',	'device_registration',	'7',	'',	'',	'',	'',	'',	'',	'',	'',	'',	'5000',	'',	'',	'',	'',	'',	'',	'',	'',	'',	'',	'',	'',	'',	'',	'',	'',	'',	'',	'',	'',	'',	'',	'',	'',	'',	'',	'',	'',	'',	'0000-00-00 00:00:00',	'',	'',	'2017-08-17 18:03:54',	'2017-08-17 18:03:54'),
(98,	83,	'150303011483',	'device_registration',	'8',	'',	'',	'',	'',	'',	'',	'',	'',	'',	'5000',	'',	'',	'',	'',	'',	'',	'',	'',	'',	'',	'',	'',	'',	'',	'',	'',	'',	'',	'',	'',	'',	'',	'',	'',	'',	'',	'',	'',	'',	'0000-00-00 00:00:00',	'',	'',	'2017-08-18 09:51:54',	'2017-08-18 09:51:54'),
(99,	83,	'150303184683',	'device_registration',	'9',	'106267756656',	'066564',	'Success',	'',	'Credit Card',	'Visa',	'null',	'Y:066564:5477810952:PPX :723004379921',	'INR',	'5053.1',	'',	'',	'',	'',	'',	'',	'',	'',	'',	'',	'',	'',	'',	'',	'',	'',	'',	'',	'',	'',	'N',	'null',	'null',	'0.0',	'5000.0',	'null',	'N',	'0',	'',	'0000-00-00 00:00:00',	'INDIA',	'order_id=150303184683&tracking_id=106267756656&bank_ref_no=066564&order_status=Success&failure_message=&payment_mode=Credit Card&card_name=Visa&status_code=null&status_message=Y:066564:5477810952:PPX :723004379921&currency=INR&amount=5053.1&billing_name=&billing_address=&billing_city=&billing_state=&billing_zip=&billing_country=&billing_tel=&billing_email=&delivery_name=&delivery_address=&delivery_city=&delivery_state=&delivery_zip=&delivery_country=&delivery_tel=&merchant_param1=&merchant_param2=&merchant_param3=&merchant_param4=&merchant_param5=&vault=N&offer_type=null&offer_code=null&discount_value=0.0&mer_amount=5000.0&eci_value=null&retry=N&response_code=0&billing_notes=&trans_date=18/08/2017 10:22:17&bin_country=INDIA&trans_fee=45.0&service_tax=8.1',	'2017-08-18 10:20:46',	'2017-08-18 10:21:57'),
(100,	83,	'150303253583',	'device_registration',	'10',	'106267762601',	'079382',	'Success',	'',	'Credit Card',	'Visa',	'null',	'Y:079382:5477839111:PPX :723005401309',	'INR',	'5053.1',	'',	'',	'',	'',	'',	'',	'',	'',	'',	'',	'',	'',	'',	'',	'',	'',	'',	'',	'',	'',	'N',	'null',	'null',	'0.0',	'5000.0',	'null',	'N',	'0',	'',	'0000-00-00 00:00:00',	'INDIA',	'order_id=150303253583&tracking_id=106267762601&bank_ref_no=079382&order_status=Success&failure_message=&payment_mode=Credit Card&card_name=Visa&status_code=null&status_message=Y:079382:5477839111:PPX :723005401309&currency=INR&amount=5053.1&billing_name=&billing_address=&billing_city=&billing_state=&billing_zip=&billing_country=&billing_tel=&billing_email=&delivery_name=&delivery_address=&delivery_city=&delivery_state=&delivery_zip=&delivery_country=&delivery_tel=&merchant_param1=&merchant_param2=&merchant_param3=&merchant_param4=&merchant_param5=&vault=N&offer_type=null&offer_code=null&discount_value=0.0&mer_amount=5000.0&eci_value=null&retry=N&response_code=0&billing_notes=&trans_date=18/08/2017 10:33:40&bin_country=INDIA&trans_fee=45.0&service_tax=8.1',	'2017-08-18 10:32:15',	'2017-08-18 10:33:55'),
(101,	83,	'150303398383',	'device_registration',	'11',	'106267775253',	'005448',	'Success',	'',	'Credit Card',	'Visa',	'null',	'Y:005448:5477901692:PPX :723005452617',	'INR',	'1009.0',	'',	'',	'',	'',	'',	'',	'',	'',	'',	'',	'',	'',	'',	'',	'',	'',	'',	'',	'',	'',	'N',	'null',	'null',	'0.0',	'1000.0',	'null',	'N',	'0',	'',	'0000-00-00 00:00:00',	'INDIA',	'order_id=150303398383&tracking_id=106267775253&bank_ref_no=005448&order_status=Success&failure_message=&payment_mode=Credit Card&card_name=Visa&status_code=null&status_message=Y:005448:5477901692:PPX :723005452617&currency=INR&amount=1009.0&billing_name=&billing_address=&billing_city=&billing_state=&billing_zip=&billing_country=&billing_tel=&billing_email=&delivery_name=&delivery_address=&delivery_city=&delivery_state=&delivery_zip=&delivery_country=&delivery_tel=&merchant_param1=&merchant_param2=&merchant_param3=&merchant_param4=&merchant_param5=&vault=N&offer_type=null&offer_code=null&discount_value=0.0&mer_amount=1000.0&eci_value=null&retry=N&response_code=0&billing_notes=&trans_date=18/08/2017 10:57:52&bin_country=INDIA&trans_fee=9.0&service_tax=0.0',	'2017-08-18 10:56:23',	'2017-08-18 10:58:00'),
(102,	83,	'150303444083',	'device_registration',	'12',	'106267782044',	'023341',	'Success',	'',	'Credit Card',	'Visa',	'null',	'Y:023341:5477949730:PPX :723005499427',	'INR',	'1009.0',	'',	'',	'',	'',	'',	'',	'',	'',	'',	'',	'',	'',	'',	'',	'',	'',	'',	'',	'',	'',	'N',	'null',	'null',	'0.0',	'1000.0',	'null',	'Y',	'0',	'',	'0000-00-00 00:00:00',	'INDIA',	'order_id=150303444083&tracking_id=106267782044&bank_ref_no=023341&order_status=Success&failure_message=&payment_mode=Credit Card&card_name=Visa&status_code=null&status_message=Y:023341:5477949730:PPX :723005499427&currency=INR&amount=1009.0&billing_name=&billing_address=&billing_city=&billing_state=&billing_zip=&billing_country=&billing_tel=&billing_email=&delivery_name=&delivery_address=&delivery_city=&delivery_state=&delivery_zip=&delivery_country=&delivery_tel=&merchant_param1=&merchant_param2=&merchant_param3=&merchant_param4=&merchant_param5=&vault=N&offer_type=null&offer_code=null&discount_value=0.0&mer_amount=1000.0&eci_value=null&retry=Y&response_code=0&billing_notes=&trans_date=18/08/2017 11:09:30&bin_country=INDIA&trans_fee=9.0&service_tax=0.0',	'2017-08-18 11:04:00',	'2017-08-18 11:11:18'),
(103,	83,	'150303521083',	'device_registration',	'13',	'106267786567',	'031833',	'Success',	'',	'Credit Card',	'Visa',	'null',	'Y:031833:5477980454:PPX :723005519749',	'INR',	'1009.0',	'',	'',	'',	'',	'',	'',	'',	'',	'',	'',	'',	'',	'',	'',	'',	'',	'',	'',	'',	'',	'N',	'null',	'null',	'0.0',	'1000.0',	'null',	'N',	'0',	'',	'0000-00-00 00:00:00',	'INDIA',	'order_id=150303521083&tracking_id=106267786567&bank_ref_no=031833&order_status=Success&failure_message=&payment_mode=Credit Card&card_name=Visa&status_code=null&status_message=Y:031833:5477980454:PPX :723005519749&currency=INR&amount=1009.0&billing_name=&billing_address=&billing_city=&billing_state=&billing_zip=&billing_country=&billing_tel=&billing_email=&delivery_name=&delivery_address=&delivery_city=&delivery_state=&delivery_zip=&delivery_country=&delivery_tel=&merchant_param1=&merchant_param2=&merchant_param3=&merchant_param4=&merchant_param5=&vault=N&offer_type=null&offer_code=null&discount_value=0.0&mer_amount=1000.0&eci_value=null&retry=N&response_code=0&billing_notes=&trans_date=18/08/2017 11:18:09&bin_country=INDIA&trans_fee=9.0&service_tax=0.0',	'2017-08-18 11:16:50',	'2017-08-18 11:18:27'),
(104,	83,	'150303563183',	'device_registration',	'14',	'106267790382',	'040321',	'Success',	'',	'Credit Card',	'Visa',	'null',	'Y:040321:5478002811:PPX :723005538269',	'INR',	'1009.0',	'',	'',	'',	'',	'',	'',	'',	'',	'',	'',	'',	'',	'',	'',	'',	'',	'',	'',	'',	'',	'N',	'null',	'null',	'0.0',	'1000.0',	'null',	'N',	'0',	'',	'0000-00-00 00:00:00',	'INDIA',	'order_id=150303563183&tracking_id=106267790382&bank_ref_no=040321&order_status=Success&failure_message=&payment_mode=Credit Card&card_name=Visa&status_code=null&status_message=Y:040321:5478002811:PPX :723005538269&currency=INR&amount=1009.0&billing_name=&billing_address=&billing_city=&billing_state=&billing_zip=&billing_country=&billing_tel=&billing_email=&delivery_name=&delivery_address=&delivery_city=&delivery_state=&delivery_zip=&delivery_country=&delivery_tel=&merchant_param1=&merchant_param2=&merchant_param3=&merchant_param4=&merchant_param5=&vault=N&offer_type=null&offer_code=null&discount_value=0.0&mer_amount=1000.0&eci_value=null&retry=N&response_code=0&billing_notes=&trans_date=18/08/2017 11:25:11&bin_country=INDIA&trans_fee=9.0&service_tax=0.0',	'2017-08-18 11:23:51',	'2017-08-18 11:25:40'),
(105,	83,	'150303634383',	'device_registration',	'15',	'106267796679',	'054531',	'Success',	'',	'Credit Card',	'Visa',	'null',	'Y:054531:5478034813:PPX :723006564855',	'INR',	'5053.1',	'',	'',	'',	'',	'',	'',	'',	'',	'',	'',	'',	'',	'',	'',	'',	'',	'',	'',	'',	'',	'N',	'null',	'null',	'0.0',	'5000.0',	'null',	'N',	'0',	'',	'0000-00-00 00:00:00',	'INDIA',	'order_id=150303634383&tracking_id=106267796679&bank_ref_no=054531&order_status=Success&failure_message=&payment_mode=Credit Card&card_name=Visa&status_code=null&status_message=Y:054531:5478034813:PPX :723006564855&currency=INR&amount=5053.1&billing_name=&billing_address=&billing_city=&billing_state=&billing_zip=&billing_country=&billing_tel=&billing_email=&delivery_name=&delivery_address=&delivery_city=&delivery_state=&delivery_zip=&delivery_country=&delivery_tel=&merchant_param1=&merchant_param2=&merchant_param3=&merchant_param4=&merchant_param5=&vault=N&offer_type=null&offer_code=null&discount_value=0.0&mer_amount=5000.0&eci_value=null&retry=N&response_code=0&billing_notes=&trans_date=18/08/2017 11:37:07&bin_country=INDIA&trans_fee=45.0&service_tax=8.1',	'2017-08-18 11:35:43',	'2017-08-18 11:37:38'),
(106,	47,	'150329417047',	'registration',	'47',	'',	'',	'',	'',	'',	'',	'',	'',	'',	'5000',	'',	'',	'',	'',	'',	'',	'',	'',	'',	'',	'',	'',	'',	'',	'',	'',	'',	'',	'',	'',	'',	'',	'',	'',	'',	'',	'',	'',	'',	'0000-00-00 00:00:00',	'',	'',	'2017-08-21 11:12:50',	'2017-08-21 11:12:50'),
(107,	47,	'150329419947',	'registration',	'47',	'',	'',	'',	'',	'',	'',	'',	'',	'',	'5000',	'',	'',	'',	'',	'',	'',	'',	'',	'',	'',	'',	'',	'',	'',	'',	'',	'',	'',	'',	'',	'',	'',	'',	'',	'',	'',	'',	'',	'',	'0000-00-00 00:00:00',	'',	'',	'2017-08-21 11:13:19',	'2017-08-21 11:13:19'),
(108,	103,	'1503479776103',	'registration',	'103',	'106269899298',	'987187',	'Success',	'',	'Credit Card',	'MasterCard',	'null',	'Y:987187:5491268091:PPX :082309567665',	'INR',	'5053.1',	'',	'',	'',	'',	'',	'',	'',	'',	'',	'',	'',	'',	'',	'',	'',	'',	'',	'',	'',	'',	'N',	'null',	'null',	'0.0',	'5000.0',	'null',	'N',	'0',	'',	'0000-00-00 00:00:00',	'INDIA',	'order_id=1503479776103&tracking_id=106269899298&bank_ref_no=987187&order_status=Success&failure_message=&payment_mode=Credit Card&card_name=MasterCard&status_code=null&status_message=Y:987187:5491268091:PPX :082309567665&currency=INR&amount=5053.1&billing_name=&billing_address=&billing_city=&billing_state=&billing_zip=&billing_country=&billing_tel=&billing_email=&delivery_name=&delivery_address=&delivery_city=&delivery_state=&delivery_zip=&delivery_country=&delivery_tel=&merchant_param1=&merchant_param2=&merchant_param3=&merchant_param4=&merchant_param5=&vault=N&offer_type=null&offer_code=null&discount_value=0.0&mer_amount=5000.0&eci_value=null&retry=N&response_code=0&billing_notes=&trans_date=23/08/2017 14:47:24&bin_country=INDIA&trans_fee=45.0&service_tax=8.1\r\r\r\r\r\r\r\r\r\r\r\r\r',	'2017-08-23 14:46:16',	'2017-08-23 14:48:59'),
(109,	74,	'150348576574',	'device_registration',	'16',	'',	'',	'',	'',	'',	'',	'',	'',	'',	'1000',	'',	'',	'',	'',	'',	'',	'',	'',	'',	'',	'',	'',	'',	'',	'',	'',	'',	'',	'',	'',	'',	'',	'',	'',	'',	'',	'',	'',	'',	'0000-00-00 00:00:00',	'',	'',	'2017-08-23 16:26:05',	'2017-08-23 16:26:05'),
(110,	74,	'150390346874',	'device_registration',	'17',	'106271823368',	'616858',	'Success',	'',	'Debit Card',	'Visa Debit Card',	'null',	'Y:616858:5503524977:PPX :724006773863',	'INR',	'1006.0',	'',	'',	'',	'',	'',	'',	'',	'',	'',	'',	'',	'',	'',	'',	'',	'ADV',	'',	'',	'',	'',	'N',	'null',	'null',	'0.0',	'1000.0',	'null',	'N',	'0',	'',	'0000-00-00 00:00:00',	'INDIA',	'order_id=150390346874&tracking_id=106271823368&bank_ref_no=616858&order_status=Success&failure_message=&payment_mode=Debit Card&card_name=Visa Debit Card&status_code=null&status_message=Y:616858:5503524977:PPX :724006773863&currency=INR&amount=1006.0&billing_name=&billing_address=&billing_city=&billing_state=&billing_zip=&billing_country=&billing_tel=&billing_email=&delivery_name=&delivery_address=&delivery_city=&delivery_state=&delivery_zip=&delivery_country=&delivery_tel=&merchant_param1=ADV&merchant_param2=&merchant_param3=&merchant_param4=&merchant_param5=&vault=N&offer_type=null&offer_code=null&discount_value=0.0&mer_amount=1000.0&eci_value=null&retry=N&response_code=0&billing_notes=&trans_date=28/08/2017 12:28:33&bin_country=INDIA&trans_fee=6.0&service_tax=0.0',	'2017-08-28 12:27:48',	'2017-08-28 12:29:03'),
(111,	74,	'150390573674',	'device_registration',	'18',	'106271842888',	'655566',	'Success',	'',	'Debit Card',	'Visa Debit Card',	'',	'Y:655566:5503617333:PPX :724007851561',	'INR',	'1006.0',	'',	'',	'',	'',	'',	'',	'',	'',	'',	'',	'',	'',	'',	'',	'',	'ADV',	'',	'',	'',	'',	'N',	'null',	'null',	'0.0',	'1000.0',	'',	'N',	'0',	'',	'0000-00-00 00:00:00',	'INDIA',	'order_id=150390573674&tracking_id=106271842888&bank_ref_no=655566&order_status=Success&failure_message=&payment_mode=Debit Card&card_name=Visa Debit Card&status_code=&status_message=Y:655566:5503617333:PPX :724007851561&currency=INR&amount=1006.0&billing_name=&billing_address=&billing_city=&billing_state=&billing_zip=&billing_country=&billing_tel=&billing_email=&delivery_name=&delivery_address=&delivery_city=&delivery_state=&delivery_zip=&delivery_country=&delivery_tel=&merchant_param1=ADV&merchant_param2=&merchant_param3=&merchant_param4=&merchant_param5=&vault=N&offer_type=null&offer_code=null&discount_value=0.0&mer_amount=1000.0&eci_value=&retry=N&response_code=0&billing_notes=&trans_date=28/08/2017 13:06:45&bin_country=INDIA&trans_fee=0.0&service_tax=0.0',	'2017-08-28 13:05:36',	'2017-08-28 13:06:55'),
(112,	79,	'150391792979',	'device_registration',	'19',	'',	'',	'',	'',	'',	'',	'',	'',	'',	'1000',	'',	'',	'',	'',	'',	'',	'',	'',	'',	'',	'',	'',	'',	'',	'',	'',	'',	'',	'',	'',	'',	'',	'',	'',	'',	'',	'',	'',	'',	'0000-00-00 00:00:00',	'',	'',	'2017-08-28 16:28:49',	'2017-08-28 16:28:49'),
(113,	100,	'1503919366100',	'registration',	'100',	'',	'',	'',	'',	'',	'',	'',	'',	'',	'5000',	'',	'',	'',	'',	'',	'',	'',	'',	'',	'',	'',	'',	'',	'',	'',	'',	'',	'',	'',	'',	'',	'',	'',	'',	'',	'',	'',	'',	'',	'0000-00-00 00:00:00',	'',	'',	'2017-08-28 16:52:46',	'2017-08-28 16:52:46'),
(114,	100,	'1503919443100',	'registration',	'100',	'',	'',	'',	'',	'',	'',	'',	'',	'',	'5000',	'',	'',	'',	'',	'',	'',	'',	'',	'',	'',	'',	'',	'',	'',	'',	'',	'',	'',	'',	'',	'',	'',	'',	'',	'',	'',	'',	'',	'',	'0000-00-00 00:00:00',	'',	'',	'2017-08-28 16:54:03',	'2017-08-28 16:54:03'),
(115,	100,	'1503983069100',	'registration',	'100',	'',	'',	'',	'',	'',	'',	'',	'',	'',	'5000',	'',	'',	'',	'',	'',	'',	'',	'',	'',	'',	'',	'',	'',	'',	'',	'',	'',	'',	'',	'',	'',	'',	'',	'',	'',	'',	'',	'',	'',	'0000-00-00 00:00:00',	'',	'',	'2017-08-29 10:34:29',	'2017-08-29 10:34:29'),
(116,	100,	'1503983090100',	'registration',	'100',	'',	'',	'',	'',	'',	'',	'',	'',	'',	'5000',	'',	'',	'',	'',	'',	'',	'',	'',	'',	'',	'',	'',	'',	'',	'',	'',	'',	'',	'',	'',	'',	'',	'',	'',	'',	'',	'',	'',	'',	'0000-00-00 00:00:00',	'',	'',	'2017-08-29 10:34:50',	'2017-08-29 10:34:50'),
(117,	100,	'1503983099100',	'registration',	'100',	'',	'',	'',	'',	'',	'',	'',	'',	'',	'5000',	'',	'',	'',	'',	'',	'',	'',	'',	'',	'',	'',	'',	'',	'',	'',	'',	'',	'',	'',	'',	'',	'',	'',	'',	'',	'',	'',	'',	'',	'0000-00-00 00:00:00',	'',	'',	'2017-08-29 10:34:59',	'2017-08-29 10:34:59'),
(118,	100,	'1503983106100',	'registration',	'100',	'',	'',	'',	'',	'',	'',	'',	'',	'',	'5000',	'',	'',	'',	'',	'',	'',	'',	'',	'',	'',	'',	'',	'',	'',	'',	'',	'',	'',	'',	'',	'',	'',	'',	'',	'',	'',	'',	'',	'',	'0000-00-00 00:00:00',	'',	'',	'2017-08-29 10:35:06',	'2017-08-29 10:35:06'),
(119,	100,	'1503983112100',	'registration',	'100',	'',	'',	'',	'',	'',	'',	'',	'',	'',	'5000',	'',	'',	'',	'',	'',	'',	'',	'',	'',	'',	'',	'',	'',	'',	'',	'',	'',	'',	'',	'',	'',	'',	'',	'',	'',	'',	'',	'',	'',	'0000-00-00 00:00:00',	'',	'',	'2017-08-29 10:35:12',	'2017-08-29 10:35:12'),
(120,	100,	'1503983165100',	'registration',	'100',	'',	'',	'',	'',	'',	'',	'',	'',	'',	'5000',	'',	'',	'',	'',	'',	'',	'',	'',	'',	'',	'',	'',	'',	'',	'',	'',	'',	'',	'',	'',	'',	'',	'',	'',	'',	'',	'',	'',	'',	'0000-00-00 00:00:00',	'',	'',	'2017-08-29 10:36:05',	'2017-08-29 10:36:05'),
(121,	100,	'1503983450100',	'registration',	'100',	'',	'',	'',	'',	'',	'',	'',	'',	'',	'5000',	'',	'',	'',	'',	'',	'',	'',	'',	'',	'',	'',	'',	'',	'',	'',	'',	'',	'',	'',	'',	'',	'',	'',	'',	'',	'',	'',	'',	'',	'0000-00-00 00:00:00',	'',	'',	'2017-08-29 10:40:50',	'2017-08-29 10:40:50'),
(122,	100,	'1503983464100',	'registration',	'100',	'',	'',	'',	'',	'',	'',	'',	'',	'',	'5000',	'',	'',	'',	'',	'',	'',	'',	'',	'',	'',	'',	'',	'',	'',	'',	'',	'',	'',	'',	'',	'',	'',	'',	'',	'',	'',	'',	'',	'',	'0000-00-00 00:00:00',	'',	'',	'2017-08-29 10:41:04',	'2017-08-29 10:41:04'),
(123,	100,	'1503983480100',	'registration',	'100',	'',	'',	'',	'',	'',	'',	'',	'',	'',	'5000',	'',	'',	'',	'',	'',	'',	'',	'',	'',	'',	'',	'',	'',	'',	'',	'',	'',	'',	'',	'',	'',	'',	'',	'',	'',	'',	'',	'',	'',	'0000-00-00 00:00:00',	'',	'',	'2017-08-29 10:41:20',	'2017-08-29 10:41:20'),
(124,	100,	'1503983518100',	'registration',	'100',	'',	'',	'',	'',	'',	'',	'',	'',	'',	'5000',	'',	'',	'',	'',	'',	'',	'',	'',	'',	'',	'',	'',	'',	'',	'',	'',	'',	'',	'',	'',	'',	'',	'',	'',	'',	'',	'',	'',	'',	'0000-00-00 00:00:00',	'',	'',	'2017-08-29 10:41:58',	'2017-08-29 10:41:58'),
(125,	100,	'1503983531100',	'registration',	'100',	'',	'',	'',	'',	'',	'',	'',	'',	'',	'5000',	'',	'',	'',	'',	'',	'',	'',	'',	'',	'',	'',	'',	'',	'',	'',	'',	'',	'',	'',	'',	'',	'',	'',	'',	'',	'',	'',	'',	'',	'0000-00-00 00:00:00',	'',	'',	'2017-08-29 10:42:11',	'2017-08-29 10:42:11'),
(126,	79,	'150399188679',	'device_registration',	'20',	'',	'',	'',	'',	'',	'',	'',	'',	'',	'1000',	'',	'',	'',	'',	'',	'',	'',	'',	'',	'',	'',	'',	'',	'',	'',	'',	'',	'',	'',	'',	'',	'',	'',	'',	'',	'',	'',	'',	'',	'0000-00-00 00:00:00',	'',	'',	'2017-08-29 13:01:26',	'2017-08-29 13:01:26'),
(127,	79,	'150399282979',	'device_registration',	'21',	'106272191703',	'66109674',	'Success',	'',	'Net Banking',	'Union Bank of India',	'null',	'Your Payment is Successful',	'INR',	'1005.9',	'',	'',	'',	'',	'',	'',	'',	'',	'',	'',	'',	'',	'',	'',	'',	'ADV',	'',	'',	'',	'',	'N',	'null',	'null',	'0.0',	'1000.0',	'null',	'N',	'0',	'',	'0000-00-00 00:00:00',	'',	'order_id=150399282979&tracking_id=106272191703&bank_ref_no=66109674&order_status=Success&failure_message=&payment_mode=Net Banking&card_name=Union Bank of India&status_code=null&status_message=Your Payment is Successful&currency=INR&amount=1005.9&billing_name=&billing_address=&billing_city=&billing_state=&billing_zip=&billing_country=&billing_tel=&billing_email=&delivery_name=&delivery_address=&delivery_city=&delivery_state=&delivery_zip=&delivery_country=&delivery_tel=&merchant_param1=ADV&merchant_param2=&merchant_param3=&merchant_param4=&merchant_param5=&vault=N&offer_type=null&offer_code=null&discount_value=0.0&mer_amount=1000.0&eci_value=null&retry=N&response_code=0&billing_notes=&trans_date=29/08/2017 13:19:58&bin_country=&trans_fee=5.0&service_tax=0.9',	'2017-08-29 13:17:09',	'2017-08-29 13:31:18'),
(128,	79,	'150399438379',	'device_registration',	'22',	'',	'',	'',	'',	'',	'',	'',	'',	'',	'1000',	'',	'',	'',	'',	'',	'',	'',	'',	'',	'',	'',	'',	'',	'',	'',	'',	'',	'',	'',	'',	'',	'',	'',	'',	'',	'',	'',	'',	'',	'0000-00-00 00:00:00',	'',	'',	'2017-08-29 13:43:03',	'2017-08-29 13:43:03'),
(129,	79,	'150399563579',	'device_registration',	'23',	'',	'',	'',	'',	'',	'',	'',	'',	'',	'1000',	'',	'',	'',	'',	'',	'',	'',	'',	'',	'',	'',	'',	'',	'',	'',	'',	'',	'',	'',	'',	'',	'',	'',	'',	'',	'',	'',	'',	'',	'0000-00-00 00:00:00',	'',	'',	'2017-08-29 14:03:55',	'2017-08-29 14:03:55'),
(130,	79,	'150399643479',	'device_registration',	'24',	'',	'',	'',	'',	'',	'',	'',	'',	'',	'1000',	'',	'',	'',	'',	'',	'',	'',	'',	'',	'',	'',	'',	'',	'',	'',	'',	'',	'',	'',	'',	'',	'',	'',	'',	'',	'',	'',	'',	'',	'0000-00-00 00:00:00',	'',	'',	'2017-08-29 14:17:14',	'2017-08-29 14:17:14'),
(131,	79,	'150399668979',	'device_registration',	'25',	'',	'',	'',	'',	'',	'',	'',	'',	'',	'1000',	'',	'',	'',	'',	'',	'',	'',	'',	'',	'',	'',	'',	'',	'',	'',	'',	'',	'',	'',	'',	'',	'',	'',	'',	'',	'',	'',	'',	'',	'0000-00-00 00:00:00',	'',	'',	'2017-08-29 14:21:29',	'2017-08-29 14:21:29'),
(132,	79,	'150399777179',	'device_registration',	'26',	'106272221800',	'66113887',	'Success',	'',	'Net Banking',	'Union Bank of India',	'',	'Your Payment is Successful',	'INR',	'1005.9',	'',	'',	'',	'',	'',	'',	'',	'',	'',	'',	'',	'',	'',	'',	'',	'ADV',	'',	'',	'',	'',	'N',	'null',	'null',	'0.0',	'1000.0',	'',	'N',	'0',	'',	'0000-00-00 00:00:00',	'',	'order_id=150399777179&tracking_id=106272221800&bank_ref_no=66113887&order_status=Success&failure_message=&payment_mode=Net Banking&card_name=Union Bank of India&status_code=&status_message=Your Payment is Successful&currency=INR&amount=1005.9&billing_name=&billing_address=&billing_city=&billing_state=&billing_zip=&billing_country=&billing_tel=&billing_email=&delivery_name=&delivery_address=&delivery_city=&delivery_state=&delivery_zip=&delivery_country=&delivery_tel=&merchant_param1=ADV&merchant_param2=&merchant_param3=&merchant_param4=&merchant_param5=&vault=N&offer_type=null&offer_code=null&discount_value=0.0&mer_amount=1000.0&eci_value=&retry=N&response_code=0&billing_notes=&trans_date=29/08/2017 14:42:28&bin_country=&trans_fee=0.0&service_tax=0.0									',	'2017-08-29 14:39:31',	'2017-08-29 14:42:26'),
(133,	100,	'1503998227100',	'registration',	'100',	'',	'',	'',	'',	'',	'',	'',	'',	'',	'5000',	'',	'',	'',	'',	'',	'',	'',	'',	'',	'',	'',	'',	'',	'',	'',	'',	'',	'',	'',	'',	'',	'',	'',	'',	'',	'',	'',	'',	'',	'0000-00-00 00:00:00',	'',	'',	'2017-08-29 14:47:07',	'2017-08-29 14:47:07'),
(134,	100,	'1504081637100',	'registration',	'100',	'',	'',	'',	'',	'',	'',	'',	'',	'',	'5000',	'',	'',	'',	'',	'',	'',	'',	'',	'',	'',	'',	'',	'',	'',	'',	'',	'',	'',	'',	'',	'',	'',	'',	'',	'',	'',	'',	'',	'',	'0000-00-00 00:00:00',	'',	'',	'2017-08-30 13:57:17',	'2017-08-30 13:57:17'),
(135,	100,	'1504081687100',	'registration',	'100',	'',	'',	'',	'',	'',	'',	'',	'',	'',	'5000',	'',	'',	'',	'',	'',	'',	'',	'',	'',	'',	'',	'',	'',	'',	'',	'',	'',	'',	'',	'',	'',	'',	'',	'',	'',	'',	'',	'',	'',	'0000-00-00 00:00:00',	'',	'',	'2017-08-30 13:58:07',	'2017-08-30 13:58:07'),
(136,	100,	'1504081695100',	'registration',	'100',	'',	'',	'',	'',	'',	'',	'',	'',	'',	'5000',	'',	'',	'',	'',	'',	'',	'',	'',	'',	'',	'',	'',	'',	'',	'',	'',	'',	'',	'',	'',	'',	'',	'',	'',	'',	'',	'',	'',	'',	'0000-00-00 00:00:00',	'',	'',	'2017-08-30 13:58:15',	'2017-08-30 13:58:15'),
(137,	100,	'1504081706100',	'registration',	'100',	'',	'',	'',	'',	'',	'',	'',	'',	'',	'5000',	'',	'',	'',	'',	'',	'',	'',	'',	'',	'',	'',	'',	'',	'',	'',	'',	'',	'',	'',	'',	'',	'',	'',	'',	'',	'',	'',	'',	'',	'0000-00-00 00:00:00',	'',	'',	'2017-08-30 13:58:26',	'2017-08-30 13:58:26'),
(138,	100,	'1504081715100',	'registration',	'100',	'',	'',	'',	'',	'',	'',	'',	'',	'',	'5000',	'',	'',	'',	'',	'',	'',	'',	'',	'',	'',	'',	'',	'',	'',	'',	'',	'',	'',	'',	'',	'',	'',	'',	'',	'',	'',	'',	'',	'',	'0000-00-00 00:00:00',	'',	'',	'2017-08-30 13:58:35',	'2017-08-30 13:58:35'),
(139,	100,	'1504085293100',	'registration',	'100',	'',	'',	'',	'',	'',	'',	'',	'',	'',	'5000',	'',	'',	'',	'',	'',	'',	'',	'',	'',	'',	'',	'',	'',	'',	'',	'',	'',	'',	'',	'',	'',	'',	'',	'',	'',	'',	'',	'',	'',	'0000-00-00 00:00:00',	'',	'',	'2017-08-30 14:58:13',	'2017-08-30 14:58:13'),
(140,	100,	'1504085299100',	'registration',	'100',	'',	'',	'',	'',	'',	'',	'',	'',	'',	'5000',	'',	'',	'',	'',	'',	'',	'',	'',	'',	'',	'',	'',	'',	'',	'',	'',	'',	'',	'',	'',	'',	'',	'',	'',	'',	'',	'',	'',	'',	'0000-00-00 00:00:00',	'',	'',	'2017-08-30 14:58:19',	'2017-08-30 14:58:19'),
(141,	103,	'1504595764103',	'device_registration',	'27',	'',	'',	'',	'',	'',	'',	'',	'',	'',	'1000',	'',	'',	'',	'',	'',	'',	'',	'',	'',	'',	'',	'',	'',	'',	'',	'',	'',	'',	'',	'',	'',	'',	'',	'',	'',	'',	'',	'',	'',	'0000-00-00 00:00:00',	'',	'',	'2017-09-05 12:46:04',	'2017-09-05 12:46:04'),
(142,	103,	'1504597650103',	'device_registration',	'28',	'',	'',	'',	'',	'',	'',	'',	'',	'',	'1000',	'',	'',	'',	'',	'',	'',	'',	'',	'',	'',	'',	'',	'',	'',	'',	'',	'',	'',	'',	'',	'',	'',	'',	'',	'',	'',	'',	'',	'',	'0000-00-00 00:00:00',	'',	'',	'2017-09-05 13:17:30',	'2017-09-05 13:17:30'),
(143,	100,	'1504607901100',	'registration',	'100',	'',	'',	'',	'',	'',	'',	'',	'',	'',	'5000',	'',	'',	'',	'',	'',	'',	'',	'',	'',	'',	'',	'',	'',	'',	'',	'',	'',	'',	'',	'',	'',	'',	'',	'',	'',	'',	'',	'',	'',	'0000-00-00 00:00:00',	'',	'',	'2017-09-05 16:08:21',	'2017-09-05 16:08:21'),
(144,	100,	'1504607912100',	'registration',	'100',	'',	'',	'',	'',	'',	'',	'',	'',	'',	'5000',	'',	'',	'',	'',	'',	'',	'',	'',	'',	'',	'',	'',	'',	'',	'',	'',	'',	'',	'',	'',	'',	'',	'',	'',	'',	'',	'',	'',	'',	'0000-00-00 00:00:00',	'',	'',	'2017-09-05 16:08:32',	'2017-09-05 16:08:32'),
(145,	100,	'1504607927100',	'registration',	'100',	'',	'',	'',	'',	'',	'',	'',	'',	'',	'5000',	'',	'',	'',	'',	'',	'',	'',	'',	'',	'',	'',	'',	'',	'',	'',	'',	'',	'',	'',	'',	'',	'',	'',	'',	'',	'',	'',	'',	'',	'0000-00-00 00:00:00',	'',	'',	'2017-09-05 16:08:47',	'2017-09-05 16:08:47'),
(146,	100,	'1504607945100',	'registration',	'100',	'',	'',	'',	'',	'',	'',	'',	'',	'',	'5000',	'',	'',	'',	'',	'',	'',	'',	'',	'',	'',	'',	'',	'',	'',	'',	'',	'',	'',	'',	'',	'',	'',	'',	'',	'',	'',	'',	'',	'',	'0000-00-00 00:00:00',	'',	'',	'2017-09-05 16:09:05',	'2017-09-05 16:09:05'),
(147,	100,	'1504607951100',	'registration',	'100',	'',	'',	'',	'',	'',	'',	'',	'',	'',	'5000',	'',	'',	'',	'',	'',	'',	'',	'',	'',	'',	'',	'',	'',	'',	'',	'',	'',	'',	'',	'',	'',	'',	'',	'',	'',	'',	'',	'',	'',	'0000-00-00 00:00:00',	'',	'',	'2017-09-05 16:09:11',	'2017-09-05 16:09:11'),
(148,	100,	'1504687292100',	'registration',	'100',	'106275054185',	'075803',	'Success',	'',	'Credit Card',	'Visa',	'null',	'Y:075803:5526559356:PPX :724908294671',	'INR',	'5053.1',	'',	'',	'',	'',	'',	'',	'',	'',	'',	'',	'',	'',	'',	'',	'',	'ADV',	'',	'',	'',	'',	'N',	'null',	'null',	'0.0',	'5000.0',	'null',	'N',	'0',	'',	'0000-00-00 00:00:00',	'INDIA',	'order_id=1504687292100&tracking_id=106275054185&bank_ref_no=075803&order_status=Success&failure_message=&payment_mode=Credit Card&card_name=Visa&status_code=null&status_message=Y:075803:5526559356:PPX :724908294671&currency=INR&amount=5053.1&billing_name=&billing_address=&billing_city=&billing_state=&billing_zip=&billing_country=&billing_tel=&billing_email=&delivery_name=&delivery_address=&delivery_city=&delivery_state=&delivery_zip=&delivery_country=&delivery_tel=&merchant_param1=ADV&merchant_param2=&merchant_param3=&merchant_param4=&merchant_param5=&vault=N&offer_type=null&offer_code=null&discount_value=0.0&mer_amount=5000.0&eci_value=null&retry=N&response_code=0&billing_notes=&trans_date=06/09/2017 14:13:09&bin_country=INDIA&trans_fee=45.0&service_tax=8.1',	'2017-09-06 14:11:32',	'2017-09-06 14:14:02'),
(149,	103,	'1504688705103',	'device_registration',	'29',	'',	'',	'',	'',	'',	'',	'',	'',	'',	'1000',	'',	'',	'',	'',	'',	'',	'',	'',	'',	'',	'',	'',	'',	'',	'',	'',	'',	'',	'',	'',	'',	'',	'',	'',	'',	'',	'',	'',	'',	'0000-00-00 00:00:00',	'',	'',	'2017-09-06 14:35:05',	'2017-09-06 14:35:05'),
(150,	103,	'1504689455103',	'device_registration',	'30',	'',	'',	'',	'',	'',	'',	'',	'',	'',	'1000',	'',	'',	'',	'',	'',	'',	'',	'',	'',	'',	'',	'',	'',	'',	'',	'',	'',	'',	'',	'',	'',	'',	'',	'',	'',	'',	'',	'',	'',	'0000-00-00 00:00:00',	'',	'',	'2017-09-06 14:47:35',	'2017-09-06 14:47:35'),
(151,	103,	'1504689752103',	'device_registration',	'31',	'',	'',	'',	'',	'',	'',	'',	'',	'',	'1000',	'',	'',	'',	'',	'',	'',	'',	'',	'',	'',	'',	'',	'',	'',	'',	'',	'',	'',	'',	'',	'',	'',	'',	'',	'',	'',	'',	'',	'',	'0000-00-00 00:00:00',	'',	'',	'2017-09-06 14:52:32',	'2017-09-06 14:52:32'),
(152,	103,	'1504690034103',	'device_registration',	'32',	'',	'',	'',	'',	'',	'',	'',	'',	'',	'1000',	'',	'',	'',	'',	'',	'',	'',	'',	'',	'',	'',	'',	'',	'',	'',	'',	'',	'',	'',	'',	'',	'',	'',	'',	'',	'',	'',	'',	'',	'0000-00-00 00:00:00',	'',	'',	'2017-09-06 14:57:14',	'2017-09-06 14:57:14'),
(153,	99,	'150476302399',	'registration',	'99',	'106275345811',	'T62153',	'Success',	'',	'Credit Card',	'MasterCard',	'null',	'Y:T62153:5528682339:PPX :090705006599',	'INR',	'5053.1',	'',	'',	'',	'',	'',	'',	'',	'',	'',	'',	'',	'',	'',	'',	'',	'ADV',	'',	'',	'',	'',	'N',	'null',	'null',	'0.0',	'5000.0',	'null',	'N',	'0',	'',	'0000-00-00 00:00:00',	'INDIA',	'order_id=150476302399&tracking_id=106275345811&bank_ref_no=T62153&order_status=Success&failure_message=&payment_mode=Credit Card&card_name=MasterCard&status_code=null&status_message=Y:T62153:5528682339:PPX :090705006599&currency=INR&amount=5053.1&billing_name=&billing_address=&billing_city=&billing_state=&billing_zip=&billing_country=&billing_tel=&billing_email=&delivery_name=&delivery_address=&delivery_city=&delivery_state=&delivery_zip=&delivery_country=&delivery_tel=&merchant_param1=ADV&merchant_param2=&merchant_param3=&merchant_param4=&merchant_param5=&vault=N&offer_type=null&offer_code=null&discount_value=0.0&mer_amount=5000.0&eci_value=null&retry=N&response_code=0&billing_notes=&trans_date=07/09/2017 11:15:47&bin_country=INDIA&trans_fee=45.0&service_tax=8.1',	'2017-09-07 11:13:43',	'2017-09-07 11:16:07'),
(154,	103,	'1504772586103',	'device_registration',	'33',	'',	'',	'',	'',	'',	'',	'',	'',	'',	'1000',	'',	'',	'',	'',	'',	'',	'',	'',	'',	'',	'',	'',	'',	'',	'',	'',	'',	'',	'',	'',	'',	'',	'',	'',	'',	'',	'',	'',	'',	'0000-00-00 00:00:00',	'',	'',	'2017-09-07 13:53:06',	'2017-09-07 13:53:06'),
(155,	103,	'1504772965103',	'device_registration',	'34',	'',	'',	'',	'',	'',	'',	'',	'',	'',	'1000',	'',	'',	'',	'',	'',	'',	'',	'',	'',	'',	'',	'',	'',	'',	'',	'',	'',	'',	'',	'',	'',	'',	'',	'',	'',	'',	'',	'',	'',	'0000-00-00 00:00:00',	'',	'',	'2017-09-07 13:59:25',	'2017-09-07 13:59:25'),
(156,	103,	'1504777785103',	'device_registration',	'35',	'106275449148',	'725040022320',	'Success',	'',	'Debit Card',	'IDFC Debit Card',	'null',	'null',	'INR',	'1007.5',	'',	'',	'',	'',	'',	'',	'',	'',	'',	'',	'',	'',	'',	'',	'',	'ADV',	'',	'',	'',	'',	'N',	'null',	'null',	'0.0',	'1000.0',	'null',	'N',	'0',	'',	'0000-00-00 00:00:00',	'',	'order_id=1504777785103&tracking_id=106275449148&bank_ref_no=725040022320&order_status=Success&failure_message=&payment_mode=Debit Card&card_name=IDFC Debit Card&status_code=null&status_message=null&currency=INR&amount=1007.5&billing_name=&billing_address=&billing_city=&billing_state=&billing_zip=&billing_country=&billing_tel=&billing_email=&delivery_name=&delivery_address=&delivery_city=&delivery_state=&delivery_zip=&delivery_country=&delivery_tel=&merchant_param1=ADV&merchant_param2=&merchant_param3=&merchant_param4=&merchant_param5=&vault=N&offer_type=null&offer_code=null&discount_value=0.0&mer_amount=1000.0&eci_value=null&retry=N&response_code=0&billing_notes=&trans_date=07/09/2017 15:28:55&bin_country=&trans_fee=7.5&service_tax=0.0',	'2017-09-07 15:19:45',	'2017-09-07 15:31:43'),
(157,	56,	'150487519556',	'device_registration',	'36',	'106275890025',	'025509',	'Success',	'',	'Debit Card',	'ICICI Bank',	'null',	'SUCCESS',	'INR',	'5059.0',	'',	'',	'',	'',	'',	'',	'',	'',	'',	'',	'',	'',	'',	'',	'',	'ADV',	'',	'',	'',	'',	'N',	'null',	'null',	'0.0',	'5000.0',	'null',	'N',	'0',	'',	'0000-00-00 00:00:00',	'',	'order_id=150487519556&tracking_id=106275890025&bank_ref_no=025509&order_status=Success&failure_message=&payment_mode=Debit Card&card_name=ICICI Bank&status_code=null&status_message=SUCCESS&currency=INR&amount=5059.0&billing_name=&billing_address=&billing_city=&billing_state=&billing_zip=&billing_country=&billing_tel=&billing_email=&delivery_name=&delivery_address=&delivery_city=&delivery_state=&delivery_zip=&delivery_country=&delivery_tel=&merchant_param1=ADV&merchant_param2=&merchant_param3=&merchant_param4=&merchant_param5=&vault=N&offer_type=null&offer_code=null&discount_value=0.0&mer_amount=5000.0&eci_value=null&retry=N&response_code=0&billing_notes=&trans_date=08/09/2017 18:23:57&bin_country=&trans_fee=50.0&service_tax=9.0',	'2017-09-08 18:23:15',	'2017-09-08 18:25:09'),
(158,	111,	'1505113881111',	'registration',	'111',	'106276797351',	'889298',	'Success',	'',	'Credit Card',	'Visa',	'null',	'Y:889298:5538741353:PPX :725407423427',	'INR',	'5053.1',	'',	'',	'',	'',	'',	'',	'',	'',	'',	'',	'',	'',	'',	'',	'',	'ADV',	'',	'',	'',	'',	'N',	'null',	'null',	'0.0',	'5000.0',	'null',	'N',	'0',	'',	'0000-00-00 00:00:00',	'INDIA',	'order_id=1505113881111&tracking_id=106276797351&bank_ref_no=889298&order_status=Success&failure_message=&payment_mode=Credit Card&card_name=Visa&status_code=null&status_message=Y:889298:5538741353:PPX :725407423427&currency=INR&amount=5053.1&billing_name=&billing_address=&billing_city=&billing_state=&billing_zip=&billing_country=&billing_tel=&billing_email=&delivery_name=&delivery_address=&delivery_city=&delivery_state=&delivery_zip=&delivery_country=&delivery_tel=&merchant_param1=ADV&merchant_param2=&merchant_param3=&merchant_param4=&merchant_param5=&vault=N&offer_type=null&offer_code=null&discount_value=0.0&mer_amount=5000.0&eci_value=null&retry=N&response_code=0&billing_notes=&trans_date=11/09/2017 12:43:06&bin_country=INDIA&trans_fee=45.0&service_tax=8.1',	'2017-09-11 12:41:21',	'2017-09-11 12:43:41'),
(159,	109,	'1505127045109',	'registration',	'109',	'106276883628',	'862522',	'Success',	'',	'Debit Card',	'MasterCard Debit Card',	'null',	'Y:862522:5539216855:PPX :091110818173',	'INR',	'5059.0',	'',	'',	'',	'',	'',	'',	'',	'',	'',	'',	'',	'',	'',	'',	'',	'ADV',	'',	'',	'',	'',	'N',	'null',	'null',	'0.0',	'5000.0',	'null',	'N',	'0',	'',	'0000-00-00 00:00:00',	'INDIA',	'order_id=1505127045109&tracking_id=106276883628&bank_ref_no=862522&order_status=Success&failure_message=&payment_mode=Debit Card&card_name=MasterCard Debit Card&status_code=null&status_message=Y:862522:5539216855:PPX :091110818173&currency=INR&amount=5059.0&billing_name=&billing_address=&billing_city=&billing_state=&billing_zip=&billing_country=&billing_tel=&billing_email=&delivery_name=&delivery_address=&delivery_city=&delivery_state=&delivery_zip=&delivery_country=&delivery_tel=&merchant_param1=ADV&merchant_param2=&merchant_param3=&merchant_param4=&merchant_param5=&vault=N&offer_type=null&offer_code=null&discount_value=0.0&mer_amount=5000.0&eci_value=null&retry=N&response_code=0&billing_notes=&trans_date=11/09/2017 16:21:50&bin_country=INDIA&trans_fee=50.0&service_tax=9.0',	'2017-09-11 16:20:45',	'2017-09-11 16:22:58'),
(160,	56,	'150524591056',	'device_registration',	'37',	'106277397726',	'009444',	'Success',	'',	'Debit Card',	'ICICI Bank',	'null',	'SUCCESS',	'INR',	'5059.0',	'',	'',	'',	'',	'',	'',	'',	'',	'',	'',	'',	'',	'',	'',	'',	'ADV',	'',	'',	'',	'',	'N',	'null',	'null',	'0.0',	'5000.0',	'null',	'N',	'0',	'',	'0000-00-00 00:00:00',	'',	'order_id=150524591056&tracking_id=106277397726&bank_ref_no=009444&order_status=Success&failure_message=&payment_mode=Debit Card&card_name=ICICI Bank&status_code=null&status_message=SUCCESS&currency=INR&amount=5059.0&billing_name=&billing_address=&billing_city=&billing_state=&billing_zip=&billing_country=&billing_tel=&billing_email=&delivery_name=&delivery_address=&delivery_city=&delivery_state=&delivery_zip=&delivery_country=&delivery_tel=&merchant_param1=ADV&merchant_param2=&merchant_param3=&merchant_param4=&merchant_param5=&vault=N&offer_type=null&offer_code=null&discount_value=0.0&mer_amount=5000.0&eci_value=null&retry=N&response_code=0&billing_notes=&trans_date=13/09/2017 01:23:35&bin_country=&trans_fee=50.0&service_tax=9.0',	'2017-09-13 01:21:50',	'2017-09-13 01:24:04'),
(161,	110,	'1505285309110',	'registration',	'110',	'106277509565',	'null',	'Failure',	'',	'Credit Card',	'MasterCard',	'null',	'5005-Duplicate transaction.',	'INR',	'5053.1',	'',	'',	'',	'',	'',	'',	'',	'',	'',	'',	'',	'',	'',	'',	'',	'ADV',	'',	'',	'',	'',	'N',	'null',	'null',	'0.0',	'5000.0',	'null',	'Y',	'0',	'',	'0000-00-00 00:00:00',	'INDIA',	'order_id=1505285309110&tracking_id=106277509565&bank_ref_no=null&order_status=Failure&failure_message=&payment_mode=Credit Card&card_name=MasterCard&status_code=null&status_message=5005-Duplicate transaction.&currency=INR&amount=5053.1&billing_name=&billing_address=&billing_city=&billing_state=&billing_zip=&billing_country=&billing_tel=&billing_email=&delivery_name=&delivery_address=&delivery_city=&delivery_state=&delivery_zip=&delivery_country=&delivery_tel=&merchant_param1=ADV&merchant_param2=&merchant_param3=&merchant_param4=&merchant_param5=&vault=N&offer_type=null&offer_code=null&discount_value=0.0&mer_amount=5000.0&eci_value=null&retry=Y&response_code=0&billing_notes=&trans_date=13/09/2017 12:25:45&bin_country=INDIA&trans_fee=45.0&service_tax=8.1',	'2017-09-13 12:18:29',	'2017-09-13 12:25:39'),
(162,	110,	'1505285742110',	'registration',	'110',	'106277509703',	'032169',	'Success',	'',	'Credit Card',	'MasterCard',	'null',	'Y:032169:5544386750:PPX :091306899689',	'INR',	'5053.1',	'',	'',	'',	'',	'',	'',	'',	'',	'',	'',	'',	'',	'',	'',	'',	'ADV',	'',	'',	'',	'',	'N',	'null',	'null',	'0.0',	'5000.0',	'null',	'N',	'0',	'',	'0000-00-00 00:00:00',	'INDIA',	'order_id=1505285742110&tracking_id=106277509703&bank_ref_no=032169&order_status=Success&failure_message=&payment_mode=Credit Card&card_name=MasterCard&status_code=null&status_message=Y:032169:5544386750:PPX :091306899689&currency=INR&amount=5053.1&billing_name=&billing_address=&billing_city=&billing_state=&billing_zip=&billing_country=&billing_tel=&billing_email=&delivery_name=&delivery_address=&delivery_city=&delivery_state=&delivery_zip=&delivery_country=&delivery_tel=&merchant_param1=ADV&merchant_param2=&merchant_param3=&merchant_param4=&merchant_param5=&vault=N&offer_type=null&offer_code=null&discount_value=0.0&mer_amount=5000.0&eci_value=null&retry=N&response_code=0&billing_notes=&trans_date=13/09/2017 12:29:09&bin_country=INDIA&trans_fee=45.0&service_tax=8.1\n\n\n\n\n\n\n\n\n\n',	'2017-09-13 12:25:42',	'2017-09-13 12:29:40');

DROP TABLE IF EXISTS `profiles`;
CREATE TABLE `profiles` (
  `id` int(11) NOT NULL AUTO_INCREMENT,
  `company_code` varchar(255) NOT NULL COMMENT 'belongs to company',
  `name` varchar(255) NOT NULL,
  `phone` varchar(255) NOT NULL,
  `email` varchar(255) NOT NULL,
  `is_primary` enum('0','1') NOT NULL DEFAULT '0' COMMENT 'only one profile will be the primary user profile for a company',
  `status` enum('0','1') NOT NULL DEFAULT '0' COMMENT 'used to track active/blocked record',
  `created` datetime NOT NULL,
  `modified` datetime NOT NULL,
  PRIMARY KEY (`id`)
) ENGINE=InnoDB DEFAULT CHARSET=utf8;


DROP TABLE IF EXISTS `registration_documents`;
CREATE TABLE `registration_documents` (
  `id` int(11) NOT NULL AUTO_INCREMENT,
  `name` varchar(255) NOT NULL,
  `field` varchar(255) NOT NULL,
  `is_required` int(11) NOT NULL DEFAULT '1',
  `entity` varchar(255) NOT NULL,
  `related_to` varchar(255) NOT NULL,
  PRIMARY KEY (`id`)
) ENGINE=InnoDB DEFAULT CHARSET=utf8;

INSERT INTO `registration_documents` (`id`, `name`, `field`, `is_required`, `entity`, `related_to`) VALUES
(2,	'PAN Card Copy',	'income_proof',	1,	'1,2,3',	''),
(3,	'TIN no',	'tin_no',	1,	'2,3,4,5,6',	''),
(4,	'Service tax no',	'service_tax',	1,	'2,3,4,5,6',	''),
(5,	'Income tax return for the last year',	'income_tax_return',	1,	'1,2,3,4,5,6',	''),
(6,	'Partnership Deed',	'partnership_deed',	1,	'3',	''),
(7,	'Address Proof of the Partnership Firm',	'address_proof_partnership_firm',	1,	'3',	''),
(8,	'Partnership Registration Certificate (if Registered Partnership)',	'partnership_registration_certificate',	0,	'3',	''),
(9,	'PAN Card of the Partners',	'pan_card_partners',	1,	'4',	''),
(10,	'PAN card of LLP',	'pan_card_llp',	1,	'4',	''),
(11,	'DIN numbers',	'din_number',	1,	'4,5',	''),
(12,	'Registration certificate of LLP',	'registration_certificate_llp',	1,	'4',	''),
(13,	'Address proof of LLP',	'address_proof_llp',	1,	'4',	''),
(14,	'Address Proof of the Partners',	'address_proof_partners',	1,	'4',	''),
(15,	'Audited Balance sheet of last three years(if applicable)',	'audited_balance_sheet',	0,	'4,5,6',	''),
(16,	'Authorization/power of attorney for authorised signatory/person',	'power_of_attorney',	1,	'4,5,6',	''),
(17,	'Memorandum of Association',	'association_memorandum',	1,	'4,5,6',	''),
(18,	'Undertaking of non-Blacklisting',	'undertaking_non_blacklisting',	1,	'1,2,3,4,5,6',	''),
(19,	'Undertaking of No dues pending with any municipality of Haryana',	'no_dues_pending',	1,	'1,2,3,4,5,6',	''),
(20,	'Experience in the field of advertising in last three years',	'advertising_experience',	1,	'1,2,3,4,5,6',	''),
(21,	'Details of advertisement rights/permissions secured in last 5 years in any of the municipality of Haryana',	'details_advertisement_permissions',	1,	'1,2,3,4,5,6',	''),
(22,	'Curriculum Vitae',	'partner_cv',	1,	'1,2,3,4,5,6',	''),
(23,	'PAN Card of the directors',	'directors_pan_card',	1,	'5',	''),
(24,	'PAN card of Company',	'company_pan_card',	1,	'5',	''),
(25,	'Registration certificate of company',	'company_registration_certificate',	1,	'5',	''),
(26,	'Address proof of company',	'company_address_proof',	1,	'5',	''),
(27,	'Address Proof of the Directors',	'directors_address_proof',	1,	'5',	''),
(28,	'Articles of Association',	'association_articles',	1,	'5,6',	''),
(29,	'Curriculum Vitae of each Director',	'director_cv',	1,	'5',	''),
(30,	'PAN Card of the Organization',	'organization_pan_card',	1,	'6',	''),
(31,	'Registration certificate of Organization',	'organization_registration_certificate',	1,	'6',	''),
(32,	'Address proof of Organisation',	'organisation_address_proof',	1,	'6',	''),
(33,	'Copy of board resolution by the Board of Directors',	'board_resolution_copy',	1,	'5',	'');

DROP TABLE IF EXISTS `representatives`;
CREATE TABLE `representatives` (
  `id` int(11) NOT NULL AUTO_INCREMENT,
  `representative` varchar(255) NOT NULL,
  `created` datetime NOT NULL,
  `modified` datetime NOT NULL,
  PRIMARY KEY (`id`)
) ENGINE=InnoDB DEFAULT CHARSET=utf8;

INSERT INTO `representatives` (`id`, `representative`, `created`, `modified`) VALUES
(1,	'Individual/Owner',	'2016-12-27 10:30:12',	'2016-12-27 10:30:12'),
(2,	'Sole Proprietorship',	'2016-12-27 10:30:12',	'2016-12-27 10:30:12'),
(3,	'Partnership',	'2016-12-27 10:30:12',	'2016-12-27 10:30:12'),
(4,	'Limited Liability Partnership (LLP)',	'2016-12-27 10:30:12',	'2016-12-27 10:30:12'),
(5,	'Company',	'2016-12-27 10:30:12',	'2016-12-27 10:30:12'),
(6,	'Others Not for Profit(Company/Society/Trust)',	'2016-12-27 10:30:12',	'2016-12-27 10:30:12');

DROP TABLE IF EXISTS `requests`;
CREATE TABLE `requests` (
  `id` char(36) NOT NULL,
  `url` varchar(255) NOT NULL,
  `content_type` varchar(255) DEFAULT NULL,
  `status_code` int(11) DEFAULT NULL,
  `method` varchar(255) DEFAULT NULL,
  `requested_at` datetime NOT NULL,
  PRIMARY KEY (`id`)
) ENGINE=InnoDB DEFAULT CHARSET=utf8;


DROP TABLE IF EXISTS `security_qus`;
CREATE TABLE `security_qus` (
  `id` int(11) NOT NULL AUTO_INCREMENT,
  `question` varchar(500) NOT NULL,
  `created` datetime NOT NULL,
  `modified` datetime NOT NULL,
  PRIMARY KEY (`id`)
) ENGINE=InnoDB DEFAULT CHARSET=utf8;

INSERT INTO `security_qus` (`id`, `question`, `created`, `modified`) VALUES
(1,	'What was Your School Name ?',	'2016-12-26 11:30:16',	'2016-12-26 11:30:16'),
(2,	'What is Your Nick Name ?',	'2016-12-26 11:30:16',	'2016-12-26 11:30:16'),
(3,	'Your Home Town Name ?',	'2016-12-26 11:30:16',	'2016-12-26 11:30:16'),
(4,	'What is Your Pet Name ?',	'2016-12-26 11:30:16',	'2016-12-26 11:30:16'),
(5,	'What is Your Dream Job ?',	'2016-12-26 11:30:16',	'2016-12-26 11:30:16');

DROP TABLE IF EXISTS `super_admins`;
CREATE TABLE `super_admins` (
  `id` int(11) NOT NULL AUTO_INCREMENT,
  `name` varchar(255) NOT NULL,
  `email` varchar(255) NOT NULL,
  `password` varchar(255) NOT NULL,
  `level` int(11) NOT NULL,
  `created` datetime NOT NULL,
  `modified` datetime NOT NULL,
  PRIMARY KEY (`id`),
  UNIQUE KEY `level` (`level`)
) ENGINE=InnoDB DEFAULT CHARSET=utf8;

INSERT INTO `super_admins` (`id`, `name`, `email`, `password`, `level`, `created`, `modified`) VALUES
(1,	'Level 1',	'level1@smc.com',	'$2y$10$MP3ld1VSVfNKe5I.iD6EUeRWTjhQ3VYKIV.Hm3l7nHMzuPbR/8hMi',	1,	'2017-04-24 13:04:12',	'2017-04-24 13:04:12'),
(2,	'Level 2',	'level2@smc.com',	'$2y$10$GJITu4JvTXMrmxgMcLg2G.znBM5CRIan3WUmzIb4EcOKh8p0juyuC',	2,	'2017-04-24 13:04:40',	'2017-04-24 13:04:40'),
(3,	'Level 3',	'level3@smc.com',	'$2y$10$hphg8bvaHouTYrPfmRYe6uZFHe7FBZRbfGsYwfdTQV6/ZOpQ1M4Am',	3,	'2017-04-24 13:05:05',	'2017-04-24 13:05:05');

DROP TABLE IF EXISTS `tenders`;
CREATE TABLE `tenders` (
  `id` int(11) NOT NULL AUTO_INCREMENT,
  `name` varchar(255) NOT NULL,
  `department_name` varchar(255) NOT NULL,
  `issuing_authority` varchar(255) NOT NULL,
  `authorised_by` varchar(255) NOT NULL,
  `device_id` int(11) NOT NULL,
  `user_segment` int(11) NOT NULL,
  `experience` int(11) NOT NULL,
  `start_date` datetime NOT NULL,
  `end_date` datetime NOT NULL,
  `end_date_updated` datetime NOT NULL,
  `application_date` date NOT NULL,
  `doc_download_date` datetime NOT NULL,
  `bid_doc` varchar(255) NOT NULL,
  `min_amount` double NOT NULL,
  `document_fee` double NOT NULL,
  `tender_value` double NOT NULL,
  `email` varchar(255) NOT NULL,
  `contact` bigint(20) NOT NULL,
  `web_link` varchar(255) NOT NULL,
  `doc_names` text NOT NULL COMMENT 'String Separetd by #$@*',
  `publish_type` enum('0','1') DEFAULT '0' COMMENT '0 => Automatic, 1 => Manually',
  `publish_status` enum('0','1') NOT NULL DEFAULT '0',
  `is_awarded` enum('0','1') NOT NULL DEFAULT '0',
  `terms_cond` longtext NOT NULL,
  `status` enum('0','1','2') NOT NULL DEFAULT '0',
  `created` datetime NOT NULL,
  `modified` datetime NOT NULL,
  PRIMARY KEY (`id`)
) ENGINE=InnoDB DEFAULT CHARSET=utf8;


DROP TABLE IF EXISTS `tender_comments`;
CREATE TABLE `tender_comments` (
  `id` int(11) NOT NULL AUTO_INCREMENT,
  `tender_id` int(11) NOT NULL,
  `user_id` int(11) NOT NULL,
  `stage` int(11) NOT NULL,
  `comment` text NOT NULL,
  `status` enum('0','1') NOT NULL,
  `created` datetime NOT NULL,
  `modified` datetime NOT NULL,
  PRIMARY KEY (`id`)
) ENGINE=InnoDB DEFAULT CHARSET=utf8;


DROP TABLE IF EXISTS `tender_devices`;
CREATE TABLE `tender_devices` (
  `id` int(11) NOT NULL AUTO_INCREMENT,
  `tender_id` int(11) NOT NULL,
  `device_id` int(11) NOT NULL,
  PRIMARY KEY (`id`)
) ENGINE=InnoDB DEFAULT CHARSET=utf8;


DROP TABLE IF EXISTS `tender_documents`;
CREATE TABLE `tender_documents` (
  `id` int(11) NOT NULL AUTO_INCREMENT,
  `tender_id` int(11) NOT NULL,
  `document_id` int(11) NOT NULL,
  PRIMARY KEY (`id`)
) ENGINE=InnoDB DEFAULT CHARSET=utf8;


DROP TABLE IF EXISTS `tender_users`;
CREATE TABLE `tender_users` (
  `id` int(11) NOT NULL AUTO_INCREMENT,
  `tender_id` int(11) NOT NULL,
  `user_id` int(11) NOT NULL,
  PRIMARY KEY (`id`)
) ENGINE=InnoDB DEFAULT CHARSET=utf8;


DROP TABLE IF EXISTS `users`;
CREATE TABLE `users` (
  `id` int(11) NOT NULL AUTO_INCREMENT,
  `display_name` varchar(500) NOT NULL,
  `user_name` varchar(255) NOT NULL,
  `email` varchar(255) NOT NULL,
  `mobile` varchar(255) NOT NULL,
  `password` varchar(255) NOT NULL,
  `type` enum('user','MCG1','MCG2','MCG3','MCG4','MCG5','admin','assistant_engineer','deputy_engineer','town_planner','deputy_commissioner') NOT NULL DEFAULT 'user',
  `zone` varchar(255) NOT NULL,
  `security_qus_id` int(255) NOT NULL,
  `answer` text NOT NULL,
  `company_code` varchar(255) NOT NULL,
  `representative_id` int(11) NOT NULL,
  `user_token` varchar(250) NOT NULL,
  `otp` varchar(10) NOT NULL,
  `is_mobile_verified` enum('0','1') NOT NULL DEFAULT '0',
  `rejection_reason` varchar(500) NOT NULL,
  `status` enum('0','1','2') NOT NULL DEFAULT '0' COMMENT 'used to track active/blocked record',
  `paid` enum('0','1') NOT NULL DEFAULT '0',
  `admin_approved` enum('0','1','2','3') NOT NULL DEFAULT '0',
  `security_hash` varchar(300) NOT NULL,
  `doc_uploaded` int(11) NOT NULL DEFAULT '0',
  `created` datetime NOT NULL,
  `modified` datetime NOT NULL,
  PRIMARY KEY (`id`)
) ENGINE=InnoDB DEFAULT CHARSET=utf8;

INSERT INTO `users` (`id`, `display_name`, `user_name`, `email`, `mobile`, `password`, `type`, `zone`, `security_qus_id`, `answer`, `company_code`, `representative_id`, `user_token`, `otp`, `is_mobile_verified`, `rejection_reason`, `status`, `paid`, `admin_approved`, `security_hash`, `doc_uploaded`, `created`, `modified`) VALUES
(2,	'Yogesh MCG Zone 1',	'',	'yogeshz1@mcg.in',	'9463678910',	'$2y$10$yadsySYwOWpB.olPnU464O4oSK.Niddukm1sDa.l3qtf5y9Sxunle',	'MCG1',	'Zone1',	1,	'test',	'',	0,	'',	'0',	'0',	'',	'1',	'1',	'0',	'',	0,	'2017-01-02 18:12:33',	'2017-08-02 16:55:07'),
(7,	'Yogesh MCG 2',	'',	'yogesh2@mcg.in',	'9463678910',	'$2y$10$qTqYpZhiOzvV.hloZJ7esOxolNa9c5H653YjJXvmeyaN9Cpa7n.iO',	'MCG2',	'',	1,	'test',	'',	0,	'',	'0',	'0',	'',	'1',	'1',	'0',	'',	0,	'2017-01-12 12:36:07',	'2017-01-12 12:36:07'),
(8,	'Yogesh MCG 3',	'',	'yogesh3@mcg.in',	'9463678910',	'$2y$10$eDlRzZZuauAMf/pw7IRfKO5.9mBlKfG1KjNF59RQ2G0/w4/d5MaXy',	'MCG3',	'',	2,	'demo',	'',	0,	'',	'0',	'0',	'',	'1',	'1',	'0',	'',	0,	'2017-01-12 12:37:32',	'2017-01-12 12:37:32'),
(12,	'ADMINISTRATOR',	'',	'admin',	'9463678910',	'$2y$10$Y1hUwvHC0e0FmXiSuHwQ9uktQpIH0tYBaw8RamEXUXtjOQQtPizVu',	'admin',	'',	1,	'test',	'',	0,	'',	'0',	'0',	'',	'1',	'1',	'0',	'',	0,	'2017-01-18 13:05:02',	'2017-01-18 13:05:02'),
(41,	'Yogesh MCG 4',	'',	'yogesh4@mcg.in',	'9780697567',	'$2y$10$0jnOC.2v2achLodD5AiLRe4qvx9am2Dn.QyPUxdmlL2RzPyuJVG2y',	'MCG4',	'',	0,	'',	'',	0,	'',	'',	'0',	'',	'1',	'0',	'0',	'',	0,	'2017-06-20 15:15:25',	'2017-08-02 16:54:14'),
(45,	'Yogesh Sanger',	'',	'er.yogeshsanger@gmail.com',	'9463678910',	'$2y$10$MEJXB.NyGgZqOxvl/n0ORO7VDL4avCCHN/eEnBflJLSlnfPj9WewG',	'user',	'',	3,	'demo',	'',	1,	'',	'',	'1',	'',	'1',	'0',	'0',	'',	0,	'2017-06-23 10:06:46',	'2017-06-23 10:09:29'),
(46,	'aaa',	'',	'wiffippowamme-9062@yopmail.com',	'9780697567',	'$2y$10$S/hGUZcr4km3rax3DR7wdepVWcXBZtcRNHKIf5mlBjpk4CZsDZdjK',	'user',	'',	3,	'aaaa',	'',	1,	'',	'',	'1',	'',	'1',	'0',	'1',	'',	0,	'2017-06-23 10:44:02',	'2017-06-23 10:46:07'),
(47,	'aa',	'',	'gagan.gill@gmail.com',	'9780697567',	'$2y$10$IQLzAG9c8Yz5HojcqVLQreYTPhAduMyEwp.ljG5HATjgqrqw3tp3q',	'user',	'',	4,	'aaaa',	'',	2,	'',	'',	'1',	'',	'1',	'0',	'1',	'3630391d291abc67bf9daec2c332829cVoBVeJ',	0,	'2017-06-23 13:11:24',	'2017-06-23 16:56:44'),
(48,	'Vaun',	'',	'varun.gupta@dimts.in',	'9871942028',	'$2y$10$lc58v.WY4CUWDiIjgyErzuqgNerF93dKDpOBkmhW63lQ5iRYt9pJC',	'user',	'',	1,	'abcd',	'',	1,	'',	'',	'1',	'',	'1',	'0',	'0',	'',	0,	'2017-06-23 14:27:39',	'2017-06-23 14:29:12'),
(49,	'abc',	'',	'varun.g.18@gmail.com',	'9871942028',	'$2y$10$drhTv37hnVWoKXJbEgPFguWT3XAZPeYtaV3bOPnjjv8szbJvSb2dG',	'user',	'',	1,	'abcd',	'',	2,	'',	'',	'1',	'',	'1',	'0',	'0',	'',	1,	'2017-06-28 13:19:16',	'2017-06-28 15:30:16'),
(50,	'testing1',	'',	'arpanjot@gmail.com',	'9780697567',	'$2y$10$J/DHTIJpy7ZJam2rSlxFZOkRWUuypsX0hbNh2yjKzJ9iYlWqecki6',	'user',	'',	1,	'aaaa',	'',	3,	'',	'',	'1',	'',	'1',	'1',	'2',	'',	1,	'2017-06-30 17:19:31',	'2017-06-30 17:43:07'),
(51,	'testing1',	'',	'viwattassusse-7319@yopmail.com',	'9780697567',	'$2y$10$dz0C7s5pBj8ZgsOmEZJX9eSGD9A2blyy1/wblelyHWGzT3Q3N90zq',	'user',	'',	2,	'aaaa',	'',	1,	'',	'',	'0',	'',	'1',	'0',	'0',	'',	1,	'2017-06-30 17:46:13',	'2017-06-30 17:46:13'),
(52,	'segftsegt',	'',	'vigareppipp-2633@yopmail.com',	'9780697567',	'$2y$10$G8S6op8chWMQW/iTupSO9OBqHWDwl5aSxk71pvUbxI4OI2qEC3cNG',	'user',	'',	3,	'aaaa',	'',	2,	'',	'',	'1',	'',	'1',	'0',	'0',	'',	1,	'2017-06-30 17:50:44',	'2017-06-30 17:54:04'),
(53,	'grsdhdth',	'',	'asemipok-1349@yopmail.com',	'9780697567',	'$2y$10$HMz9ZjSYnlCnt52CvLDFMO4TJ7qYWh/8hI.N0xItfJpvxg/rDSj7a',	'user',	'',	2,	'afssgf',	'',	4,	'',	'',	'1',	'',	'1',	'0',	'0',	'',	1,	'2017-06-30 17:57:36',	'2017-06-30 18:06:05'),
(54,	'sFHwdshgstd',	'',	'zilemmexab-3275@yopmail.com',	'9780697567',	'$2y$10$yv3wXQje1e6F3JPGpYhV8Og2wfsbLh5zGlQ/8t2G6EOucVQBf6Y0C',	'user',	'',	5,	'sfargt',	'',	5,	'85e90e758ac5aa128ec0a0173c869f13',	'',	'0',	'',	'0',	'0',	'0',	'',	1,	'2017-06-30 18:08:58',	'2017-06-30 18:08:58'),
(55,	'LACUS INTEGRATED MARKETING SERVICES INDIA PRIVATE LIMITED',	'',	'singhshelly21@gmail.com',	'9806333333',	'$2y$10$mNdypiVfG0C3lIm6uRSq9ObbuIUwccFmudSsJdZES0hlAq4biogUu',	'user',	'',	3,	'DELHI',	'',	5,	'',	'',	'1',	'',	'1',	'0',	'1',	'',	1,	'2017-07-01 12:32:15',	'2017-07-01 17:43:13'),
(56,	'HEIGHTS PROMOTION COMPANY',	'',	'heightsmail@gmail.com',	'9810470007',	'$2y$10$DP5U/tXHhZ7FkfzaHWBYa.QAeepARWnaYPpE/r4aBcRZ6esqQKPT.',	'user',	'',	1,	'Vivek School',	'',	2,	'',	'',	'1',	'',	'1',	'1',	'2',	'',	1,	'2017-07-03 09:07:20',	'2017-08-21 11:42:18'),
(57,	'sefdrgtre',	'',	'jaffarafudu-6223@yopmail.com',	'9780697567',	'$2y$10$ezS15SoLIOYHG8nDcRGa8O83LZ.BgmQz3IwF.s5vUAQqa0aACBGsS',	'user',	'',	2,	'aaaaaa',	'',	1,	'502fe91edb77e4a547ec8b1fb8c56ecb',	'',	'0',	'',	'0',	'0',	'0',	'',	1,	'2017-07-03 12:07:52',	'2017-07-03 12:07:52'),
(58,	'dzrgtear',	'',	'owessewoc-3021@yopmail.com',	'9780697567',	'$2y$10$eKvm8S3xDqhfMkz3CyJBZeXRUqhv9lZR0OgExDYmASz/YkSTQZ9hK',	'user',	'',	2,	'saefrdsrgt',	'',	1,	'',	'',	'1',	'',	'1',	'0',	'0',	'',	1,	'2017-07-03 12:12:30',	'2017-07-03 12:13:56'),
(59,	'swsfes',	'',	'ommannibiv-4809@yopmail.com',	'9780697567',	'$2y$10$7Li1Ly0EO1Lw.UnhGSFWwOpQAxHmDvYky9.EvHanu1sJfnQVqB1WC',	'user',	'',	3,	'aaaa',	'',	2,	'',	'',	'1',	'',	'1',	'0',	'0',	'',	1,	'2017-07-03 12:15:52',	'2017-07-03 12:20:09'),
(60,	'rtrty5t',	'',	'wexixonev-7313@yopmail.com',	'9780697567',	'$2y$10$98YeKPwZxGxD0NYQRats6OBZwdajRPrj2sJOamsH66mI5mDR26vTK',	'user',	'',	3,	'aaaa',	'',	3,	'',	'',	'1',	'',	'1',	'0',	'0',	'',	1,	'2017-07-03 12:28:41',	'2017-07-03 12:31:00'),
(61,	'raeaery',	'',	'effafarafu-5407@yopmail.com',	'9780697567',	'$2y$10$KrUhTEPhqg6UWCeqE2BhnuBUotkm4mPga7TysgYDasFBTgMzlK1Ru',	'user',	'',	2,	'erqqwt',	'',	4,	'',	'',	'1',	'',	'1',	'0',	'0',	'',	1,	'2017-07-03 12:42:11',	'2017-07-03 12:45:57'),
(62,	'tesyyr',	'',	'aduhosull-4350@yopmail.com',	'9780697567',	'$2y$10$ILHtWhrpQGz17nuu8ftVb.EkMidw6MHUyXzNMczADacolWADBAp0G',	'user',	'',	2,	'aaaa',	'',	5,	'',	'',	'1',	'',	'1',	'0',	'0',	'',	1,	'2017-07-03 12:48:00',	'2017-07-03 12:50:25'),
(63,	'qwt4q32',	'',	'uttiddeffa-7697@yopmail.com',	'9780697567',	'$2y$10$mNly5.QrBnvqMiPqZexFWupfy1kQMdVKkvfWF1uSDaSqK9HR.qgiW',	'user',	'',	2,	'aaaqa',	'',	6,	'',	'',	'1',	'',	'1',	'0',	'0',	'',	1,	'2017-07-03 12:51:44',	'2017-07-03 12:53:26'),
(64,	'All media solution',	'',	'xyz@gmail.com',	'9311503182',	'$2y$10$/KVhyPfRMgxSetErxeIiwuTEERymXx.DjiZqrP/zm5l3Rs2jAI9eS',	'user',	'',	1,	'xyjdnjm',	'',	1,	'',	'',	'0',	'',	'0',	'0',	'0',	'',	0,	'2017-07-05 20:10:25',	'2017-07-05 20:10:25'),
(65,	'ALL ABOUT OUTDOOR MEDIA.COM PRIVATE LIMITED',	'',	'anubhav.rastogi@groupaao.com',	'9560554444',	'$2y$10$wVegnt4X9inHz7C05AABqOur064Po3E2nvAqLgkTEev48XsVoyjla',	'user',	'',	5,	'ALLABOUTOUTDOOR',	'',	5,	'',	'',	'1',	'',	'1',	'1',	'2',	'',	1,	'2017-07-08 12:45:42',	'2017-07-10 13:31:46'),
(66,	'Tanishq Gupta',	'',	'tanishq.gupta97@gmail.com',	'8588809877',	'$2y$10$6kTpAzZihMtKisLIuSnjbe15rn0tjpCl9rhZUsNJDOFg26Pb1NEVO',	'user',	'',	2,	'shubham',	'',	1,	'',	'',	'1',	'',	'1',	'0',	'0',	'',	1,	'2017-07-10 13:24:42',	'2017-08-11 02:47:47'),
(67,	'Chandra Agencies',	'',	'chandra.advg@gmail.com',	'9811972233',	'$2y$10$VPiZY9oNpOZs16y2yYO8/ut8Kr1CBEul1PW.lt4EMW2MogUOhptMu',	'user',	'',	5,	'outdoor advertising',	'',	3,	'',	'',	'0',	'',	'0',	'0',	'0',	'',	0,	'2017-07-11 16:10:29',	'2017-07-11 16:10:29'),
(68,	'Tycoon Events & Promotions Pvt. Ltd.',	'',	'jasmeet.singh@tycoongroup.in',	'9888299999',	'$2y$10$j.jEVxAulXKm7503I8PajeOUQmn5gzr7mT35P3wrbFHs2hDol9IxO',	'user',	'',	2,	'vicky',	'',	5,	'',	'',	'1',	'',	'1',	'1',	'2',	'',	1,	'2017-07-11 17:35:08',	'2017-07-13 17:45:54'),
(69,	'Vinod Kumar  Propwriter of VST India',	'',	'vstindia214@gmail.com',	'9811111138',	'$2y$10$HWa9BukKln/X0Ug7O0SjDeu9Hj18YFNFa74fVDsddbkTkbxP3GE8m',	'user',	'',	3,	'Chakarpur',	'',	1,	'',	'',	'0',	'',	'0',	'0',	'0',	'',	0,	'2017-07-11 18:28:22',	'2017-07-11 18:28:22'),
(70,	'vinod kumar',	'',	'kantguptatayal@gmail.com',	'9910322351',	'$2y$10$Gd9mnPHcqM8lMesme9HqxO/JKeNPdqJk9HSYDjwgMqX7bFxcw3JfS',	'user',	'',	2,	'vinod',	'',	1,	'',	'',	'0',	'',	'0',	'0',	'0',	'',	0,	'2017-07-12 08:40:28',	'2017-07-12 08:40:28'),
(71,	'Mohan Media (A Unit Of Mohan Tractors Pvt Ltd)',	'',	'vineet@mohanindia.co.in',	'8826254949',	'$2y$10$DW9pmx/qZS2q646tu7BYdOYhgiFcLDrfEegGe9aRRqR19kLg7vtd2',	'user',	'',	2,	'mohan media',	'',	5,	'',	'',	'0',	'',	'0',	'0',	'0',	'',	0,	'2017-07-12 11:40:30',	'2017-07-12 11:40:30'),
(72,	'The Paras World School India',	'',	'sumer.singh@parasworldschool.com',	'9810331192',	'$2y$10$U1vPWJ4vI3nzXCjAwUXw7OcD9YDJdu5piqW9OrqzU4sGC1lkIweoS',	'user',	'',	3,	'Rohtak',	'',	6,	'',	'',	'1',	'',	'1',	'0',	'0',	'',	1,	'2017-07-15 15:40:36',	'2017-07-15 15:53:49'),
(73,	'Interactive Communication Services (I) Pvt Ltd.',	'',	'info@icons.co.in',	'9899206518',	'$2y$10$coPLdih3pW5wLbi8kH/HmunbkVSgROmCOvebkylry5REqwmiM5MVu',	'user',	'',	3,	'Delhi',	'',	5,	'',	'',	'0',	'',	'0',	'0',	'0',	'',	0,	'2017-07-17 13:10:30',	'2017-07-17 13:10:30'),
(74,	'Brite Neon Signs Private Limited',	'',	'sluthra@britebns.com',	'9811819839',	'$2y$10$CyyUgG/zPWNAO/ok6sUtX.tMCgaBIifcbaUbCN2YQHTK1qrofrjq.',	'user',	'',	3,	'Patna',	'',	5,	'',	'',	'1',	'',	'1',	'1',	'2',	'',	1,	'2017-07-18 11:46:28',	'2017-07-18 16:32:20'),
(75,	'Glamour Advertising',	'',	'glamour_advertising2005@yahoo.co.in',	'9560450387',	'$2y$10$6wiOHRWG8U3k1vfPGhZUUenEOrKElSOBfNOYEc4mi/s4xhfmYqom.',	'user',	'',	2,	'kaps',	'',	3,	'7c7624b283031c316623960be56ffe64',	'',	'0',	'',	'0',	'0',	'0',	'',	1,	'2017-07-18 15:08:57',	'2017-08-16 15:06:17'),
(76,	'Sanjiv Jain',	'',	'info@saditya.com',	'9810001731',	'$2y$10$mmzn.v0A4VR3oym4MIx6kOwVLKAt6MF15cLnukCg.FfvVK.UCgHkm',	'user',	'',	3,	'Delhi',	'',	1,	'',	'',	'0',	'',	'0',	'0',	'0',	'',	0,	'2017-07-19 16:23:04',	'2017-07-19 16:23:04'),
(77,	'OTTIMO VISUALS',	'',	'care4rajesh@gmail.com',	'9312796084',	'$2y$10$SCUV60QXc4ZGPFwxrxwC5.8dUhJB2e5w.IqPHIzTgZNSTjK.f9CCC',	'user',	'',	1,	'navbharat',	'',	3,	'',	'',	'1',	'',	'1',	'1',	'3',	'',	1,	'2017-07-20 11:39:49',	'2017-08-04 13:09:53'),
(78,	'Sita outdoor media ',	'',	'sitaoutdoormedia@gmail.com',	'9958850333',	'$2y$10$hJ0J2KLDKg2XsoV7hrzN9eR/BaS1nkwxEBPgUEnt9StSPfqJXuWG2',	'user',	'',	3,	'New tender outdoor advertising arrive',	'',	1,	'',	'',	'0',	'',	'0',	'0',	'0',	'',	0,	'2017-07-21 11:44:33',	'2017-07-21 11:44:33'),
(79,	'SAI HITECH ADVERTISING PVT.LTD',	'',	'PGHOSH.SAIHITECH@GMAIL.COM',	'9810044868',	'$2y$10$mnpYKx9rQJ1KxsCMOrVOiuw8X3SjGmMHD7KZqDYCEucliWPUZaj7q',	'user',	'',	2,	'P.GHOSH',	'',	5,	'',	'',	'1',	'',	'1',	'1',	'2',	'',	1,	'2017-07-21 13:45:31',	'2017-07-24 16:23:53'),
(80,	'Sharad Goel',	'',	'saurabhgoel86@gmail.com',	'9811799997',	'$2y$10$1EEsADIG/XPJpTGo.d08rOmCxHI082U8J29TEkrH6RCqXSi1gmT/a',	'user',	'',	3,	'gurgaon',	'',	1,	'',	'',	'1',	'',	'1',	'1',	'2',	'',	1,	'2017-07-21 19:13:04',	'2017-07-24 16:58:59'),
(81,	'Incubate Advertising Pvt Ltd',	'',	'amit.mehta@incubateadvertising.com',	'9811676177',	'$2y$10$HbCJbOhehipLAHziDfxfvuvG.mwwnI7q9XpEG.Mxg.U30Yy0wzAwy',	'user',	'',	1,	'Modern School',	'',	5,	'',	'',	'1',	'',	'1',	'1',	'2',	'',	1,	'2017-07-22 14:48:26',	'2017-07-23 14:23:28'),
(82,	'OTTIMO VISUALS',	'',	'finact.ottimo@gmail.com',	'9312796084',	'$2y$10$CTeerPmcZMJkW8KFxX6ANuu1MPo.9Lvvmhz49TkpTUUtheOlsgrLa',	'user',	'',	1,	'navbharat',	'',	3,	'',	'',	'0',	'',	'0',	'0',	'0',	'',	0,	'2017-07-22 15:16:08',	'2017-07-22 15:16:08'),
(83,	'LACUS INTEGRATED MARKETING SERVICES INDIA PRIVATE LIMITED',	'',	'rasmeet@lacus.in',	'9806333333',	'$2y$10$62iWNUM4QdpZnGzjze6c0OUzBoYqxR7d/goslI8xYoMX2XKoTunkO',	'user',	'',	3,	'Delhi',	'',	5,	'',	'',	'1',	'',	'1',	'1',	'2',	'',	1,	'2017-07-22 16:34:28',	'2017-08-16 11:51:48'),
(84,	'Shloreway Media',	'',	'arjun@arshgroup.in',	'9818148090',	'$2y$10$D/SnPJGktCUdQSlR5BBtYOZZT7kbPqKcpa1wL8RQzGl1x/V4tuyfu',	'user',	'',	2,	'Bobby',	'',	2,	'',	'',	'0',	'',	'0',	'0',	'0',	'',	0,	'2017-07-26 17:24:02',	'2017-07-26 17:24:02'),
(85,	'Media Juncsion',	'',	'mediajuncsion@gmail.com',	'9871999555',	'$2y$10$bIB9Vy18O8rnQDGFSKyJCO6gBHDebUQWn36WIhwzd0WI80PDnnllm',	'user',	'',	1,	'govt.school',	'',	2,	'',	'',	'0',	'',	'0',	'0',	'0',	'',	0,	'2017-07-27 14:38:24',	'2017-07-27 14:38:24'),
(86,	'MAX MEDIA SERVICES',	'',	'maxmedia2012@gmail.com',	'9212390562',	'$2y$10$bqVz4j9uACgU2lb/1uga4eHmE3ouRlWIy0F6FttOjW2qofXWxxNgm',	'user',	'',	1,	'LITTLE  ANGELS JUNIOR HIGH SCHOOL',	'',	2,	'',	'',	'0',	'',	'0',	'0',	'0',	'',	0,	'2017-07-28 09:54:52',	'2017-07-28 09:54:52'),
(87,	'Media Services Pvt Ltd',	'',	'contactus@mediaservices.co',	'9811799997',	'$2y$10$X8FpdHsUVaz25tgVrRPAme0zG1sNMANfF1WeYRNKm2Ku06tYpN4U.',	'user',	'',	3,	'gurgaon',	'',	5,	'',	'',	'1',	'',	'1',	'1',	'2',	'',	1,	'2017-07-28 18:59:46',	'2017-08-02 14:51:03'),
(88,	'GF Toll Road Pvt Ltd.',	'',	'ro.north@relianceada.com',	'9311470052',	'$2y$10$chWYm3JN/xUAPlX6PQP1VO9SwERXY76zD8GvfoyBfVkCGirGvq5mG',	'user',	'',	5,	'TATA',	'',	5,	'',	'',	'0',	'',	'0',	'0',	'0',	'',	0,	'2017-07-29 12:58:44',	'2017-08-17 14:44:26'),
(89,	'CREATIVE MEDIA SERVICES',	'',	'creativemediaservice@gmail.com',	'8130838855',	'$2y$10$3D3ypxUSWfCRfHnQNcExq.y40wz0vcasOe3Pmg0mcmgXC5DYxrmhC',	'user',	'',	1,	'saibal gupta',	'',	2,	'',	'',	'1',	'',	'1',	'1',	'2',	'',	1,	'2017-08-01 14:31:38',	'2017-08-03 19:47:05'),
(90,	'Aryan Advertising pvt ltd',	'',	'aryanads86@gmail.com',	'7982019680',	'$2y$10$PRcOA0f3g3gEy4SI9saPPuJ6YXG6T667P8rMnQ1PYP3if/3HESVbi',	'user',	'',	2,	'Gullu',	'',	5,	'',	'',	'0',	'',	'0',	'0',	'0',	'',	0,	'2017-08-02 16:14:16',	'2017-08-02 16:14:16'),
(91,	'Yogesh MCG Zone 2',	'',	'yogeshz2@mcg.in',	'9463678910',	'$2y$10$L3UTQkFqgxjjFbR36hsvm.q9qN1hqsQkTNtuMYe6eS2.Z1oINobVK',	'MCG1',	'Zone2',	0,	'',	'',	0,	'',	'',	'0',	'',	'1',	'0',	'0',	'',	0,	'2017-08-02 16:56:01',	'2017-08-02 16:56:01'),
(92,	'Yogesh MCG Zone 3',	'',	'yogeshz3@mcg.in',	'9463678910',	'$2y$10$rx.0hMXMDBjeNRY2nTcXe.SqvFGj5Jrzjiie4KGXMmeMOuZ4QzTqW',	'MCG1',	'Zone3',	0,	'',	'',	0,	'',	'',	'0',	'',	'1',	'0',	'0',	'',	0,	'2017-08-02 16:57:03',	'2017-08-02 16:57:03'),
(93,	'Yogesh MCG Zone 4',	'',	'yogeshz4@mcg.in',	'9463678910',	'$2y$10$flV5TrvIiuAnGlfIpVCxTe92f.DU.egQo4rABFbjVeJJwQTVRfi6.',	'MCG1',	'Zone4',	0,	'',	'',	0,	'',	'',	'0',	'',	'1',	'0',	'0',	'',	0,	'2017-08-02 16:57:45',	'2017-08-02 16:57:45'),
(94,	'Brand Genesis',	'',	'19vivek.singh@gmail.com',	'9717597113',	'$2y$10$ywmDP/yu4twNyKvGpKJkn.PdVwX6tG3K81Dm3r8VZd7foh0WoUiwC',	'user',	'',	3,	'Lucknow',	'',	3,	'',	'',	'1',	'',	'1',	'1',	'2',	'',	1,	'2017-08-02 18:35:08',	'2017-08-02 19:57:57'),
(95,	'raj',	'',	'info@gmail.com',	'7503942332',	'$2y$10$qVEK96KD7hLCh20VHJZplOLD80y9RQHWsWdPtxKR5SgX2FZ/SxrEO',	'user',	'',	2,	'rajsdfs',	'',	1,	'',	'',	'0',	'',	'0',	'0',	'0',	'',	0,	'2017-08-04 14:46:47',	'2017-08-04 14:46:47'),
(96,	'Interactive Communication Services (I) Pvt Ltd.',	'',	'suumitgupta@icons.co.in',	'9899006006',	'$2y$10$JG.coIDkG9.oDlAbxcrO4OlB3SbIn1XS8e9B0aET.ZJv8kcSFcDRy',	'user',	'',	3,	'Delhi',	'',	5,	'',	'',	'0',	'',	'0',	'0',	'0',	'',	0,	'2017-08-08 13:38:37',	'2017-08-09 17:56:10'),
(97,	'The Paras World School India',	'',	'sumersinghmar@gmail.com',	'9810331192',	'$2y$10$Er6ItygCBVfbHC3pueJIDOePIKMJKCy9ebwusGEwOP0lDM1iVyxNG',	'user',	'',	1,	'sumer',	'',	6,	'',	'',	'0',	'',	'0',	'0',	'0',	'',	0,	'2017-08-08 18:24:45',	'2017-08-08 18:24:45'),
(98,	'media shop',	'',	'mediashop.outdoor@gmail.com',	'9810001098',	'$2y$10$bV2y7lao7YGLL4qYVw.uauxjGJl982TghKomgRNkQabkNabl8b6.C',	'user',	'',	4,	'cocco',	'',	2,	'689684f6ce24e00262d0ca3c03b25657',	'',	'0',	'',	'0',	'0',	'0',	'',	1,	'2017-08-09 14:11:07',	'2017-08-09 14:11:07'),
(99,	'Interactive Communication Services (I) Pvt Ltd.',	'',	'ssrawat@icons.co.in',	'9899206518',	'$2y$10$wYpnXaoMrPT9SpVszlrpNuh/CJusUOZDSFLlxNEYoY1KVXnNju3Qm',	'user',	'',	3,	'Tehri',	'',	5,	'',	'',	'1',	'',	'1',	'1',	'1',	'',	1,	'2017-08-09 18:06:59',	'2017-09-07 11:13:40'),
(100,	'GF Toll Road Pvt. Ltd.',	'',	'surender.bharti@relianceada.com',	'9643912302',	'$2y$10$pOOz6gyaLUZNlWb4Hw8ySuYl1/UyA54ogKFHTd2/ypH3Wkyx.rcES',	'user',	'',	3,	'meerut',	'',	5,	'',	'',	'1',	'',	'1',	'1',	'1',	'',	1,	'2017-08-17 14:48:54',	'2017-08-28 16:52:42'),
(101,	'QUANTUM OUTDOORS',	'',	'tanuj@quantumoutdoors.com',	'9050900025',	'$2y$10$suVy/aoStYfTL8YZl25Pa.85j6KD8PWujAoS2.h0R3R3u5YMuRK/O',	'user',	'',	4,	'Bingo',	'',	2,	'',	'',	'0',	'',	'0',	'0',	'0',	'',	0,	'2017-08-17 16:18:00',	'2017-08-17 16:18:00'),
(102,	'Glamour Advertising',	'',	'mkapoor1980@gmail.com',	'9560450387',	'$2y$10$SIFAlddxbLOpLThXpKCYIO.ap2NuRzTI.tAL4oTNiAd0DS5BBrI2q',	'user',	'',	1,	'Modern School',	'',	3,	'',	'',	'0',	'',	'0',	'0',	'0',	'',	0,	'2017-08-21 15:02:14',	'2017-08-21 15:02:14'),
(103,	'Glamour Advertising',	'',	'kapilglamour@gmail.com',	'9560450387',	'$2y$10$NHUgo5XpvPgVaHn19BMb6eIYCYNtAqROJJ6cSxbF/KG5QKqaTSWWW',	'user',	'',	3,	'Moti Nagar',	'',	3,	'',	'',	'1',	'',	'1',	'1',	'2',	'',	1,	'2017-08-23 14:18:09',	'2017-09-01 18:59:27'),
(104,	'media shop',	'',	'gurjit_dhingra@yahoo.co.in',	'9810001098',	'$2y$10$33RgsDXKCwCWmuPbgDpwt.2rq22hfnco.AHWI1/zfS1MEZ6LIuBkm',	'user',	'',	4,	'coco',	'',	2,	'',	'',	'0',	'',	'0',	'0',	'0',	'',	0,	'2017-09-01 12:02:40',	'2017-09-01 12:02:40'),
(105,	'Hitesh Nagpal',	'',	'hiteshnagpal01@gmail.com',	'9254044404',	'$2y$10$2slFEpxGNgSqQ.XUNYfLoegfWs4d4uzoLxCGngK0Blu8DSgYiV/gy',	'user',	'',	1,	'choturam',	'',	1,	'',	'',	'0',	'',	'0',	'0',	'0',	'',	0,	'2017-09-05 13:47:08',	'2017-09-05 13:47:08'),
(106,	'MAGIC MIND MEDIA SOLUTIONS PVT LTD',	'',	'kawalbagga@gmail.com',	'9872222261',	'$2y$10$gm9TnkgzWjfpEavJrpokXeorcG1gWK.PX9riw0tGM4dRfsuaTVnT.',	'user',	'',	2,	'sonu',	'',	5,	'',	'',	'0',	'',	'0',	'0',	'0',	'',	0,	'2017-09-07 12:37:38',	'2017-09-07 12:37:38'),
(107,	'Roop Ram Educare Pvt Ltd ( Lancers International School)',	'',	'rohit@lis.ac.in',	'8447758623',	'$2y$10$.pGyzvv5R1fn.Mn.wQ1GFeEop1uF.YGFVQlh0Qpcv0FNMPP8642m.',	'user',	'',	3,	'Gugugram',	'',	5,	'',	'',	'0',	'',	'0',	'0',	'0',	'',	0,	'2017-09-07 16:27:37',	'2017-09-07 16:27:37'),
(108,	'Magic Mind Media Soution Pvt Ltd',	'',	'magicmind2017@gmail.com',	'9872222261',	'$2y$10$BsBKNu04QAob.khqsAnli.v9P9W97E89nD5kntg6yT2x7R/n0y/o.',	'user',	'',	3,	'Ludhiana',	'',	3,	'',	'',	'0',	'',	'0',	'0',	'0',	'',	0,	'2017-09-08 12:41:13',	'2017-09-08 12:41:13'),
(109,	'Shape India Outdoors',	'',	'shapeindiaoutdoors@gmail.com',	'9254152300',	'$2y$10$Luc5jB/nwnE4uX0Wr2P7ZukmDkU5N5OHVr0Qlw8RSzfRLb9JavJWm',	'user',	'',	2,	'sandy',	'',	2,	'',	'',	'1',	'',	'1',	'1',	'0',	'',	1,	'2017-09-08 19:08:35',	'2017-09-11 16:20:42'),
(110,	'Rapid MetroRail Gurgaon South Limited',	'',	'aditya.gupta@ilfsindia.com',	'9711191518',	'$2y$10$0YAiqlEfDdX6JoVBFltIUOaD02MIIm2XEFqr9Q4/rQ70kdJu2TaQS',	'user',	'',	3,	'New Delhi',	'',	5,	'',	'',	'1',	'',	'1',	'1',	'0',	'',	1,	'2017-09-11 11:46:15',	'2017-09-13 12:18:26'),
(111,	'PINNACLE MEDIA NETWORK PVT LTD.',	'',	'ranjeet.accounts@yahoo.com',	'9818266449',	'$2y$10$/xIUPIvx0NlPqvlxfm2/hONrTJ3Uoe2vnC3uCZF8jAQLkDc0Tnzxm',	'user',	'',	2,	'PAYAL',	'',	5,	'',	'',	'1',	'',	'1',	'1',	'1',	'',	1,	'2017-09-11 12:10:47',	'2017-09-11 12:41:19'),
(112,	'Flying Colors Communication Pvt Ltd',	'',	'mayank.jain12@hotmail.com',	'9818600226',	'$2y$10$xqkfSB03jHSo.uMdkz7NNearJTS9mgTXhFW1NtxZSP6.Zez0Tcn3S',	'user',	'',	2,	'RINSHU',	'',	5,	'',	'',	'0',	'',	'0',	'0',	'0',	'',	0,	'2017-09-11 15:43:28',	'2017-09-11 15:43:28'),
(113,	'NEXUS ALLIANCE ADVERTISING & MARKETING PVT. LTD.',	'',	'rupesh@alliance11.com',	'9811406134',	'$2y$10$OwBKUSBS77sYf1.YlxzoI.x2hW11jTTRhxV5MaiEXKaZXxBG.exZq',	'user',	'',	1,	'Rupesh',	'',	5,	'',	'',	'0',	'',	'0',	'0',	'0',	'',	0,	'2017-09-11 19:56:51',	'2017-09-12 15:25:11'),
(114,	'RELIANCE RETAIL LIMITED',	'',	'vinit.bansal@ril.com',	'9871331491',	'$2y$10$OVYrNDu9HvFaw9/Trx.BX.NmWcfMQPPldNj9C8YNR7kz9FA9ePC9e',	'user',	'',	1,	'vinit',	'',	5,	'',	'',	'0',	'',	'0',	'0',	'0',	'',	0,	'2017-09-13 17:23:03',	'2017-09-13 17:23:03');

DROP TABLE IF EXISTS `user_additional_docs`;
CREATE TABLE `user_additional_docs` (
  `id` int(11) NOT NULL AUTO_INCREMENT,
  `request_id` int(11) NOT NULL,
  `name` varchar(255) NOT NULL,
  `reason` text NOT NULL,
  `is_uploaded` enum('0','1') NOT NULL DEFAULT '0',
  `filename` varchar(255) NOT NULL,
  `created` datetime NOT NULL,
  `modified` datetime NOT NULL,
  PRIMARY KEY (`id`)
) ENGINE=InnoDB DEFAULT CHARSET=utf8;

INSERT INTO `user_additional_docs` (`id`, `request_id`, `name`, `reason`, `is_uploaded`, `filename`, `created`, `modified`) VALUES
(11,	7,	'You are requested to submit the following documents advised under process of registration   Clause 4 (2). (which are not submitted by you).',	'You are requested to submit the following documents advised under process of registration   Clause 4 (2). (which are not submitted by you).',	'1',	'1503295938_6byQHIiXj4uUPI3GlDvB_11.pdf',	'2017-08-02 18:24:57',	'2017-08-21 11:42:18'),
(12,	8,	'Din No.',	'pending',	'0',	'',	'2017-08-04 13:09:53',	'2017-08-04 13:09:53');

DROP TABLE IF EXISTS `user_additional_doc_requests`;
CREATE TABLE `user_additional_doc_requests` (
  `id` int(11) NOT NULL AUTO_INCREMENT,
  `user_id` int(11) NOT NULL,
  `created` datetime NOT NULL,
  `modified` datetime NOT NULL,
  PRIMARY KEY (`id`)
) ENGINE=InnoDB DEFAULT CHARSET=utf8;

INSERT INTO `user_additional_doc_requests` (`id`, `user_id`, `created`, `modified`) VALUES
(7,	56,	'2017-08-02 18:24:57',	'2017-08-02 18:24:57'),
(8,	77,	'2017-08-04 13:09:53',	'2017-08-04 13:09:53');

DROP TABLE IF EXISTS `user_directors`;
CREATE TABLE `user_directors` (
  `id` int(11) NOT NULL AUTO_INCREMENT,
  `director_user_id` int(11) NOT NULL,
  `director_name` varchar(255) NOT NULL,
  `din` varchar(255) NOT NULL,
  PRIMARY KEY (`id`)
) ENGINE=InnoDB DEFAULT CHARSET=latin1;

INSERT INTO `user_directors` (`id`, `director_user_id`, `director_name`, `din`) VALUES
(1,	55,	'Mr. Gour Gupta',	''),
(2,	68,	'Ajay Kumar',	''),
(3,	73,	'Saroj Gupta',	''),
(4,	74,	'Prashant Luthra',	''),
(5,	74,	'V.K. Luthra',	''),
(6,	83,	'Kamalpreet singh Anand',	''),
(7,	90,	'Dharamvir singh',	'');

DROP TABLE IF EXISTS `user_documents`;
CREATE TABLE `user_documents` (
  `id` int(11) NOT NULL AUTO_INCREMENT,
  `user_id` int(11) NOT NULL,
  `field` varchar(255) NOT NULL,
  `document` varchar(255) NOT NULL,
  `created` datetime NOT NULL,
  `modified` datetime NOT NULL,
  PRIMARY KEY (`id`)
) ENGINE=InnoDB DEFAULT CHARSET=utf8;

INSERT INTO `user_documents` (`id`, `user_id`, `field`, `document`, `created`, `modified`) VALUES
(31,	50,	'income_proof',	'1498823613_9cOAtqgq1WItF8HmTBni_income_proof.png',	'2017-06-30 17:23:34',	'2017-06-30 17:23:34'),
(32,	50,	'income_tax_return',	'1498824348_x1XjaeLC35zilDjHTeVE_income_tax_return.png',	'2017-06-30 17:35:49',	'2017-06-30 17:35:49'),
(33,	50,	'partnership_registration_certificate',	'1498824353_CRl91BmaojBzpy9R1EVr_partnership_registration_certificate.png',	'2017-06-30 17:35:54',	'2017-06-30 17:35:54'),
(34,	50,	'advertising_experience',	'1498824357_LhLkK6WUuZaLCvZ4KNiB_advertising_experience.png',	'2017-06-30 17:35:58',	'2017-06-30 17:35:58'),
(35,	50,	'partner_cv',	'1498824364_C1bWDaELXpvZr0WwkR5m_partner_cv.png',	'2017-06-30 17:36:05',	'2017-06-30 17:36:05'),
(36,	50,	'tin_no',	'1498824371_7r0ZvECDO5JjScRmz45m_tin_no.png',	'2017-06-30 17:36:12',	'2017-06-30 17:36:12'),
(37,	50,	'service_tax',	'1498824378_eWi24Bq8CCSQCgJLitVW_service_tax.png',	'2017-06-30 17:36:19',	'2017-06-30 17:36:19'),
(38,	50,	'address_proof_partnership_firm',	'1498824381_cJ67TLbsznp8D8WZEhPz_address_proof_partnership_firm.png',	'2017-06-30 17:36:22',	'2017-06-30 17:36:22'),
(39,	50,	'no_dues_pending',	'1498824387_EvfOVZSCzzqKWTc011uw_no_dues_pending.png',	'2017-06-30 17:36:28',	'2017-06-30 17:36:28'),
(40,	50,	'details_advertisement_permissions',	'1498824390_45MItiOUf84n1ZWoV7ij_details_advertisement_permissions.png',	'2017-06-30 17:36:32',	'2017-06-30 17:36:32'),
(41,	50,	'undertaking_non_blacklisting',	'1498824457_oUqq5D375GStv9JVC66x_undertaking_non_blacklisting.png',	'2017-06-30 17:37:38',	'2017-06-30 17:37:38'),
(42,	50,	'partnership_deed',	'1498824466_VcihP2qjA08IoTW2KWYJ_partnership_deed.png',	'2017-06-30 17:37:47',	'2017-06-30 17:37:47'),
(43,	51,	'income_proof',	'1498825087_Qoj5RAS9QYdbEdVkVZTs_income_proof.png',	'2017-06-30 17:48:08',	'2017-06-30 17:48:08'),
(44,	51,	'undertaking_non_blacklisting',	'1498825090_JmtrZmIesxWlegYjzsRD_undertaking_non_blacklisting.png',	'2017-06-30 17:48:11',	'2017-06-30 17:48:11'),
(45,	51,	'no_dues_pending',	'1498825093_cQBGI0Hg4D01i4KKTz5A_no_dues_pending.png',	'2017-06-30 17:48:14',	'2017-06-30 17:48:14'),
(46,	51,	'details_advertisement_permissions',	'1498825098_lGf27An2xasX7QbClv5k_details_advertisement_permissions.png',	'2017-06-30 17:48:19',	'2017-06-30 17:48:19'),
(47,	51,	'advertising_experience',	'1498825112_XH44jFAFa6hdpmMyLPk5_advertising_experience.xls',	'2017-06-30 17:48:34',	'2017-06-30 17:48:34'),
(48,	51,	'partner_cv',	'1498825118_BuzDg9NKtfC8XebCZLo9_partner_cv.png',	'2017-06-30 17:48:39',	'2017-06-30 17:48:39'),
(49,	51,	'income_tax_return',	'1498825126_9bQAqr8uIEbGlS86F2Nh_income_tax_return.png',	'2017-06-30 17:48:47',	'2017-06-30 17:48:47'),
(50,	52,	'partner_cv',	'1498825275_4OC5t2jJui7cNiZDaAqI_partner_cv.png',	'2017-06-30 17:51:16',	'2017-06-30 17:51:16'),
(51,	52,	'advertising_experience',	'1498825277_Fm6hClePxAty0lkA2STB_advertising_experience.png',	'2017-06-30 17:51:18',	'2017-06-30 17:51:18'),
(52,	52,	'undertaking_non_blacklisting',	'1498825279_utT1qpXfKeSY7Z09zTuy_undertaking_non_blacklisting.png',	'2017-06-30 17:51:20',	'2017-06-30 17:51:20'),
(53,	52,	'service_tax',	'1498825282_qZgzAiUce0ZJag0l22NP_service_tax.png',	'2017-06-30 17:51:23',	'2017-06-30 17:51:23'),
(54,	52,	'income_proof',	'1498825287_nDeOWlbG6SGDQV2VgtaK_income_proof.png',	'2017-06-30 17:51:28',	'2017-06-30 17:51:28'),
(55,	52,	'tin_no',	'1498825290_MzpXfIz4eHhqikcoPzzi_tin_no.png',	'2017-06-30 17:51:31',	'2017-06-30 17:51:31'),
(56,	52,	'income_tax_return',	'1498825299_eAiOUkbI46FKoDgiZgvI_income_tax_return.png',	'2017-06-30 17:51:40',	'2017-06-30 17:51:40'),
(57,	52,	'no_dues_pending',	'1498825308_DMraiefyyDpztDDqK5na_no_dues_pending.png',	'2017-06-30 17:51:49',	'2017-06-30 17:51:49'),
(58,	52,	'details_advertisement_permissions',	'1498825314_wOLmQ8TSdMsuSBAmFHDL_details_advertisement_permissions.png',	'2017-06-30 17:51:55',	'2017-06-30 17:51:55'),
(59,	53,	'tin_no',	'1498825841_G89ryMnCXNd29nrSmaT7_tin_no.png',	'2017-06-30 18:00:42',	'2017-06-30 18:00:42'),
(60,	53,	'income_tax_return',	'1498825844_9xCerdpCjFAFZniyEyBD_income_tax_return.png',	'2017-06-30 18:00:45',	'2017-06-30 18:00:45'),
(61,	53,	'pan_card_partners',	'1498825846_5ebP3nizlXBH8uzcdg3M_pan_card_partners.png',	'2017-06-30 18:00:47',	'2017-06-30 18:00:47'),
(62,	53,	'din_number',	'1498825848_1BHns60FqPquLPhhQdkB_din_number.png',	'2017-06-30 18:00:49',	'2017-06-30 18:00:49'),
(63,	53,	'registration_certificate_llp',	'1498825851_oaiJIWge0CBTS7PzIHtv_registration_certificate_llp.png',	'2017-06-30 18:00:52',	'2017-06-30 18:00:52'),
(64,	53,	'address_proof_partners',	'1498825854_8g7A3DI3LjuvgIp5snv9_address_proof_partners.png',	'2017-06-30 18:00:55',	'2017-06-30 18:00:55'),
(65,	53,	'audited_balance_sheet',	'1498825858_zl1i40WHFFq9Ha2ckNce_audited_balance_sheet.png',	'2017-06-30 18:00:59',	'2017-06-30 18:00:59'),
(66,	53,	'association_memorandum',	'1498825861_SMJE2HW4KW6JTIOMvGY8_association_memorandum.png',	'2017-06-30 18:01:02',	'2017-06-30 18:01:02'),
(67,	53,	'undertaking_non_blacklisting',	'1498825864_wF65VwuzcEZf1n0l1mpn_undertaking_non_blacklisting.png',	'2017-06-30 18:01:05',	'2017-06-30 18:01:05'),
(68,	53,	'advertising_experience',	'1498826048_JqXBe70vVfW6KwielVTM_advertising_experience.png',	'2017-06-30 18:04:09',	'2017-06-30 18:04:09'),
(69,	53,	'details_advertisement_permissions',	'1498826050_CGT1MwlOQ6Q7lgWkc884_details_advertisement_permissions.png',	'2017-06-30 18:04:11',	'2017-06-30 18:04:11'),
(70,	53,	'partner_cv',	'1498826053_PqRM5ejSgGCQLydOzgNa_partner_cv.png',	'2017-06-30 18:04:14',	'2017-06-30 18:04:14'),
(71,	53,	'service_tax',	'1498826062_ptPNiBYpAuiruBNeBT0K_service_tax.png',	'2017-06-30 18:04:23',	'2017-06-30 18:04:23'),
(72,	53,	'power_of_attorney',	'1498826068_OI9I72OjzlqqTcuk5a2c_power_of_attorney.png',	'2017-06-30 18:04:29',	'2017-06-30 18:04:29'),
(73,	53,	'address_proof_llp',	'1498826075_y272ZRQsBPJYRCVbt74E_address_proof_llp.png',	'2017-06-30 18:04:36',	'2017-06-30 18:04:36'),
(74,	53,	'no_dues_pending',	'1498826082_J8mvK8s3Zo6YuQJEbT7j_no_dues_pending.png',	'2017-06-30 18:04:43',	'2017-06-30 18:04:43'),
(75,	53,	'pan_card_llp',	'1498826088_Gtp34DtZRSUhMGHgIkUG_pan_card_llp.png',	'2017-06-30 18:04:49',	'2017-06-30 18:04:49'),
(76,	54,	'tin_no',	'1498826614_n9j4DaSoZ1VtW0zi28iH_tin_no.png',	'2017-06-30 18:13:35',	'2017-06-30 18:13:35'),
(77,	54,	'din_number',	'1498826619_DzqsoGojCFR6IEpmSHZz_din_number.png',	'2017-06-30 18:13:40',	'2017-06-30 18:13:40'),
(78,	54,	'power_of_attorney',	'1498826623_0aGufX7IesRL0gp2ayYW_power_of_attorney.png',	'2017-06-30 18:13:44',	'2017-06-30 18:13:44'),
(79,	54,	'no_dues_pending',	'1498826629_RuBjlkUzPwYV2xLArWjP_no_dues_pending.png',	'2017-06-30 18:13:50',	'2017-06-30 18:13:50'),
(80,	54,	'partner_cv',	'1498826635_v8swVl25eusuBdz7o0Dy_partner_cv.png',	'2017-06-30 18:13:56',	'2017-06-30 18:13:56'),
(81,	54,	'company_registration_certificate',	'1498826639_jrBroz8Y7xI7yqwTYnYV_company_registration_certificate.png',	'2017-06-30 18:14:00',	'2017-06-30 18:14:00'),
(82,	54,	'association_articles',	'1498826644_SSZKEBIT2oFfDJoLmz61_association_articles.png',	'2017-06-30 18:14:05',	'2017-06-30 18:14:05'),
(83,	54,	'service_tax',	'1498826650_kHIO3vNTfgEvrZZGnPME_service_tax.png',	'2017-06-30 18:14:11',	'2017-06-30 18:14:11'),
(84,	54,	'undertaking_non_blacklisting',	'1498826656_v7oNG0FciLfjJOqJIrjJ_undertaking_non_blacklisting.png',	'2017-06-30 18:14:17',	'2017-06-30 18:14:17'),
(85,	54,	'audited_balance_sheet',	'1498826660_nofuhZapFsi30IstRlxI_audited_balance_sheet.png',	'2017-06-30 18:14:21',	'2017-06-30 18:14:21'),
(86,	54,	'association_memorandum',	'1498826664_yiovtDLokemNwuL8LZwd_association_memorandum.png',	'2017-06-30 18:14:25',	'2017-06-30 18:14:25'),
(87,	54,	'advertising_experience',	'1498826667_XtzqQBNI6bQVzbIsenrV_advertising_experience.png',	'2017-06-30 18:14:28',	'2017-06-30 18:14:28'),
(88,	54,	'income_tax_return',	'1498826671_ELuzoIYpkXkxcfHLi9D8_income_tax_return.png',	'2017-06-30 18:14:32',	'2017-06-30 18:14:32'),
(89,	54,	'directors_pan_card',	'1498826675_Roh6JpAdfAV9vQALdEqT_directors_pan_card.png',	'2017-06-30 18:14:36',	'2017-06-30 18:14:36'),
(90,	54,	'directors_address_proof',	'1498826679_pO8WRBxHHBtu7eg9xMIU_directors_address_proof.png',	'2017-06-30 18:14:40',	'2017-06-30 18:14:40'),
(91,	54,	'director_cv',	'1498826681_gjtxJ9NbJgsRvlLbZIKv_director_cv.png',	'2017-06-30 18:14:42',	'2017-06-30 18:14:42'),
(92,	54,	'company_address_proof',	'1498826685_q75Epp2Gu54RyU8dfiwO_company_address_proof.png',	'2017-06-30 18:14:46',	'2017-06-30 18:14:46'),
(93,	54,	'company_pan_card',	'1498826688_gW9c7hma6cLbSKxJOYBV_company_pan_card.png',	'2017-06-30 18:14:49',	'2017-06-30 18:14:49'),
(94,	54,	'details_advertisement_permissions',	'1498826797_6ZVzWdKXVPsOBsrvNdiW_details_advertisement_permissions.png',	'2017-06-30 18:16:38',	'2017-06-30 18:16:38'),
(95,	55,	'tin_no',	'1498896515_pEamIQgOKRbCEdM6ipUw_tin_no.pdf',	'2017-07-01 13:38:36',	'2017-07-01 13:38:36'),
(96,	55,	'income_tax_return',	'1498897799_86GGtmBvlqez4dL56FVp_income_tax_return.pdf',	'2017-07-01 14:00:00',	'2017-07-01 14:00:00'),
(97,	55,	'din_number',	'1498897810_g8PCDPM7tgZKh9gRtrvE_din_number.pdf',	'2017-07-01 14:00:11',	'2017-07-01 14:00:11'),
(98,	55,	'audited_balance_sheet',	'1498897824_MjyeStGQaPvxpEIWbw98_audited_balance_sheet.pdf',	'2017-07-01 14:00:25',	'2017-07-01 14:00:25'),
(99,	55,	'power_of_attorney',	'1498897847_CbWCwbQ0qZSIwd5k6qMs_power_of_attorney.pdf',	'2017-07-01 14:00:48',	'2017-07-01 14:00:48'),
(100,	55,	'association_memorandum',	'1498897863_vzUl1dUKUJUdYykDMNVY_association_memorandum.pdf',	'2017-07-01 14:01:04',	'2017-07-01 14:01:04'),
(101,	55,	'undertaking_non_blacklisting',	'1498897876_1cnV5JiLdRPQCLP5DzyV_undertaking_non_blacklisting.pdf',	'2017-07-01 14:01:17',	'2017-07-01 14:01:17'),
(102,	55,	'no_dues_pending',	'1498897894_rNd8keTS47moDjBNc12g_no_dues_pending.pdf',	'2017-07-01 14:01:35',	'2017-07-01 14:01:35'),
(103,	55,	'partner_cv',	'1498897906_mFve5OiKprGCyECv84gI_partner_cv.pdf',	'2017-07-01 14:01:47',	'2017-07-01 14:01:47'),
(104,	55,	'details_advertisement_permissions',	'1498897929_BNrIdz27JJwijIp6ICPb_details_advertisement_permissions.pdf',	'2017-07-01 14:02:10',	'2017-07-01 14:02:10'),
(105,	55,	'directors_pan_card',	'1498897937_aAchbI4HwZZKJ2Q5sf4Z_directors_pan_card.pdf',	'2017-07-01 14:02:18',	'2017-07-01 14:02:18'),
(106,	55,	'company_pan_card',	'1498897958_G4s8wW1dpFjXpPZDrXVT_company_pan_card.pdf',	'2017-07-01 14:02:40',	'2017-07-01 14:02:40'),
(107,	55,	'company_registration_certificate',	'1498898729_gVwTYyExEGZKeLSQ5gJE_company_registration_certificate.pdf',	'2017-07-01 14:15:30',	'2017-07-01 14:15:30'),
(108,	55,	'company_address_proof',	'1498898739_hU1reYMEyQY1MQcnYBnN_company_address_proof.pdf',	'2017-07-01 14:15:40',	'2017-07-01 14:15:40'),
(109,	55,	'director_cv',	'1498898753_Ld02I3hfKHRIzSEOtVfD_director_cv.pdf',	'2017-07-01 14:15:55',	'2017-07-01 14:15:55'),
(110,	55,	'association_articles',	'1498898780_XqnN9IgDzXTqqeeNCLwX_association_articles.pdf',	'2017-07-01 14:16:21',	'2017-07-01 14:16:21'),
(111,	55,	'directors_address_proof',	'1498898829_XeC3FCkXzyV8cgJI7CVs_directors_address_proof.pdf',	'2017-07-01 14:17:10',	'2017-07-01 14:17:10'),
(112,	55,	'advertising_experience',	'1498898838_KVxJU8FczbUmKV7x7JzD_advertising_experience.pdf',	'2017-07-01 14:17:19',	'2017-07-01 14:17:19'),
(113,	55,	'service_tax',	'1498910646_sX9B9pue2aNuYsbepcsz_service_tax.pdf',	'2017-07-01 17:34:08',	'2017-07-01 17:34:08'),
(114,	56,	'service_tax',	'1499053095_EbBUHvjgrYsERfuCLK9v_service_tax.pdf',	'2017-07-03 09:08:16',	'2017-07-03 09:08:16'),
(115,	56,	'income_proof',	'1499053102_k5Q2Hjdc5V9RpS3s3wLc_income_proof.JPG',	'2017-07-03 09:08:23',	'2017-07-03 09:08:23'),
(116,	57,	'income_proof',	'1499063879_icIsLDcNaSSWMjJku1oR_income_proof.png',	'2017-07-03 12:08:00',	'2017-07-03 12:08:00'),
(117,	57,	'undertaking_non_blacklisting',	'1499063882_32Hry8yAJQMZlJsh4tYN_undertaking_non_blacklisting.png',	'2017-07-03 12:08:03',	'2017-07-03 12:08:03'),
(118,	57,	'income_tax_return',	'1499063887_pJqwQif7PHCnSE9wguQe_income_tax_return.png',	'2017-07-03 12:08:08',	'2017-07-03 12:08:08'),
(119,	57,	'advertising_experience',	'1499063891_FXCwbGmeaqVMbCSgFkFZ_advertising_experience.png',	'2017-07-03 12:08:12',	'2017-07-03 12:08:12'),
(120,	57,	'partner_cv',	'1499063895_sXGAQY4lmYRfRg7z9qFR_partner_cv.png',	'2017-07-03 12:08:16',	'2017-07-03 12:08:16'),
(121,	57,	'no_dues_pending',	'1499063899_GS8JL21ar6exPI6hXf3k_no_dues_pending.png',	'2017-07-03 12:08:20',	'2017-07-03 12:08:20'),
(122,	57,	'details_advertisement_permissions',	'1499063902_Jb7moLuFNp851RJyEF5H_details_advertisement_permissions.png',	'2017-07-03 12:08:23',	'2017-07-03 12:08:23'),
(123,	58,	'income_proof',	'1499064156_UEuMNAZbB4zIMefR1LGA_income_proof.png',	'2017-07-03 12:12:37',	'2017-07-03 12:12:37'),
(124,	58,	'undertaking_non_blacklisting',	'1499064159_YPWYieGUGYWTOh4lmP3v_undertaking_non_blacklisting.png',	'2017-07-03 12:12:40',	'2017-07-03 12:12:40'),
(125,	58,	'details_advertisement_permissions',	'1499064162_mH0ESyAhlxweHwZia4Il_details_advertisement_permissions.png',	'2017-07-03 12:12:43',	'2017-07-03 12:12:43'),
(126,	58,	'income_tax_return',	'1499064164_qVNCFd9UgcsyMPsWKWyj_income_tax_return.png',	'2017-07-03 12:12:45',	'2017-07-03 12:12:45'),
(127,	58,	'advertising_experience',	'1499064168_gmPDxyTqAnZ3jrTJRxRq_advertising_experience.png',	'2017-07-03 12:12:49',	'2017-07-03 12:12:49'),
(128,	58,	'no_dues_pending',	'1499064172_PR310fO5antiVYB6T2DD_no_dues_pending.png',	'2017-07-03 12:12:53',	'2017-07-03 12:12:53'),
(129,	58,	'partner_cv',	'1499064176_Y9NnCXcFlG4vvPXLJ9Ng_partner_cv.png',	'2017-07-03 12:12:57',	'2017-07-03 12:12:57'),
(130,	59,	'income_proof',	'1499064361_HpPEnDO90b10dqKhxzyj_income_proof.png',	'2017-07-03 12:16:02',	'2017-07-03 12:16:02'),
(131,	59,	'service_tax',	'1499064365_p9RpDi78jyBo123fhzku_service_tax.png',	'2017-07-03 12:16:06',	'2017-07-03 12:16:06'),
(132,	59,	'tin_no',	'1499064496_1Qa6k5guQdMKbdwC5yOC_tin_no.png',	'2017-07-03 12:18:17',	'2017-07-03 12:18:17'),
(133,	59,	'advertising_experience',	'1499064499_agjYhDZJngdGEghC3dBw_advertising_experience.png',	'2017-07-03 12:18:20',	'2017-07-03 12:18:20'),
(134,	59,	'partner_cv',	'1499064502_UZkTNScmb54neaO7altR_partner_cv.png',	'2017-07-03 12:18:23',	'2017-07-03 12:18:23'),
(135,	59,	'details_advertisement_permissions',	'1499064505_Ci0jiusBzrak49Mg02sd_details_advertisement_permissions.png',	'2017-07-03 12:18:26',	'2017-07-03 12:18:26'),
(136,	59,	'no_dues_pending',	'1499064508_tufC8H1fGtRRDUiWDJis_no_dues_pending.png',	'2017-07-03 12:18:29',	'2017-07-03 12:18:29'),
(137,	59,	'income_tax_return',	'1499064514_T1sNW4gIneSENAdYfYVH_income_tax_return.png',	'2017-07-03 12:18:35',	'2017-07-03 12:18:35'),
(138,	59,	'undertaking_non_blacklisting',	'1499064521_5u2iUWHYDmWZMQVHrgpA_undertaking_non_blacklisting.png',	'2017-07-03 12:18:42',	'2017-07-03 12:18:42'),
(139,	60,	'income_proof',	'1499065129_JI8LHvBkSm1IVXValwP1_income_proof.png',	'2017-07-03 12:28:50',	'2017-07-03 12:28:50'),
(140,	60,	'service_tax',	'1499065132_RvkhyvlpZKWuvPddCYuS_service_tax.png',	'2017-07-03 12:28:53',	'2017-07-03 12:28:53'),
(141,	60,	'income_tax_return',	'1499065136_1LuD3puoZrmA59r0RuYd_income_tax_return.png',	'2017-07-03 12:28:57',	'2017-07-03 12:28:57'),
(142,	60,	'partnership_deed',	'1499065141_nGix7uo485Y63RIOOLW9_partnership_deed.png',	'2017-07-03 12:29:02',	'2017-07-03 12:29:02'),
(143,	60,	'partnership_registration_certificate',	'1499065152_sxbzZQ2fC6E0linekHUU_partnership_registration_certificate.png',	'2017-07-03 12:29:13',	'2017-07-03 12:29:13'),
(144,	60,	'no_dues_pending',	'1499065156_Owjk8vmtKEDBxNH8nsPb_no_dues_pending.png',	'2017-07-03 12:29:17',	'2017-07-03 12:29:17'),
(145,	60,	'details_advertisement_permissions',	'1499065159_uEH5dUq5UogtGjADptp1_details_advertisement_permissions.png',	'2017-07-03 12:29:20',	'2017-07-03 12:29:20'),
(146,	60,	'advertising_experience',	'1499065162_V6Jz04wzAffH8nIWNgtd_advertising_experience.png',	'2017-07-03 12:29:23',	'2017-07-03 12:29:23'),
(147,	60,	'undertaking_non_blacklisting',	'1499065165_FoeCmWFG3p31Xz8wH8Bn_undertaking_non_blacklisting.png',	'2017-07-03 12:29:26',	'2017-07-03 12:29:26'),
(148,	60,	'address_proof_partnership_firm',	'1499065168_sSzihnzbtvmsroUoYhaO_address_proof_partnership_firm.png',	'2017-07-03 12:29:29',	'2017-07-03 12:29:29'),
(149,	60,	'tin_no',	'1499065172_kUQ9XUzAsG88opN9FHqB_tin_no.png',	'2017-07-03 12:29:33',	'2017-07-03 12:29:33'),
(150,	60,	'partner_cv',	'1499065178_3Xg3QEg406ZmHfzcIPo5_partner_cv.png',	'2017-07-03 12:29:39',	'2017-07-03 12:29:39'),
(151,	61,	'tin_no',	'1499065940_bhCDkmK43gH8gfKHzV0O_tin_no.png',	'2017-07-03 12:42:21',	'2017-07-03 12:42:21'),
(152,	61,	'income_tax_return',	'1499066010_8zUYJtgq6zeTOrQNHA1z_income_tax_return.png',	'2017-07-03 12:43:31',	'2017-07-03 12:43:31'),
(153,	61,	'pan_card_partners',	'1499066013_fW8SL4NBLqZkAjkZtclM_pan_card_partners.png',	'2017-07-03 12:43:34',	'2017-07-03 12:43:34'),
(154,	61,	'din_number',	'1499066015_aDNFfyPKunYL4tH58qKn_din_number.png',	'2017-07-03 12:43:36',	'2017-07-03 12:43:36'),
(155,	61,	'registration_certificate_llp',	'1499066018_EULbNix03RqD300EwVVG_registration_certificate_llp.png',	'2017-07-03 12:43:39',	'2017-07-03 12:43:39'),
(156,	61,	'address_proof_partners',	'1499066021_esLspvIbqtk6eENfwq5F_address_proof_partners.png',	'2017-07-03 12:43:42',	'2017-07-03 12:43:42'),
(157,	61,	'power_of_attorney',	'1499066024_OAqwyzufCLL2YVj69BHH_power_of_attorney.png',	'2017-07-03 12:43:45',	'2017-07-03 12:43:45'),
(158,	61,	'undertaking_non_blacklisting',	'1499066027_aO1wxNQs62hfbny30CEw_undertaking_non_blacklisting.png',	'2017-07-03 12:43:48',	'2017-07-03 12:43:48'),
(159,	61,	'advertising_experience',	'1499066036_zcelhhmNcexnsq72CrWZ_advertising_experience.png',	'2017-07-03 12:43:57',	'2017-07-03 12:43:57'),
(160,	61,	'no_dues_pending',	'1499066039_mOdGB9i2fPEdueukgsnj_no_dues_pending.png',	'2017-07-03 12:44:01',	'2017-07-03 12:44:01'),
(161,	61,	'association_memorandum',	'1499066042_yNj5VIHHAxq6GTOzyJqq_association_memorandum.png',	'2017-07-03 12:44:04',	'2017-07-03 12:44:04'),
(162,	61,	'audited_balance_sheet',	'1499066082_EjsHsN1RALD4axtSIsAc_audited_balance_sheet.png',	'2017-07-03 12:44:43',	'2017-07-03 12:44:43'),
(163,	61,	'address_proof_llp',	'1499066087_xYTfYNI9xSXlazN1DKzY_address_proof_llp.png',	'2017-07-03 12:44:48',	'2017-07-03 12:44:48'),
(164,	61,	'pan_card_llp',	'1499066090_oWd85FFVuTqWDyc2Fsnl_pan_card_llp.png',	'2017-07-03 12:44:51',	'2017-07-03 12:44:51'),
(165,	61,	'service_tax',	'1499066094_5cf2dwbR9O8Pp7XglgSz_service_tax.png',	'2017-07-03 12:44:55',	'2017-07-03 12:44:55'),
(166,	61,	'partner_cv',	'1499066101_uBDU4XxfKe1GMgTXMsVz_partner_cv.png',	'2017-07-03 12:45:02',	'2017-07-03 12:45:02'),
(167,	61,	'details_advertisement_permissions',	'1499066105_fE3MRQsO2lmkrDnN3NmL_details_advertisement_permissions.png',	'2017-07-03 12:45:06',	'2017-07-03 12:45:06'),
(168,	62,	'tin_no',	'1499066285_6nYl5S1DBh4Ju6G9a5ct_tin_no.png',	'2017-07-03 12:48:06',	'2017-07-03 12:48:06'),
(169,	62,	'service_tax',	'1499066288_xWPJckHHycUDU8MYhxjw_service_tax.png',	'2017-07-03 12:48:09',	'2017-07-03 12:48:09'),
(170,	62,	'income_tax_return',	'1499066296_1hmP2VaQwR038BpRyBWv_income_tax_return.png',	'2017-07-03 12:48:17',	'2017-07-03 12:48:17'),
(171,	62,	'din_number',	'1499066300_fJPkqRiA3ElKO6klWKmk_din_number.png',	'2017-07-03 12:48:21',	'2017-07-03 12:48:21'),
(172,	62,	'power_of_attorney',	'1499066302_WbSaNVes14VdZOWVOogg_power_of_attorney.png',	'2017-07-03 12:48:23',	'2017-07-03 12:48:23'),
(173,	62,	'undertaking_non_blacklisting',	'1499066305_ssKEboksVH8aWJ3mcdHy_undertaking_non_blacklisting.png',	'2017-07-03 12:48:26',	'2017-07-03 12:48:26'),
(174,	62,	'association_memorandum',	'1499066307_IHZWE8pbYeq0MhHZ7rKg_association_memorandum.png',	'2017-07-03 12:48:28',	'2017-07-03 12:48:28'),
(175,	62,	'audited_balance_sheet',	'1499066310_Y3UlRPP3gUKBw5yLlzVj_audited_balance_sheet.png',	'2017-07-03 12:48:31',	'2017-07-03 12:48:31'),
(176,	62,	'no_dues_pending',	'1499066313_AxzGBFSVnb1KmeDfKtuB_no_dues_pending.png',	'2017-07-03 12:48:35',	'2017-07-03 12:48:35'),
(177,	62,	'company_pan_card',	'1499066316_eBOt4w4Au6HSa6w6Liw0_company_pan_card.png',	'2017-07-03 12:48:37',	'2017-07-03 12:48:37'),
(178,	62,	'partner_cv',	'1499066319_wezODQPFvhngz2UsPVYh_partner_cv.png',	'2017-07-03 12:48:40',	'2017-07-03 12:48:40'),
(179,	62,	'details_advertisement_permissions',	'1499066322_NUuTXq7YpYodSOUgDCtN_details_advertisement_permissions.png',	'2017-07-03 12:48:43',	'2017-07-03 12:48:43'),
(180,	62,	'directors_pan_card',	'1499066325_MzQa58zbZSNBdjzK0BfT_directors_pan_card.png',	'2017-07-03 12:48:46',	'2017-07-03 12:48:46'),
(181,	62,	'company_registration_certificate',	'1499066329_ZGMWySwPus8gZhhpOXOM_company_registration_certificate.png',	'2017-07-03 12:48:50',	'2017-07-03 12:48:50'),
(182,	62,	'company_address_proof',	'1499066331_AC2e1NLf7qOnaBuXsYY5_company_address_proof.png',	'2017-07-03 12:48:53',	'2017-07-03 12:48:53'),
(183,	62,	'association_articles',	'1499066335_zqT4m09W8JgIo3gIKZqD_association_articles.png',	'2017-07-03 12:48:56',	'2017-07-03 12:48:56'),
(184,	62,	'director_cv',	'1499066338_VjLRW0TsfjOBAJmCS2RD_director_cv.png',	'2017-07-03 12:48:59',	'2017-07-03 12:48:59'),
(185,	62,	'advertising_experience',	'1499066342_DO2SYI4xdGpvNn4EAlS3_advertising_experience.png',	'2017-07-03 12:49:04',	'2017-07-03 12:49:04'),
(186,	62,	'directors_address_proof',	'1499066356_oOGLtJEKkgWhfKLzGQ55_directors_address_proof.png',	'2017-07-03 12:49:17',	'2017-07-03 12:49:17'),
(187,	63,	'tin_no',	'1499066513_xecGO3WsJUs02n78042l_tin_no.png',	'2017-07-03 12:51:55',	'2017-07-03 12:51:55'),
(188,	63,	'service_tax',	'1499066517_i4N6mPJznps15mpnlQzV_service_tax.png',	'2017-07-03 12:51:58',	'2017-07-03 12:51:58'),
(189,	63,	'audited_balance_sheet',	'1499066519_2ocLSce20XLiGjWmb0HS_audited_balance_sheet.png',	'2017-07-03 12:52:01',	'2017-07-03 12:52:01'),
(190,	63,	'income_tax_return',	'1499066523_2uHLMx2arkWILqVLusRH_income_tax_return.png',	'2017-07-03 12:52:04',	'2017-07-03 12:52:04'),
(191,	63,	'power_of_attorney',	'1499066525_JMjIIHDbTYY1IS0japor_power_of_attorney.png',	'2017-07-03 12:52:06',	'2017-07-03 12:52:06'),
(192,	63,	'association_memorandum',	'1499066527_fnJ4sC08B9ofYnpN1wbR_association_memorandum.png',	'2017-07-03 12:52:08',	'2017-07-03 12:52:08'),
(193,	63,	'undertaking_non_blacklisting',	'1499066530_L5PwavRnh1xdTJRna1zI_undertaking_non_blacklisting.png',	'2017-07-03 12:52:11',	'2017-07-03 12:52:11'),
(194,	63,	'advertising_experience',	'1499066533_27tZ43vng1aSF5iudb5R_advertising_experience.png',	'2017-07-03 12:52:14',	'2017-07-03 12:52:14'),
(195,	63,	'no_dues_pending',	'1499066536_KQjbB5Bcw4zYB71pSrPZ_no_dues_pending.png',	'2017-07-03 12:52:17',	'2017-07-03 12:52:17'),
(196,	63,	'details_advertisement_permissions',	'1499066540_ajsRW5aLGEIOGLoGA0qe_details_advertisement_permissions.png',	'2017-07-03 12:52:21',	'2017-07-03 12:52:21'),
(197,	63,	'organization_pan_card',	'1499066542_ECG39Sg7MDrOtreAvF5M_organization_pan_card.png',	'2017-07-03 12:52:23',	'2017-07-03 12:52:23'),
(198,	63,	'association_articles',	'1499066546_tw7pK29I5ZakcTpJAWGT_association_articles.png',	'2017-07-03 12:52:27',	'2017-07-03 12:52:27'),
(199,	63,	'organization_registration_certificate',	'1499066549_J66EWjT0NLoFtlW17mPV_organization_registration_certificate.png',	'2017-07-03 12:52:30',	'2017-07-03 12:52:30'),
(200,	63,	'organisation_address_proof',	'1499066553_pqTvoA1sOO3E9KrZnOcc_organisation_address_proof.png',	'2017-07-03 12:52:34',	'2017-07-03 12:52:34'),
(201,	63,	'partner_cv',	'1499066559_KKgcBy49wPmCRBXYVLzk_partner_cv.png',	'2017-07-03 12:52:40',	'2017-07-03 12:52:40'),
(202,	56,	'income_tax_return',	'1499100888_ykCZjW8b2gknoBFkaExf_income_tax_return.pdf',	'2017-07-03 22:24:49',	'2017-07-03 22:24:49'),
(203,	56,	'undertaking_non_blacklisting',	'1499100995_7v1aZgm5PAw2t8LPXEHJ_undertaking_non_blacklisting.jpeg',	'2017-07-03 22:26:36',	'2017-07-03 22:26:36'),
(204,	56,	'no_dues_pending',	'1499101349_VwAZUxpjlADgacWD6DXR_no_dues_pending.jpeg',	'2017-07-03 22:32:30',	'2017-07-03 22:32:30'),
(205,	56,	'advertising_experience',	'1499101463_lckpBW8luUOT4nQfvljl_advertising_experience.pdf',	'2017-07-03 22:34:24',	'2017-07-03 22:34:24'),
(206,	56,	'partner_cv',	'1499101476_DpqaCzeSgUEA5O674yyi_partner_cv.pdf',	'2017-07-03 22:34:37',	'2017-07-03 22:34:37'),
(207,	56,	'tin_no',	'1499486591_AoyU0GNjN6QAcXUF1qoB_tin_no.docx',	'2017-07-08 09:33:12',	'2017-07-08 09:33:12'),
(208,	56,	'details_advertisement_permissions',	'1499486626_3OEGJjfrtygfzsNw7bo8_details_advertisement_permissions.docx',	'2017-07-08 09:33:47',	'2017-07-08 09:33:47'),
(209,	65,	'service_tax',	'1499498460_KTzDrMtK5DHEKJ9VCBEg_service_tax.pdf',	'2017-07-08 12:51:01',	'2017-07-08 12:51:01'),
(210,	65,	'tin_no',	'1499498862_hztLv8eGuOxcjmrEO0UP_tin_no.pdf',	'2017-07-08 12:57:43',	'2017-07-08 12:57:43'),
(211,	65,	'income_tax_return',	'1499499029_hCmRvrB7Ao6Xxr3iR2Wh_income_tax_return.pdf',	'2017-07-08 13:00:30',	'2017-07-08 13:00:30'),
(212,	65,	'din_number',	'1499666235_c0aeaUw9r2nFsNL6p4kj_din_number.pdf',	'2017-07-10 11:27:16',	'2017-07-10 11:27:16'),
(213,	65,	'audited_balance_sheet',	'1499666815_SMAogpvxY1Gi7HY3V69U_audited_balance_sheet.pdf',	'2017-07-10 11:36:57',	'2017-07-10 11:36:57'),
(214,	65,	'power_of_attorney',	'1499667253_mYlYmkDY4cXrpBqhCA6V_power_of_attorney.pdf',	'2017-07-10 11:44:14',	'2017-07-10 11:44:14'),
(215,	65,	'association_memorandum',	'1499667389_O5LUotiafmkOCNVDFcKd_association_memorandum.pdf',	'2017-07-10 11:46:30',	'2017-07-10 11:46:30'),
(216,	65,	'advertising_experience',	'1499667576_keGMR3eEpYuI46rqP3aL_advertising_experience.pdf',	'2017-07-10 11:49:37',	'2017-07-10 11:49:37'),
(217,	65,	'directors_pan_card',	'1499667995_MYqY0pCkA1zCavMIggT4_directors_pan_card.pdf',	'2017-07-10 11:56:36',	'2017-07-10 11:56:36'),
(218,	65,	'company_pan_card',	'1499668018_4xXhQYfyzk8rXUPtyTv9_company_pan_card.pdf',	'2017-07-10 11:57:00',	'2017-07-10 11:57:00'),
(219,	65,	'company_registration_certificate',	'1499668172_81FPQv44sZk5iqlp3hHU_company_registration_certificate.pdf',	'2017-07-10 11:59:33',	'2017-07-10 11:59:33'),
(220,	65,	'company_address_proof',	'1499668206_0nheZKXiDtbz66zpTQT4_company_address_proof.pdf',	'2017-07-10 12:00:07',	'2017-07-10 12:00:07'),
(221,	65,	'directors_address_proof',	'1499668423_2Hs65X0hmdo2OpbwTMii_directors_address_proof.pdf',	'2017-07-10 12:03:44',	'2017-07-10 12:03:44'),
(222,	65,	'association_articles',	'1499668502_SvJu3OSQ8k7kntisGyOv_association_articles.pdf',	'2017-07-10 12:05:03',	'2017-07-10 12:05:03'),
(223,	65,	'undertaking_non_blacklisting',	'1499672858_QSbgRK72rCDgSy7D6jqJ_undertaking_non_blacklisting.pdf',	'2017-07-10 13:17:40',	'2017-07-10 13:17:40'),
(224,	65,	'no_dues_pending',	'1499672889_ywYPd3jkf9jmzxp7rdY0_no_dues_pending.pdf',	'2017-07-10 13:18:10',	'2017-07-10 13:18:10'),
(225,	65,	'details_advertisement_permissions',	'1499673194_U0gDdrdRjsjfi7GD2T8y_details_advertisement_permissions.pdf',	'2017-07-10 13:23:15',	'2017-07-10 13:23:15'),
(226,	65,	'director_cv',	'1499673205_OWN87FfXE3XWu7zlq1h7_director_cv.pdf',	'2017-07-10 13:23:26',	'2017-07-10 13:23:26'),
(227,	65,	'partner_cv',	'1499673337_Gd6BvjyFPppF9ymoPZeq_partner_cv.pdf',	'2017-07-10 13:25:38',	'2017-07-10 13:25:38'),
(228,	66,	'income_proof',	'1499673378_YXXRwTO8MM7424kDPogs_income_proof.pdf',	'2017-07-10 13:26:19',	'2017-07-10 13:26:19'),
(229,	69,	'income_proof',	'1499778002_I0uBsibYt1VPVOrRt0Vd_income_proof.jpg',	'2017-07-11 18:30:03',	'2017-07-11 18:30:03'),
(230,	68,	'tin_no',	'1499778634_bryMkSJUSKpfC3cUlLBs_tin_no.pdf',	'2017-07-11 18:40:35',	'2017-07-11 18:40:35'),
(231,	68,	'no_dues_pending',	'1499778654_hI59dktPo8XLBtQ0IcIx_no_dues_pending.jpg',	'2017-07-11 18:40:55',	'2017-07-11 18:40:55'),
(232,	68,	'advertising_experience',	'1499778663_U0pIPZIld9ERQwERtpsK_advertising_experience.jpg',	'2017-07-11 18:41:05',	'2017-07-11 18:41:05'),
(233,	68,	'partner_cv',	'1499778673_PFTj3popM3xlc1r4id35_partner_cv.jpg',	'2017-07-11 18:41:14',	'2017-07-11 18:41:14'),
(234,	68,	'details_advertisement_permissions',	'1499778699_PtyJLTCecIMQihXp6NT9_details_advertisement_permissions.jpg',	'2017-07-11 18:41:40',	'2017-07-11 18:41:40'),
(235,	68,	'directors_pan_card',	'1499778715_cBVtCsMI8HF4zKtUPLoh_directors_pan_card.jpg',	'2017-07-11 18:41:56',	'2017-07-11 18:41:56'),
(236,	68,	'company_pan_card',	'1499778723_CTEDvbLoZbVJPAYOGZEj_company_pan_card.pdf',	'2017-07-11 18:42:04',	'2017-07-11 18:42:04'),
(237,	68,	'company_registration_certificate',	'1499778738_BTo1v3suXANMAFeXg6no_company_registration_certificate.pdf',	'2017-07-11 18:42:19',	'2017-07-11 18:42:19'),
(238,	68,	'service_tax',	'1499778744_B80REde4Am9O6NstluqS_service_tax.pdf',	'2017-07-11 18:42:25',	'2017-07-11 18:42:25'),
(239,	68,	'income_tax_return',	'1499778755_dp3lzKARAifjtgxBQiAI_income_tax_return.jpg',	'2017-07-11 18:42:36',	'2017-07-11 18:42:36'),
(240,	68,	'association_memorandum',	'1499778777_9hhpdWwHubhJQKMjLTEJ_association_memorandum.jpg',	'2017-07-11 18:42:58',	'2017-07-11 18:42:58'),
(241,	68,	'undertaking_non_blacklisting',	'1499778787_CAeOPfQfI6oZRyWEGoEM_undertaking_non_blacklisting.jpg',	'2017-07-11 18:43:08',	'2017-07-11 18:43:08'),
(242,	68,	'company_address_proof',	'1499778816_WjL0gG2QZVjdGiznuJ7o_company_address_proof.jpg',	'2017-07-11 18:43:37',	'2017-07-11 18:43:37'),
(243,	68,	'directors_address_proof',	'1499778842_JvnWTZZinKjzp2yVYPfR_directors_address_proof.jpg',	'2017-07-11 18:44:03',	'2017-07-11 18:44:03'),
(244,	68,	'power_of_attorney',	'1499780635_8K9SwJhFdLb5bhX86RrR_power_of_attorney.jpg',	'2017-07-11 19:13:56',	'2017-07-11 19:13:56'),
(245,	68,	'din_number',	'1499853904_t3nM9xQjOzMEpT5oKtQF_din_number.jpg',	'2017-07-12 15:35:05',	'2017-07-12 15:35:05'),
(246,	68,	'director_cv',	'1499853990_SilCNKIfUREJhcBFVEMo_director_cv.jpg',	'2017-07-12 15:36:31',	'2017-07-12 15:36:31'),
(247,	68,	'audited_balance_sheet',	'1499856556_1CC2P4HIolpHltDBaVwb_audited_balance_sheet.pdf',	'2017-07-12 16:19:17',	'2017-07-12 16:19:17'),
(248,	68,	'association_articles',	'1499948033_sjvwo8XCaNWhI4zk1vmf_association_articles.pdf',	'2017-07-13 17:43:54',	'2017-07-13 17:43:54'),
(249,	72,	'power_of_attorney',	'1500113679_tPOt0o85JDVQYRW5euDO_power_of_attorney.pdf',	'2017-07-15 15:44:40',	'2017-07-15 15:44:40'),
(250,	72,	'association_memorandum',	'1500113684_YlrqpPtekaQ2ezg4KD1G_association_memorandum.pdf',	'2017-07-15 15:44:45',	'2017-07-15 15:44:45'),
(251,	72,	'undertaking_non_blacklisting',	'1500113778_GI2QMx4ShOXMwjIeLRrB_undertaking_non_blacklisting.pdf',	'2017-07-15 15:46:19',	'2017-07-15 15:46:19'),
(252,	72,	'advertising_experience',	'1500113837_fRZyRUfRlUZzjk0Wh4Oc_advertising_experience.docx',	'2017-07-15 15:47:18',	'2017-07-15 15:47:18'),
(253,	72,	'service_tax',	'1500113852_NAsJIxwxaOdPLglmNMls_service_tax.docx',	'2017-07-15 15:47:33',	'2017-07-15 15:47:33'),
(254,	72,	'tin_no',	'1500113859_h0TmVJjVrLAZdFNPl08P_tin_no.docx',	'2017-07-15 15:47:40',	'2017-07-15 15:47:40'),
(255,	72,	'income_tax_return',	'1500113865_vnWJEmgIxWnzA8pnT3KG_income_tax_return.docx',	'2017-07-15 15:47:46',	'2017-07-15 15:47:46'),
(256,	72,	'no_dues_pending',	'1500113879_OiBP4OZoE7AeEb2icvQw_no_dues_pending.docx',	'2017-07-15 15:48:00',	'2017-07-15 15:48:00'),
(257,	72,	'partner_cv',	'1500113885_A9t7NSWyConhrITWSFgT_partner_cv.docx',	'2017-07-15 15:48:06',	'2017-07-15 15:48:06'),
(258,	72,	'details_advertisement_permissions',	'1500113893_tHHwvJdFevYmuZ0aZhIu_details_advertisement_permissions.docx',	'2017-07-15 15:48:14',	'2017-07-15 15:48:14'),
(259,	72,	'association_articles',	'1500113900_xHxVUxdfcOaY9W471sr8_association_articles.docx',	'2017-07-15 15:48:21',	'2017-07-15 15:48:21'),
(260,	72,	'organization_registration_certificate',	'1500113907_6ykrO0GVNJJt5RQ1lD9h_organization_registration_certificate.docx',	'2017-07-15 15:48:28',	'2017-07-15 15:48:28'),
(261,	72,	'organization_pan_card',	'1500113914_DJxqyu79aG0aHenFbCrK_organization_pan_card.docx',	'2017-07-15 15:48:35',	'2017-07-15 15:48:35'),
(262,	72,	'organisation_address_proof',	'1500113922_l3LpLEe5nl3fMOrb5mYk_organisation_address_proof.docx',	'2017-07-15 15:48:43',	'2017-07-15 15:48:43'),
(263,	72,	'audited_balance_sheet',	'1500114005_XDrnpzlydaxajvnS6KRO_audited_balance_sheet.docx',	'2017-07-15 15:50:06',	'2017-07-15 15:50:06'),
(264,	74,	'association_memorandum',	'1500362381_dkmboaF4zsBhxjG7HszI_association_memorandum.pdf',	'2017-07-18 12:49:42',	'2017-07-18 12:49:42'),
(265,	74,	'din_number',	'1500362400_oP9JoCHlEPhFtb99gFeN_din_number.pdf',	'2017-07-18 12:50:01',	'2017-07-18 12:50:01'),
(266,	74,	'service_tax',	'1500362436_5uo6UMufbFaDngce20mO_service_tax.pdf',	'2017-07-18 12:50:37',	'2017-07-18 12:50:37'),
(267,	74,	'directors_pan_card',	'1500362870_f1HyTV76BzbBPx2GVqp2_directors_pan_card.pdf',	'2017-07-18 12:57:51',	'2017-07-18 12:57:51'),
(268,	74,	'company_pan_card',	'1500362883_EXvu17HbU19ScTRT7TsM_company_pan_card.jpg',	'2017-07-18 12:58:04',	'2017-07-18 12:58:04'),
(269,	74,	'audited_balance_sheet',	'1500362919_s1m853pHSBDdf7n78dqz_audited_balance_sheet.pdf',	'2017-07-18 12:58:40',	'2017-07-18 12:58:40'),
(270,	74,	'tin_no',	'1500365244_vClxEg2RdbsXek23FfqY_tin_no.jpg',	'2017-07-18 13:37:25',	'2017-07-18 13:37:25'),
(271,	74,	'income_tax_return',	'1500365276_dLTZuxwhWnGMifMXDVR7_income_tax_return.pdf',	'2017-07-18 13:37:57',	'2017-07-18 13:37:57'),
(272,	74,	'company_registration_certificate',	'1500365302_UghrypTRt4r0ArjgxyMn_company_registration_certificate.jpg',	'2017-07-18 13:38:23',	'2017-07-18 13:38:23'),
(273,	74,	'directors_address_proof',	'1500365316_KAvcTqFdSPWQwDJXDpAt_directors_address_proof.pdf',	'2017-07-18 13:38:37',	'2017-07-18 13:38:37'),
(274,	74,	'details_advertisement_permissions',	'1500365322_8048zACWqVVHUE3cAPQ7_details_advertisement_permissions.pdf',	'2017-07-18 13:38:43',	'2017-07-18 13:38:43'),
(275,	74,	'association_articles',	'1500365325_2fNRazlxCilUPxzMjrZx_association_articles.pdf',	'2017-07-18 13:38:46',	'2017-07-18 13:38:46'),
(276,	74,	'company_address_proof',	'1500365532_H9zDYgqqxE9fCyTdsSmy_company_address_proof.pdf',	'2017-07-18 13:42:13',	'2017-07-18 13:42:13'),
(277,	74,	'undertaking_non_blacklisting',	'1500369609_Tynqs27eNYGZMvzxeKzS_undertaking_non_blacklisting.pdf',	'2017-07-18 14:50:10',	'2017-07-18 14:50:10'),
(278,	74,	'no_dues_pending',	'1500369644_xL96vkT9LIPV0nW4a2rZ_no_dues_pending.pdf',	'2017-07-18 14:50:46',	'2017-07-18 14:50:46'),
(279,	75,	'partnership_deed',	'1500371882_uuJH5GlhvLq34P3lwANY_partnership_deed.pdf',	'2017-07-18 15:28:03',	'2017-07-18 15:28:03'),
(280,	75,	'income_proof',	'1500372075_pGya5ehVgVO5f5p9wYks_income_proof.jpg',	'2017-07-18 15:31:16',	'2017-07-18 15:31:16'),
(281,	75,	'tin_no',	'1500372444_yrxl84ZBEE9Leumo8AYZ_tin_no.pdf',	'2017-07-18 15:37:25',	'2017-07-18 15:37:25'),
(282,	75,	'address_proof_partnership_firm',	'1500372466_Yzl1jdv8xq4Vg6Lzvde2_address_proof_partnership_firm.pdf',	'2017-07-18 15:37:47',	'2017-07-18 15:37:47'),
(283,	75,	'income_tax_return',	'1500373245_ZrY8PadBsGFYN5zt8p1E_income_tax_return.pdf',	'2017-07-18 15:50:46',	'2017-07-18 15:50:46'),
(284,	74,	'power_of_attorney',	'1500374209_WDaBUFfH9zWF1GmEn149_power_of_attorney.jpeg',	'2017-07-18 16:06:50',	'2017-07-18 16:06:50'),
(285,	74,	'advertising_experience',	'1500374245_hgcb6sxVf1nejngNYxIH_advertising_experience.pdf',	'2017-07-18 16:07:26',	'2017-07-18 16:07:26'),
(286,	74,	'partner_cv',	'1500374270_fdARDK21JfrcEtHO9I0B_partner_cv.doc',	'2017-07-18 16:07:51',	'2017-07-18 16:07:51'),
(287,	74,	'director_cv',	'1500374743_t5yE2WcnYdJ2lMCqxHTs_director_cv.doc',	'2017-07-18 16:15:44',	'2017-07-18 16:15:44'),
(288,	76,	'income_proof',	'1500461619_Rx3374s8s7xEGyofVxlv_income_proof.pdf',	'2017-07-19 16:23:40',	'2017-07-19 16:23:40'),
(289,	75,	'service_tax',	'1500468054_xbN3iQX8jooQ74uoGKrQ_service_tax.pdf',	'2017-07-19 18:10:55',	'2017-07-19 18:10:55'),
(290,	75,	'partner_cv',	'1500468071_ePCfJIlm8hnpTmRhOt0A_partner_cv.doc',	'2017-07-19 18:11:12',	'2017-07-19 18:11:12'),
(291,	75,	'undertaking_non_blacklisting',	'1500468290_JSrX078YtjfgQbyVYfJU_undertaking_non_blacklisting.pdf',	'2017-07-19 18:14:51',	'2017-07-19 18:14:51'),
(292,	75,	'no_dues_pending',	'1500468336_gSzIrUQF2xbqN0SSnOz0_no_dues_pending.pdf',	'2017-07-19 18:15:37',	'2017-07-19 18:15:37'),
(293,	75,	'advertising_experience',	'1500468350_z6X2dSvkrLar1NeAx5c9_advertising_experience.pdf',	'2017-07-19 18:15:51',	'2017-07-19 18:15:51'),
(294,	75,	'details_advertisement_permissions',	'1500468360_oYVx7bKM5RYa6VtISBGf_details_advertisement_permissions.pdf',	'2017-07-19 18:16:01',	'2017-07-19 18:16:01'),
(295,	75,	'partnership_registration_certificate',	'1500468399_6EEfRXH79cgVtf5AXQZ3_partnership_registration_certificate.pdf',	'2017-07-19 18:16:40',	'2017-07-19 18:16:40'),
(296,	77,	'income_proof',	'1500531047_YndMRyc8e3czuXBMBypq_income_proof.jpg',	'2017-07-20 11:40:48',	'2017-07-20 11:40:48'),
(297,	77,	'tin_no',	'1500531067_UxWTMA8S7GQdTOz2UzbI_tin_no.jpeg',	'2017-07-20 11:41:08',	'2017-07-20 11:41:08'),
(298,	77,	'service_tax',	'1500531073_XaFMrkG3GOet3MyB9Ocm_service_tax.pdf',	'2017-07-20 11:41:14',	'2017-07-20 11:41:14'),
(299,	77,	'income_tax_return',	'1500531217_1Ub8OfUyFQ8dw8xHnw53_income_tax_return.pdf',	'2017-07-20 11:43:38',	'2017-07-20 11:43:38'),
(300,	77,	'partnership_deed',	'1500531276_ISLaS228Inp0Cswl8Jgp_partnership_deed.pdf',	'2017-07-20 11:44:37',	'2017-07-20 11:44:37'),
(301,	77,	'address_proof_partnership_firm',	'1500531317_dr3RqC6N5mByCeIFd3h3_address_proof_partnership_firm.pdf',	'2017-07-20 11:45:19',	'2017-07-20 11:45:19'),
(302,	79,	'company_pan_card',	'1500625020_H28nWhWhRae7ikZ4atlc_company_pan_card.pdf',	'2017-07-21 13:47:01',	'2017-07-21 13:47:01'),
(303,	79,	'company_registration_certificate',	'1500625044_d2wY9ZRcwjT0leE1bdWv_company_registration_certificate.pdf',	'2017-07-21 13:47:25',	'2017-07-21 13:47:25'),
(304,	79,	'company_address_proof',	'1500625057_rY7pILPeZR7DjENAUidc_company_address_proof.pdf',	'2017-07-21 13:47:38',	'2017-07-21 13:47:38'),
(305,	79,	'directors_address_proof',	'1500625070_sdgRjvQNjvKNhzVfCni5_directors_address_proof.pdf',	'2017-07-21 13:47:51',	'2017-07-21 13:47:51'),
(306,	79,	'tin_no',	'1500625099_4F6LfTD8VvK6tFNSIJo1_tin_no.pdf',	'2017-07-21 13:48:20',	'2017-07-21 13:48:20'),
(307,	79,	'service_tax',	'1500625107_FtBIXy0MQTuCzzFNG6dl_service_tax.pdf',	'2017-07-21 13:48:28',	'2017-07-21 13:48:28'),
(308,	79,	'income_tax_return',	'1500625302_lv1peR3IRhlNbuC8869T_income_tax_return.pdf',	'2017-07-21 13:51:43',	'2017-07-21 13:51:43'),
(309,	79,	'audited_balance_sheet',	'1500627141_FVyIORQBry1BpnqryjhB_audited_balance_sheet.pdf',	'2017-07-21 14:22:22',	'2017-07-21 14:22:22'),
(310,	80,	'income_proof',	'1500644665_mSliI8DV0AOkh5Iekefl_income_proof.pdf',	'2017-07-21 19:14:26',	'2017-07-21 19:14:26'),
(311,	79,	'din_number',	'1500703602_l19Oo8l1KYydjeHvqnzR_din_number.pdf',	'2017-07-22 11:36:43',	'2017-07-22 11:36:43'),
(312,	81,	'company_pan_card',	'1500715145_xkuAmAzufksg4bcDC0GZ_company_pan_card.jpg',	'2017-07-22 14:49:06',	'2017-07-22 14:49:06'),
(313,	81,	'association_articles',	'1500715190_hQ0MEivkuBmoVuHHdw8J_association_articles.pdf',	'2017-07-22 14:49:51',	'2017-07-22 14:49:51'),
(314,	81,	'company_registration_certificate',	'1500715212_gky8MwfUAs2H2LvAJLbq_company_registration_certificate.pdf',	'2017-07-22 14:50:13',	'2017-07-22 14:50:13'),
(315,	81,	'director_cv',	'1500715284_yJtiA8u0xOrmg2AZdGGu_director_cv.pdf',	'2017-07-22 14:51:25',	'2017-07-22 14:51:25'),
(316,	81,	'directors_address_proof',	'1500715352_ltPJ78AYmPeOADbrkanf_directors_address_proof.jpg',	'2017-07-22 14:52:33',	'2017-07-22 14:52:33'),
(317,	81,	'partner_cv',	'1500715413_owAoodvcuIDbHVHmPdHL_partner_cv.pdf',	'2017-07-22 14:53:35',	'2017-07-22 14:53:35'),
(318,	81,	'directors_pan_card',	'1500715434_eJgWp4yZVq9km5pwRyxk_directors_pan_card.jpg',	'2017-07-22 14:53:55',	'2017-07-22 14:53:55'),
(319,	81,	'association_memorandum',	'1500715459_922sszz41G4v2A8qpbmI_association_memorandum.pdf',	'2017-07-22 14:54:20',	'2017-07-22 14:54:20'),
(320,	81,	'no_dues_pending',	'1500715541_fBSgAox5SBe4owBsu7Fs_no_dues_pending.jpg',	'2017-07-22 14:55:42',	'2017-07-22 14:55:42'),
(321,	81,	'undertaking_non_blacklisting',	'1500715573_7BKlvp14twe7alUfHJo5_undertaking_non_blacklisting.jpg',	'2017-07-22 14:56:14',	'2017-07-22 14:56:14'),
(322,	81,	'advertising_experience',	'1500715680_HSliPoNYG9tk0sw6rakO_advertising_experience.pdf',	'2017-07-22 14:58:01',	'2017-07-22 14:58:01'),
(323,	81,	'income_tax_return',	'1500715933_13whzcRFVLbbCLY0GlUq_income_tax_return.pdf',	'2017-07-22 15:02:14',	'2017-07-22 15:02:14'),
(324,	81,	'audited_balance_sheet',	'1500715955_Y8LBa70iCGNJ37pZoCFZ_audited_balance_sheet.pdf',	'2017-07-22 15:02:37',	'2017-07-22 15:02:37'),
(325,	81,	'company_address_proof',	'1500716255_WASGXxtoFpZWguAlzVx1_company_address_proof.pdf',	'2017-07-22 15:07:36',	'2017-07-22 15:07:36'),
(326,	81,	'details_advertisement_permissions',	'1500716277_THq61vPGBVwV2Iex4quM_details_advertisement_permissions.jpg',	'2017-07-22 15:07:58',	'2017-07-22 15:07:58'),
(327,	81,	'tin_no',	'1500716332_45SfAwhQKxi76UukYnvq_tin_no.pdf',	'2017-07-22 15:08:53',	'2017-07-22 15:08:53'),
(328,	81,	'din_number',	'1500716346_dpUfZ1OpjvWFEf9NVqss_din_number.pdf',	'2017-07-22 15:09:07',	'2017-07-22 15:09:07'),
(329,	81,	'service_tax',	'1500716381_J3d0aPyXrkVXedyZ6QVx_service_tax.pdf',	'2017-07-22 15:09:42',	'2017-07-22 15:09:42'),
(330,	82,	'income_proof',	'1500716791_hi4pxFtNb1DpPZG3hhVn_income_proof.jpg',	'2017-07-22 15:16:32',	'2017-07-22 15:16:32'),
(331,	82,	'tin_no',	'1500716807_qUofZn7o8ThKTWCyL1ro_tin_no.jpeg',	'2017-07-22 15:16:49',	'2017-07-22 15:16:49'),
(332,	82,	'service_tax',	'1500716833_4tift7TRm4htAXK5XgBp_service_tax.pdf',	'2017-07-22 15:17:14',	'2017-07-22 15:17:14'),
(333,	82,	'partnership_deed',	'1500716894_yloGJqwfcSGRTjdBcyir_partnership_deed.pdf',	'2017-07-22 15:18:16',	'2017-07-22 15:18:16'),
(334,	82,	'income_tax_return',	'1500716906_bL8MMZdVfDv6vENoteMx_income_tax_return.pdf',	'2017-07-22 15:18:27',	'2017-07-22 15:18:27'),
(335,	82,	'address_proof_partnership_firm',	'1500716935_6i9uCy1H618iAPMvomkg_address_proof_partnership_firm.pdf',	'2017-07-22 15:18:57',	'2017-07-22 15:18:57'),
(336,	82,	'undertaking_non_blacklisting',	'1500716980_5uXgKUmzUps0T1DpP3lV_undertaking_non_blacklisting.pdf',	'2017-07-22 15:19:41',	'2017-07-22 15:19:41'),
(337,	82,	'no_dues_pending',	'1500717006_cDYx70CU6dFPMmLd2Th3_no_dues_pending.pdf',	'2017-07-22 15:20:07',	'2017-07-22 15:20:07'),
(338,	79,	'association_memorandum',	'1500723709_dY2JLs156AAvulXp4K4g_association_memorandum.doc',	'2017-07-22 17:11:50',	'2017-07-22 17:11:50'),
(339,	79,	'directors_pan_card',	'1500723853_WmrJaMwdO0L4TyKh7G6O_directors_pan_card.jpg',	'2017-07-22 17:14:14',	'2017-07-22 17:14:14'),
(340,	79,	'association_articles',	'1500723882_87RCIt4b3HSUNHq7aAqY_association_articles.doc',	'2017-07-22 17:14:43',	'2017-07-22 17:14:43'),
(341,	83,	'company_pan_card',	'1500727654_EKIEWKYsG2h8Yhes0yUE_company_pan_card.pdf',	'2017-07-22 18:17:35',	'2017-07-22 18:17:35'),
(342,	83,	'company_registration_certificate',	'1500727660_hzt9e0ZM456ahiQiAj0F_company_registration_certificate.pdf',	'2017-07-22 18:17:41',	'2017-07-22 18:17:41'),
(343,	83,	'company_address_proof',	'1500727695_5krfUoPHvq7FQhhejnwO_company_address_proof.pdf',	'2017-07-22 18:18:16',	'2017-07-22 18:18:16'),
(344,	83,	'association_articles',	'1500727721_2ECMf2Ab8lcEiHG20taO_association_articles.pdf',	'2017-07-22 18:18:43',	'2017-07-22 18:18:43'),
(345,	83,	'directors_pan_card',	'1500727748_6UVDh8mqk5x0RNcVqDlp_directors_pan_card.pdf',	'2017-07-22 18:19:09',	'2017-07-22 18:19:09'),
(346,	83,	'association_memorandum',	'1500727770_xaOReKtoSXcaUO7u5VBf_association_memorandum.pdf',	'2017-07-22 18:19:31',	'2017-07-22 18:19:31'),
(347,	83,	'undertaking_non_blacklisting',	'1500727781_Xqmz7SXze6hIO1qVgv3P_undertaking_non_blacklisting.pdf',	'2017-07-22 18:19:42',	'2017-07-22 18:19:42'),
(348,	83,	'no_dues_pending',	'1500727793_99biCneNMkdpl78mvceN_no_dues_pending.pdf',	'2017-07-22 18:19:54',	'2017-07-22 18:19:54'),
(349,	83,	'income_tax_return',	'1500727812_ASlvZ3PAnlrxulDSrfCM_income_tax_return.pdf',	'2017-07-22 18:20:13',	'2017-07-22 18:20:13'),
(350,	83,	'audited_balance_sheet',	'1500727831_UVEKehKUHXJSZMhQ8iaN_audited_balance_sheet.pdf',	'2017-07-22 18:20:32',	'2017-07-22 18:20:32'),
(351,	83,	'tin_no',	'1500727928_17qoCElK6spl3fEhQoVo_tin_no.pdf',	'2017-07-22 18:22:09',	'2017-07-22 18:22:09'),
(352,	83,	'power_of_attorney',	'1500727942_ognep5AsnINCe1ATg7pU_power_of_attorney.pdf',	'2017-07-22 18:22:23',	'2017-07-22 18:22:23'),
(353,	83,	'details_advertisement_permissions',	'1500727956_Rsu2PFg8Xq7Cl6oqorxH_details_advertisement_permissions.pdf',	'2017-07-22 18:22:37',	'2017-07-22 18:22:37'),
(354,	83,	'advertising_experience',	'1500728306_NaphxHibbKcvx6x2TwNE_advertising_experience.pdf',	'2017-07-22 18:28:27',	'2017-07-22 18:28:27'),
(355,	83,	'service_tax',	'1500728315_THz7lpib1TfCBqWcZbG6_service_tax.pdf',	'2017-07-22 18:28:36',	'2017-07-22 18:28:36'),
(356,	83,	'din_number',	'1500728328_9mmQrF2dU1QitWk1cYSp_din_number.pdf',	'2017-07-22 18:28:49',	'2017-07-22 18:28:49'),
(357,	83,	'directors_address_proof',	'1500728360_RTxTX8EUeUH71LOorNd6_directors_address_proof.pdf',	'2017-07-22 18:29:21',	'2017-07-22 18:29:21'),
(358,	83,	'director_cv',	'1500728394_BihH4jc7Kzc73l3R5U27_director_cv.pdf',	'2017-07-22 18:29:56',	'2017-07-22 18:29:56'),
(359,	83,	'partner_cv',	'1500728402_mJ2mDDLLVz7QGmfCAlNT_partner_cv.pdf',	'2017-07-22 18:30:03',	'2017-07-22 18:30:03'),
(360,	81,	'power_of_attorney',	'1500799932_oB5XHRxI3J1bR1xSggh6_power_of_attorney.pdf',	'2017-07-23 14:22:13',	'2017-07-23 14:22:13'),
(361,	82,	'details_advertisement_permissions',	'1500878302_OsFBpGFRMrO5oUmFeWow_details_advertisement_permissions.pdf',	'2017-07-24 12:08:23',	'2017-07-24 12:08:23'),
(362,	79,	'undertaking_non_blacklisting',	'1500892206_y1gkOHEH5j431Np6Zk98_undertaking_non_blacklisting.pdf',	'2017-07-24 16:00:07',	'2017-07-24 16:00:07'),
(363,	79,	'no_dues_pending',	'1500892217_A9MfcEXHUgKCHArrdwf4_no_dues_pending.pdf',	'2017-07-24 16:00:18',	'2017-07-24 16:00:18'),
(364,	79,	'advertising_experience',	'1500892247_cEqxXA5TzMa2zj2zH8YX_advertising_experience.pdf',	'2017-07-24 16:00:48',	'2017-07-24 16:00:48'),
(365,	79,	'partner_cv',	'1500892260_jo5fjoZU3xHAYX3wumhx_partner_cv.pdf',	'2017-07-24 16:01:01',	'2017-07-24 16:01:01'),
(366,	79,	'director_cv',	'1500892273_9tMhaPRwxaEbVlEhmMiR_director_cv.pdf',	'2017-07-24 16:01:14',	'2017-07-24 16:01:14'),
(367,	79,	'details_advertisement_permissions',	'1500892303_bwYtS2UoBudIYTKPISSo_details_advertisement_permissions.pdf',	'2017-07-24 16:01:44',	'2017-07-24 16:01:44'),
(368,	79,	'power_of_attorney',	'1500893114_XfNbJoLZmpv6q6o9W2Hh_power_of_attorney.pdf',	'2017-07-24 16:15:15',	'2017-07-24 16:15:15'),
(369,	80,	'no_dues_pending',	'1500893541_2jKL3Mmoy4IRubKyVTAH_no_dues_pending.pdf',	'2017-07-24 16:22:22',	'2017-07-24 16:22:22'),
(370,	80,	'undertaking_non_blacklisting',	'1500893547_t73VI0dVt4gsMG1zqbWf_undertaking_non_blacklisting.pdf',	'2017-07-24 16:22:28',	'2017-07-24 16:22:28'),
(371,	80,	'income_tax_return',	'1500894186_9TYf7hlzTDy1Artz8Q0T_income_tax_return.pdf',	'2017-07-24 16:33:07',	'2017-07-24 16:33:07'),
(372,	80,	'partner_cv',	'1500895424_BgJX3MKfTb9z1RrUScgj_partner_cv.docx',	'2017-07-24 16:53:45',	'2017-07-24 16:53:45'),
(373,	80,	'advertising_experience',	'1500895684_N3I81haWJvHV2jgZTKu5_advertising_experience.docx',	'2017-07-24 16:58:05',	'2017-07-24 16:58:05'),
(374,	80,	'details_advertisement_permissions',	'1500895687_hNdUTpRTPGvcb9NRdhIM_details_advertisement_permissions.docx',	'2017-07-24 16:58:08',	'2017-07-24 16:58:08'),
(375,	77,	'undertaking_non_blacklisting',	'1501050884_QZuqjaCUECu3FPgVdwqF_undertaking_non_blacklisting.pdf',	'2017-07-26 12:04:45',	'2017-07-26 12:04:45'),
(376,	77,	'no_dues_pending',	'1501050915_vVvAckYGS7TCmNpsleDh_no_dues_pending.pdf',	'2017-07-26 12:05:16',	'2017-07-26 12:05:16'),
(377,	77,	'advertising_experience',	'1501051152_0QKM5K84RCpIJrWtLFJo_advertising_experience.pdf',	'2017-07-26 12:09:13',	'2017-07-26 12:09:13'),
(378,	77,	'partner_cv',	'1501051185_0y52TOrpmbsantlVraey_partner_cv.doc',	'2017-07-26 12:09:46',	'2017-07-26 12:09:46'),
(379,	77,	'details_advertisement_permissions',	'1501051193_NawXNkP2CLzZb7l284T9_details_advertisement_permissions.pdf',	'2017-07-26 12:09:54',	'2017-07-26 12:09:54'),
(380,	77,	'partnership_registration_certificate',	'',	'2017-07-26 12:20:28',	'2017-07-26 12:20:28'),
(381,	84,	'income_proof',	'1501070145_s20nUsz7W3iDyXYuTuP6_income_proof.jpg',	'2017-07-26 17:25:46',	'2017-07-26 17:25:46'),
(382,	85,	'income_proof',	'1501146552_5h9T5qqo8Cu31a79sFvx_income_proof.JPG',	'2017-07-27 14:39:13',	'2017-07-27 14:39:13'),
(383,	86,	'income_proof',	'1501216011_RD4Dsp8bRDyi6BO3atLk_income_proof.pdf',	'2017-07-28 09:56:52',	'2017-07-28 09:56:52'),
(384,	87,	'directors_pan_card',	'1501248656_B81Egh2Hhh6AxtP74zU6_directors_pan_card.pdf',	'2017-07-28 19:00:57',	'2017-07-28 19:00:57'),
(385,	87,	'directors_address_proof',	'1501248663_n4CW1kbFkIQT0UNZkpZ4_directors_address_proof.pdf',	'2017-07-28 19:01:04',	'2017-07-28 19:01:04'),
(386,	87,	'company_pan_card',	'1501248685_OCNT5vwsJT2lXYcuOwuB_company_pan_card.pdf',	'2017-07-28 19:01:26',	'2017-07-28 19:01:26'),
(387,	87,	'no_dues_pending',	'1501248741_BGnMJW9w3KxUkOASFcKq_no_dues_pending.pdf',	'2017-07-28 19:02:22',	'2017-07-28 19:02:22'),
(388,	87,	'undertaking_non_blacklisting',	'1501248747_IA3UrzCU1ik1aIS9Oj6t_undertaking_non_blacklisting.pdf',	'2017-07-28 19:02:28',	'2017-07-28 19:02:28'),
(389,	87,	'partner_cv',	'1501248883_4LBz1rYjc95zEZcpfNga_partner_cv.pdf',	'2017-07-28 19:04:44',	'2017-07-28 19:04:44'),
(390,	87,	'advertising_experience',	'1501248912_Z0VzeoSHuD2ODS6GiDQM_advertising_experience.pdf',	'2017-07-28 19:05:13',	'2017-07-28 19:05:13'),
(391,	87,	'company_address_proof',	'1501657956_9rfGAot7Xl5TPljJeHiq_company_address_proof.pdf',	'2017-08-02 12:42:37',	'2017-08-02 12:42:37'),
(392,	87,	'association_memorandum',	'1501658235_NmbbrunuYaFmDltn0XCH_association_memorandum.pdf',	'2017-08-02 12:47:17',	'2017-08-02 12:47:17'),
(393,	87,	'association_articles',	'1501658237_5s16TVnyAWy8o8YSO4JY_association_articles.pdf',	'2017-08-02 12:47:18',	'2017-08-02 12:47:18'),
(394,	87,	'audited_balance_sheet',	'1501658285_gtEcot46dodCA8xFyJU2_audited_balance_sheet.pdf',	'2017-08-02 12:48:06',	'2017-08-02 12:48:06'),
(395,	87,	'income_tax_return',	'1501658292_HUftev90OtkA3en4v8Ix_income_tax_return.pdf',	'2017-08-02 12:48:13',	'2017-08-02 12:48:13'),
(396,	87,	'company_registration_certificate',	'1501658490_3Y3UM4lbTYKT3kdctTqq_company_registration_certificate.pdf',	'2017-08-02 12:51:31',	'2017-08-02 12:51:31'),
(397,	87,	'details_advertisement_permissions',	'1501658930_kjK7EEMOr5e821JRs3hm_details_advertisement_permissions.pdf',	'2017-08-02 12:58:51',	'2017-08-02 12:58:51'),
(398,	87,	'din_number',	'1501659165_ZG0YfxDSF0VY1KSigofu_din_number.pdf',	'2017-08-02 13:02:46',	'2017-08-02 13:02:46'),
(399,	87,	'tin_no',	'1501662668_RkROLQaYitD4xIjUZTas_tin_no.pdf',	'2017-08-02 14:01:09',	'2017-08-02 14:01:09'),
(400,	87,	'service_tax',	'1501662672_pX2joSwZFISxmbriVLxb_service_tax.pdf',	'2017-08-02 14:01:13',	'2017-08-02 14:01:13'),
(401,	87,	'director_cv',	'1501662684_9YECW4t97MO48f70WI7T_director_cv.pdf',	'2017-08-02 14:01:25',	'2017-08-02 14:01:25'),
(402,	87,	'power_of_attorney',	'1501665590_eRIikTUaKwnBj75UVXBZ_power_of_attorney.pdf',	'2017-08-02 14:49:51',	'2017-08-02 14:49:51'),
(403,	84,	'no_dues_pending',	'1501670175_7L4kPAGdWKQjo3Q5YwMo_no_dues_pending.jpg',	'2017-08-02 16:06:16',	'2017-08-02 16:06:16'),
(404,	84,	'undertaking_non_blacklisting',	'1501670188_CNW4FnIMtZfR8t6zwIoP_undertaking_non_blacklisting.jpg',	'2017-08-02 16:06:29',	'2017-08-02 16:06:29'),
(405,	84,	'service_tax',	'1501670195_CXmydN2TPsSe7C7AGlDV_service_tax.pdf',	'2017-08-02 16:06:36',	'2017-08-02 16:06:36'),
(406,	84,	'income_tax_return',	'1501670233_ndVgTus19mxmWRXiqQ4R_income_tax_return.jpg',	'2017-08-02 16:07:14',	'2017-08-02 16:07:14'),
(407,	49,	'income_proof',	'1501673282_eO9fbzRdclcvb0Bu2ypf_income_proof.jpg',	'2017-08-02 16:58:03',	'2017-08-02 16:58:03'),
(408,	49,	'tin_no',	'1501673285_9dvGlgRiXFfmLW79NVLS_tin_no.jpg',	'2017-08-02 16:58:06',	'2017-08-02 16:58:06'),
(409,	49,	'service_tax',	'1501673298_6teLV2Kyvk6yzRbFjbAz_service_tax.jpg',	'2017-08-02 16:58:19',	'2017-08-02 16:58:19'),
(410,	49,	'income_tax_return',	'1501673308_OWWcRogJhQQ4fiv0gkO0_income_tax_return.jpg',	'2017-08-02 16:58:29',	'2017-08-02 16:58:29'),
(411,	49,	'undertaking_non_blacklisting',	'1501673317_E0TFEquNRSXj2gWW0z0t_undertaking_non_blacklisting.jpg',	'2017-08-02 16:58:38',	'2017-08-02 16:58:38'),
(412,	49,	'no_dues_pending',	'1501673327_TnybcIWLVK1sxgqPytsD_no_dues_pending.jpg',	'2017-08-02 16:58:48',	'2017-08-02 16:58:48'),
(413,	49,	'advertising_experience',	'1501673336_2n1IoUAIR4r37EcOvl3L_advertising_experience.jpg',	'2017-08-02 16:58:57',	'2017-08-02 16:58:57'),
(414,	49,	'details_advertisement_permissions',	'1501673346_8ZyChZnkF51EK7MTKERY_details_advertisement_permissions.jpg',	'2017-08-02 16:59:07',	'2017-08-02 16:59:07'),
(415,	49,	'partner_cv',	'1501673354_q8gLaUlZ19bMjiHoRwXm_partner_cv.jpg',	'2017-08-02 16:59:16',	'2017-08-02 16:59:16'),
(416,	94,	'income_proof',	'1501679711_vZmUl2weHXooiMrperTn_income_proof.pdf',	'2017-08-02 18:45:12',	'2017-08-02 18:45:12'),
(417,	94,	'partnership_deed',	'1501679745_EJdS8eR1kLXGJSYbmdF0_partnership_deed.pdf',	'2017-08-02 18:45:46',	'2017-08-02 18:45:46'),
(418,	94,	'address_proof_partnership_firm',	'1501679762_7i3MDox5iiillgQlSmYF_address_proof_partnership_firm.pdf',	'2017-08-02 18:46:03',	'2017-08-02 18:46:03'),
(419,	94,	'income_tax_return',	'1501680607_nazBHBydGDhFqnr76E6g_income_tax_return.pdf',	'2017-08-02 19:00:08',	'2017-08-02 19:00:08'),
(420,	94,	'tin_no',	'1501680635_qGaaAfCu8jcEqPAuTXnd_tin_no.jpg',	'2017-08-02 19:00:36',	'2017-08-02 19:00:36'),
(421,	94,	'service_tax',	'1501681221_1fijlYGO0hGZuivI5XMy_service_tax.pdf',	'2017-08-02 19:10:22',	'2017-08-02 19:10:22'),
(422,	94,	'undertaking_non_blacklisting',	'1501681796_mrBKAe9kgDGuvDDgJ7zO_undertaking_non_blacklisting.pdf',	'2017-08-02 19:19:57',	'2017-08-02 19:19:57'),
(423,	94,	'no_dues_pending',	'1501681802_d9Vr1w3nQ9HHjqiifrij_no_dues_pending.pdf',	'2017-08-02 19:20:03',	'2017-08-02 19:20:03'),
(424,	94,	'details_advertisement_permissions',	'1501682013_tTSXBycXsnAWAZXBmwC5_details_advertisement_permissions.pdf',	'2017-08-02 19:23:34',	'2017-08-02 19:23:34'),
(425,	94,	'advertising_experience',	'1501682026_jJRD4fBDIPccAN6zH35p_advertising_experience.pdf',	'2017-08-02 19:23:47',	'2017-08-02 19:23:47'),
(426,	94,	'partner_cv',	'1501683351_ApBTls36J3y5jFHtFMUR_partner_cv.pdf',	'2017-08-02 19:45:53',	'2017-08-02 19:45:53'),
(427,	94,	'partnership_registration_certificate',	'1501683794_smXgosBx6sybz30qlzEC_partnership_registration_certificate.pdf',	'2017-08-02 19:53:15',	'2017-08-02 19:53:15'),
(428,	89,	'income_proof',	'1501769336_Izmto3DhrDCrGoV5sKeC_income_proof.JPG',	'2017-08-03 19:38:58',	'2017-08-03 19:38:58'),
(429,	89,	'tin_no',	'1501769356_G2TxEGmSGKFbsMafWqxj_tin_no.pdf',	'2017-08-03 19:39:17',	'2017-08-03 19:39:17'),
(430,	89,	'service_tax',	'1501769369_M2obdzyU6W5hqmqbEIvG_service_tax.jpg',	'2017-08-03 19:39:30',	'2017-08-03 19:39:30'),
(431,	89,	'undertaking_non_blacklisting',	'1501769421_olnWLt4aNIehnItK6kA9_undertaking_non_blacklisting.pdf',	'2017-08-03 19:40:22',	'2017-08-03 19:40:22'),
(432,	89,	'no_dues_pending',	'1501769440_uGW0Nd5q2aCYzKSBz4ZG_no_dues_pending.pdf',	'2017-08-03 19:40:41',	'2017-08-03 19:40:41'),
(433,	89,	'partner_cv',	'1501769485_Ox8dkuxj2ONKduuYzwhe_partner_cv.pdf',	'2017-08-03 19:41:26',	'2017-08-03 19:41:26'),
(434,	89,	'advertising_experience',	'1501769537_6tE8kXsv6boFGaG33oPs_advertising_experience.pdf',	'2017-08-03 19:42:18',	'2017-08-03 19:42:18'),
(435,	89,	'details_advertisement_permissions',	'1501769556_vQ1s62XJjStvnc4XwBsU_details_advertisement_permissions.pdf',	'2017-08-03 19:42:37',	'2017-08-03 19:42:37'),
(436,	89,	'income_tax_return',	'1501769685_QzinPwlFgA5bLS61ja5g_income_tax_return.pdf',	'2017-08-03 19:44:46',	'2017-08-03 19:44:46'),
(437,	95,	'income_proof',	'1501838242_E81fO2TsMi6FCBnmfsPh_income_proof.jpg',	'2017-08-04 14:47:23',	'2017-08-04 14:47:23'),
(438,	95,	'income_tax_return',	'1501838252_0Q9ErH2pxGv5fmS9vAjl_income_tax_return.jpg',	'2017-08-04 14:47:33',	'2017-08-04 14:47:33'),
(439,	95,	'undertaking_non_blacklisting',	'1501838258_D6EBj8dqX2u8HIwSTYtP_undertaking_non_blacklisting.jpg',	'2017-08-04 14:47:39',	'2017-08-04 14:47:39'),
(440,	95,	'no_dues_pending',	'1501838263_knJpVRu3fJDmzeD4O98B_no_dues_pending.jpg',	'2017-08-04 14:47:44',	'2017-08-04 14:47:44'),
(441,	95,	'advertising_experience',	'1501838277_71m9VRzJCtMLpaA8QXze_advertising_experience.jpg',	'2017-08-04 14:47:58',	'2017-08-04 14:47:58'),
(442,	95,	'partner_cv',	'1501838501_kDQwhTZE8UwATkThlnmA_partner_cv.pdf',	'2017-08-04 14:51:42',	'2017-08-04 14:51:42'),
(443,	96,	'tin_no',	'1502192841_aGtHLhv3gSvcQQl9ZmLU_tin_no.pdf',	'2017-08-08 17:17:22',	'2017-08-08 17:17:22'),
(444,	96,	'service_tax',	'1502192974_meYZyjsZnhJh2Pa4QQ2W_service_tax.pdf',	'2017-08-08 17:19:35',	'2017-08-08 17:19:35'),
(445,	96,	'income_tax_return',	'1502192994_15h10u9ZSKZZqtvGtnQw_income_tax_return.pdf',	'2017-08-08 17:19:55',	'2017-08-08 17:19:55'),
(446,	96,	'din_number',	'1502193394_EKAAKY7Mu2zXPOCRWes7_din_number.pdf',	'2017-08-08 17:26:35',	'2017-08-08 17:26:35'),
(447,	96,	'audited_balance_sheet',	'1502193409_E6bpGCU3o7Q5kAH2p9zr_audited_balance_sheet.pdf',	'2017-08-08 17:26:50',	'2017-08-08 17:26:50'),
(448,	96,	'power_of_attorney',	'1502193421_45LtRKDDezUMS6DycL8u_power_of_attorney.pdf',	'2017-08-08 17:27:02',	'2017-08-08 17:27:02'),
(449,	96,	'association_memorandum',	'1502193433_tr8Q9IwoZDQdjYSRbUBJ_association_memorandum.pdf',	'2017-08-08 17:27:14',	'2017-08-08 17:27:14'),
(450,	96,	'undertaking_non_blacklisting',	'1502193450_QRReYEOlpMOoKrzulQfs_undertaking_non_blacklisting.pdf',	'2017-08-08 17:27:31',	'2017-08-08 17:27:31'),
(451,	96,	'advertising_experience',	'1502193505_n0uPotSyPxX9a8gMi0hg_advertising_experience.pdf',	'2017-08-08 17:28:26',	'2017-08-08 17:28:26'),
(452,	96,	'directors_pan_card',	'1502193536_bjdb9xbesrG1n8auR7l0_directors_pan_card.xlsx',	'2017-08-08 17:28:57',	'2017-08-08 17:28:57'),
(453,	96,	'company_pan_card',	'1502193549_Edik1jLL5DOiNPglxr7O_company_pan_card.pdf',	'2017-08-08 17:29:10',	'2017-08-08 17:29:10'),
(454,	96,	'partner_cv',	'1502193597_wMhWG8HXIfyHuMmkz1Gx_partner_cv.xlsx',	'2017-08-08 17:29:58',	'2017-08-08 17:29:58'),
(455,	96,	'company_registration_certificate',	'1502193617_ukiXVxxmG7IwUUb7Ut5x_company_registration_certificate.pdf',	'2017-08-08 17:30:18',	'2017-08-08 17:30:18'),
(456,	96,	'company_address_proof',	'1502193634_kYo72k2FrHWvB8OkDshM_company_address_proof.pdf',	'2017-08-08 17:30:35',	'2017-08-08 17:30:35'),
(457,	96,	'directors_address_proof',	'1502193665_ePrcsC8rAOt1scsQUgoq_directors_address_proof.pdf',	'2017-08-08 17:31:06',	'2017-08-08 17:31:06'),
(458,	96,	'association_articles',	'1502193676_Ex96mqzXqlp8L6V9lyCQ_association_articles.pdf',	'2017-08-08 17:31:17',	'2017-08-08 17:31:17'),
(459,	96,	'director_cv',	'1502193686_689MkAXqEgEeAzAMFOX0_director_cv.xlsx',	'2017-08-08 17:31:27',	'2017-08-08 17:31:27'),
(460,	96,	'board_resolution_copy',	'1502194384_dMr2KLXhe4GkOJzHwAMu_board_resolution_copy.pdf',	'2017-08-08 17:43:05',	'2017-08-08 17:43:05'),
(461,	99,	'tin_no',	'1502282250_8y0SeOJVrbC3ISn6vfqn_tin_no.pdf',	'2017-08-09 18:07:31',	'2017-08-09 18:07:31'),
(462,	99,	'service_tax',	'1502282258_jZnNQag2gcfzzepzItSu_service_tax.pdf',	'2017-08-09 18:07:39',	'2017-08-09 18:07:39'),
(463,	99,	'income_tax_return',	'1502282340_os8c6yTSpwW28WNdiLoD_income_tax_return.pdf',	'2017-08-09 18:09:01',	'2017-08-09 18:09:01'),
(464,	99,	'din_number',	'1502282351_s3xbnlCuQnTM6EnPaUez_din_number.pdf',	'2017-08-09 18:09:13',	'2017-08-09 18:09:13'),
(465,	99,	'audited_balance_sheet',	'1502282373_hCNoOCc7RjIoR4MwqEGC_audited_balance_sheet.pdf',	'2017-08-09 18:09:34',	'2017-08-09 18:09:34'),
(466,	99,	'power_of_attorney',	'1502282405_O780d6vD1PZHOKv4CqEB_power_of_attorney.pdf',	'2017-08-09 18:10:06',	'2017-08-09 18:10:06'),
(467,	99,	'association_memorandum',	'1502282432_vcmabrJucSBh0Tm9ZdCC_association_memorandum.pdf',	'2017-08-09 18:10:33',	'2017-08-09 18:10:33'),
(468,	99,	'undertaking_non_blacklisting',	'1502282447_XK7Bjcw2ZiCxQPo6gPAM_undertaking_non_blacklisting.pdf',	'2017-08-09 18:10:48',	'2017-08-09 18:10:48'),
(469,	99,	'advertising_experience',	'1502282502_ROf3UoIZnpI2oB1mLhcv_advertising_experience.pdf',	'2017-08-09 18:11:43',	'2017-08-09 18:11:43'),
(470,	99,	'directors_pan_card',	'1502282525_xFWB8DJB8tWTdirMdQM3_directors_pan_card.jpeg',	'2017-08-09 18:12:07',	'2017-08-09 18:12:07'),
(471,	99,	'company_pan_card',	'1502282545_Z7HsVTvPPjMY0yVdj4em_company_pan_card.pdf',	'2017-08-09 18:12:26',	'2017-08-09 18:12:26'),
(472,	99,	'company_registration_certificate',	'1502282580_X6M4JaSBLZwI4QmJiDKF_company_registration_certificate.pdf',	'2017-08-09 18:13:01',	'2017-08-09 18:13:01'),
(473,	99,	'company_address_proof',	'1502282590_LFpcitdCYDFl21vmxi9W_company_address_proof.pdf',	'2017-08-09 18:13:11',	'2017-08-09 18:13:11'),
(474,	99,	'association_articles',	'1502282625_w8j2y4pWpnmjyJ9huuTN_association_articles.pdf',	'2017-08-09 18:13:46',	'2017-08-09 18:13:46'),
(475,	99,	'director_cv',	'1502282633_lRGPS2WBoAOwD6XXZntv_director_cv.xlsx',	'2017-08-09 18:13:54',	'2017-08-09 18:13:54'),
(476,	99,	'board_resolution_copy',	'1502282666_jclYNW0wNbtxkkRk5uhn_board_resolution_copy.pdf',	'2017-08-09 18:14:28',	'2017-08-09 18:14:28'),
(477,	99,	'directors_address_proof',	'1502282697_L1fiqfC7Ak56dH9DKLNA_directors_address_proof.pdf',	'2017-08-09 18:14:58',	'2017-08-09 18:14:58'),
(478,	99,	'partner_cv',	'1502282709_BGPqtBGHtga4JxNyjrVZ_partner_cv.xlsx',	'2017-08-09 18:15:10',	'2017-08-09 18:15:10'),
(479,	66,	'no_dues_pending',	'1502399614_wAUXo2JHshF3FScteQU0_no_dues_pending.pdf',	'2017-08-11 02:43:35',	'2017-08-11 02:43:35'),
(480,	66,	'undertaking_non_blacklisting',	'1502399657_oSOFkpo780xsV7p9FKCj_undertaking_non_blacklisting.pdf',	'2017-08-11 02:44:18',	'2017-08-11 02:44:18'),
(481,	66,	'advertising_experience',	'1502399695_0Xy7F2oAxZzGo5cINukd_advertising_experience.pdf',	'2017-08-11 02:44:56',	'2017-08-11 02:44:56'),
(482,	66,	'income_tax_return',	'1502399731_Gyp6RvXsWBGz987Lep9s_income_tax_return.pdf',	'2017-08-11 02:45:32',	'2017-08-11 02:45:32'),
(483,	66,	'partner_cv',	'1502399751_8nh4ApYleFhor2LoF2VY_partner_cv.pdf',	'2017-08-11 02:45:52',	'2017-08-11 02:45:52'),
(484,	66,	'details_advertisement_permissions',	'1502399763_5cmkDLH6knz3uQFxhh8Q_details_advertisement_permissions.pdf',	'2017-08-11 02:46:04',	'2017-08-11 02:46:04'),
(485,	100,	'tin_no',	'1502961615_Jr30gWKNAZpgHC9rK2UI_tin_no.pdf',	'2017-08-17 14:50:16',	'2017-08-17 14:50:16'),
(486,	100,	'service_tax',	'1502961628_P04eD9K7hvsHmLaegWIb_service_tax.pdf',	'2017-08-17 14:50:29',	'2017-08-17 14:50:29'),
(487,	100,	'income_tax_return',	'1502961659_fSgo134EkqZxuE8a5g90_income_tax_return.pdf',	'2017-08-17 14:51:00',	'2017-08-17 14:51:00'),
(488,	100,	'audited_balance_sheet',	'1502961697_2rsUaKJWiqoUmW6faUWj_audited_balance_sheet.pdf',	'2017-08-17 14:51:38',	'2017-08-17 14:51:38'),
(489,	100,	'din_number',	'1502961719_DuAiWcNnl7W2vPs1uDb4_din_number.pdf',	'2017-08-17 14:52:00',	'2017-08-17 14:52:00'),
(490,	100,	'power_of_attorney',	'1502961728_KzxZ8MiY2Q5I0sgwN0eH_power_of_attorney.pdf',	'2017-08-17 14:52:09',	'2017-08-17 14:52:09'),
(491,	100,	'association_memorandum',	'1502961747_8L8ri0HEGDeLuVF6OVuP_association_memorandum.pdf',	'2017-08-17 14:52:28',	'2017-08-17 14:52:28'),
(492,	100,	'undertaking_non_blacklisting',	'1502961823_ZTBPOrRVdQkDdd0yAJ95_undertaking_non_blacklisting.pdf',	'2017-08-17 14:53:44',	'2017-08-17 14:53:44'),
(493,	100,	'no_dues_pending',	'1502961847_7NShWu6AEQCgZwmfrtxm_no_dues_pending.docx',	'2017-08-17 14:54:08',	'2017-08-17 14:54:08'),
(494,	100,	'advertising_experience',	'1502961857_TUOklm9U5azgf9n45DUo_advertising_experience.docx',	'2017-08-17 14:54:18',	'2017-08-17 14:54:18'),
(495,	100,	'partner_cv',	'1502961884_YQUStA2hmxGP2N7BnYp9_partner_cv.pdf',	'2017-08-17 14:54:45',	'2017-08-17 14:54:45'),
(496,	100,	'directors_pan_card',	'1502961896_0SxNvzhHnbZc6bSqrm3P_directors_pan_card.pdf',	'2017-08-17 14:54:57',	'2017-08-17 14:54:57'),
(497,	100,	'company_pan_card',	'1502961910_0s0vpuyV8MW96PlWmRrW_company_pan_card.pdf',	'2017-08-17 14:55:11',	'2017-08-17 14:55:11'),
(498,	100,	'company_registration_certificate',	'1502961928_QjYgp2gNqxDuT0uHio9q_company_registration_certificate.pdf',	'2017-08-17 14:55:29',	'2017-08-17 14:55:29'),
(499,	100,	'company_address_proof',	'1502961941_wn9SGp8ClKYF1Djyhra5_company_address_proof.pdf',	'2017-08-17 14:55:42',	'2017-08-17 14:55:42'),
(500,	100,	'directors_address_proof',	'1502961949_uaNuyPmUvjHRqhKsxpNm_directors_address_proof.pdf',	'2017-08-17 14:55:50',	'2017-08-17 14:55:50'),
(501,	100,	'association_articles',	'1502961959_0QgW19bG9oUucKiJwvbL_association_articles.pdf',	'2017-08-17 14:56:00',	'2017-08-17 14:56:00'),
(502,	100,	'director_cv',	'1502961977_mtQFNVJd40ZqTF0ZqiCU_director_cv.doc',	'2017-08-17 14:56:18',	'2017-08-17 14:56:18'),
(503,	100,	'board_resolution_copy',	'1502961988_sK7oGcJMqwL2MvXYCDlB_board_resolution_copy.pdf',	'2017-08-17 14:56:29',	'2017-08-17 14:56:29'),
(504,	100,	'details_advertisement_permissions',	'1502962009_7NcGDE9bnTo8IiHlANrP_details_advertisement_permissions.docx',	'2017-08-17 14:56:51',	'2017-08-17 14:56:51'),
(505,	101,	'income_proof',	'1502966901_sNKjYBqv62YRCKG5rIfE_income_proof.jpg',	'2017-08-17 16:18:22',	'2017-08-17 16:18:22'),
(506,	84,	'tin_no',	'1503054720_OoIiZWp9Iq9GNqKsWXYY_tin_no.jpg',	'2017-08-18 16:42:01',	'2017-08-18 16:42:01'),
(507,	84,	'partner_cv',	'1503054960_Q1jTv2DO7W1j3UKz3cSm_partner_cv.docx',	'2017-08-18 16:46:01',	'2017-08-18 16:46:01'),
(508,	103,	'income_proof',	'1503478159_0IpYi07BTV5pB2Gx8EAS_income_proof.jpeg',	'2017-08-23 14:19:20',	'2017-08-23 14:19:20'),
(509,	103,	'address_proof_partnership_firm',	'1503478271_zAlZRDl171qsJ37N2l2h_address_proof_partnership_firm.pdf',	'2017-08-23 14:21:12',	'2017-08-23 14:21:12'),
(510,	103,	'undertaking_non_blacklisting',	'1503478286_HpalKmGGNFuYgOfhbNAj_undertaking_non_blacklisting.pdf',	'2017-08-23 14:21:27',	'2017-08-23 14:21:27'),
(511,	103,	'no_dues_pending',	'1503478308_9VlK58hfObZIILoc4IrF_no_dues_pending.pdf',	'2017-08-23 14:21:49',	'2017-08-23 14:21:49'),
(512,	103,	'partnership_deed',	'1503478331_n4IuOi4HywpwMcXlFkyf_partnership_deed.pdf',	'2017-08-23 14:22:12',	'2017-08-23 14:22:12'),
(513,	103,	'advertising_experience',	'1503478644_ArfWqkYhey5ei4U2TuMu_advertising_experience.pdf',	'2017-08-23 14:27:25',	'2017-08-23 14:27:25'),
(514,	103,	'service_tax',	'1503478650_Hw4IbcqQ9iMLoEy8KCec_service_tax.pdf',	'2017-08-23 14:27:31',	'2017-08-23 14:27:31'),
(515,	103,	'details_advertisement_permissions',	'1503478663_SyrhYoHvdrQkqfyf7OWb_details_advertisement_permissions.pdf',	'2017-08-23 14:27:44',	'2017-08-23 14:27:44'),
(516,	103,	'tin_no',	'1503478672_oNqUeUqbDDynxwAwf78A_tin_no.pdf',	'2017-08-23 14:27:53',	'2017-08-23 14:27:53'),
(517,	103,	'partnership_registration_certificate',	'1503478738_bI34F9LEKEcZo6LfoCaJ_partnership_registration_certificate.pdf',	'2017-08-23 14:28:59',	'2017-08-23 14:28:59'),
(518,	103,	'partner_cv',	'1503479256_hT11m7BZt6pdj8QV1nUl_partner_cv.doc',	'2017-08-23 14:37:37',	'2017-08-23 14:37:37'),
(519,	103,	'income_tax_return',	'1503479614_8sUk2Km4wdX7ufL74qxL_income_tax_return.pdf',	'2017-08-23 14:43:35',	'2017-08-23 14:43:35'),
(520,	99,	'no_dues_pending',	'1503552869_i1IppjTW8S87L2n2QSnH_no_dues_pending.pdf',	'2017-08-24 11:04:30',	'2017-08-24 11:04:30'),
(521,	104,	'income_proof',	'1504247578_Q2MtxLP0Rj5gdCXCQfbg_income_proof.docx',	'2017-09-01 12:02:59',	'2017-09-01 12:02:59'),
(522,	104,	'income_tax_return',	'1504247593_PRYAm21oSCt6YvGBDo5M_income_tax_return.jpg',	'2017-09-01 12:03:14',	'2017-09-01 12:03:14'),
(523,	98,	'income_proof',	'1504247751_8kSBoiPLPg5vhl00JGdF_income_proof.docx',	'2017-09-01 12:05:52',	'2017-09-01 12:05:52'),
(524,	98,	'income_tax_return',	'1504247768_S0HH012CgOXINv1cO6Bj_income_tax_return.jpg',	'2017-09-01 12:06:09',	'2017-09-01 12:06:09'),
(525,	98,	'advertising_experience',	'1504247781_dY6KxQBU7IKo8D7XmDUz_advertising_experience.jpg',	'2017-09-01 12:06:22',	'2017-09-01 12:06:22'),
(526,	98,	'partner_cv',	'1504247989_xSbUNksyiUXtKrgbltFO_partner_cv.pdf',	'2017-09-01 12:09:50',	'2017-09-01 12:09:50'),
(527,	98,	'tin_no',	'1504247996_j6YJw87W6rhNLVRgIeYp_tin_no.pdf',	'2017-09-01 12:09:57',	'2017-09-01 12:09:57'),
(528,	98,	'no_dues_pending',	'1504248016_N4ZcNNvhxSwYIQa35Euv_no_dues_pending.jpg',	'2017-09-01 12:10:17',	'2017-09-01 12:10:17'),
(529,	98,	'details_advertisement_permissions',	'1504248032_Uy2RnTwqNKlOpxccoaFK_details_advertisement_permissions.jpg',	'2017-09-01 12:10:33',	'2017-09-01 12:10:33'),
(530,	98,	'undertaking_non_blacklisting',	'1504248119_9dVrpWy40Qsha9YGZe7R_undertaking_non_blacklisting.jpg',	'2017-09-01 12:12:00',	'2017-09-01 12:12:00'),
(531,	98,	'service_tax',	'1504248149_Yoc6qJw1fItDncZ58tcJ_service_tax.pdf',	'2017-09-01 12:12:30',	'2017-09-01 12:12:30'),
(532,	99,	'details_advertisement_permissions',	'1504761801_56YcPXXZKReF72ixLpym_details_advertisement_permissions.pdf',	'2017-09-07 10:53:22',	'2017-09-07 10:53:22'),
(533,	108,	'income_proof',	'1504856410_bGOozjXMbC82IRiKUe6o_income_proof.pdf',	'2017-09-08 13:10:11',	'2017-09-08 13:10:11'),
(534,	108,	'service_tax',	'1504856521_Y9pRCaqp5YTEecXP6cGy_service_tax.pdf',	'2017-09-08 13:12:02',	'2017-09-08 13:12:02'),
(535,	108,	'income_tax_return',	'1504856763_wNdoK4hwn9aKC5YccSZU_income_tax_return.pdf',	'2017-09-08 13:16:04',	'2017-09-08 13:16:04'),
(536,	111,	'service_tax',	'1505112094_QNkcV6R160ENZr3T7k6S_service_tax.pdf',	'2017-09-11 12:11:35',	'2017-09-11 12:11:35'),
(537,	111,	'income_tax_return',	'1505112145_3KGVcpaZP2Ln6Tc3ieSE_income_tax_return.pdf',	'2017-09-11 12:12:26',	'2017-09-11 12:12:26'),
(538,	111,	'board_resolution_copy',	'1505112177_pDFfEQZj8ARt2knvCjdK_board_resolution_copy.jpg',	'2017-09-11 12:12:58',	'2017-09-11 12:12:58'),
(539,	111,	'power_of_attorney',	'1505112203_cNvDzRWtVSj7NGeK4Kmh_power_of_attorney.pdf',	'2017-09-11 12:13:24',	'2017-09-11 12:13:24'),
(540,	111,	'association_memorandum',	'1505112781_wB3O7cpnh6KDuTKIvzYF_association_memorandum.pdf',	'2017-09-11 12:23:02',	'2017-09-11 12:23:02'),
(541,	111,	'company_pan_card',	'1505112836_pH6YLIzAmg8zv8MkkvEa_company_pan_card.PDF',	'2017-09-11 12:23:57',	'2017-09-11 12:23:57'),
(542,	111,	'company_registration_certificate',	'1505112849_x0l9qtmj4QZOl5ifutJU_company_registration_certificate.pdf',	'2017-09-11 12:24:10',	'2017-09-11 12:24:10'),
(543,	111,	'company_address_proof',	'1505112884_lgPNx4FpSTmjmgu5RbAV_company_address_proof.pdf',	'2017-09-11 12:24:45',	'2017-09-11 12:24:45'),
(544,	111,	'directors_address_proof',	'1505112901_3AyowYoKNKDaWcqjKheE_directors_address_proof.pdf',	'2017-09-11 12:25:02',	'2017-09-11 12:25:02'),
(545,	111,	'directors_pan_card',	'1505112949_7zf0rbzxPf4OSIbdTNg4_directors_pan_card.pdf',	'2017-09-11 12:25:50',	'2017-09-11 12:25:50'),
(546,	111,	'association_articles',	'1505112962_9k95f0hhTKXZydnd44TQ_association_articles.pdf',	'2017-09-11 12:26:03',	'2017-09-11 12:26:03'),
(547,	111,	'undertaking_non_blacklisting',	'1505113118_toU2DagjvxdzI31Dvd9E_undertaking_non_blacklisting.doc',	'2017-09-11 12:28:39',	'2017-09-11 12:28:39'),
(548,	111,	'no_dues_pending',	'1505113218_po9CR7gIdhEE9Qzq7X61_no_dues_pending.doc',	'2017-09-11 12:30:19',	'2017-09-11 12:30:19'),
(549,	111,	'director_cv',	'1505113249_DJXohLT79Pe8ne70Q3O3_director_cv.pdf',	'2017-09-11 12:30:50',	'2017-09-11 12:30:50'),
(550,	111,	'tin_no',	'1505113432_ubXTlqUAH3TXFpzuiok6_tin_no.doc',	'2017-09-11 12:33:54',	'2017-09-11 12:33:54'),
(551,	111,	'advertising_experience',	'1505113525_Jo6fyiYUvkjxcbQLGseU_advertising_experience.doc',	'2017-09-11 12:35:26',	'2017-09-11 12:35:26'),
(552,	111,	'details_advertisement_permissions',	'1505113589_uxN1aazzRQOpY1KgjEPm_details_advertisement_permissions.doc',	'2017-09-11 12:36:30',	'2017-09-11 12:36:30'),
(553,	111,	'din_number',	'1505113768_XMuggKcJYLezasMoP6T8_din_number.doc',	'2017-09-11 12:39:29',	'2017-09-11 12:39:29'),
(554,	111,	'partner_cv',	'1505113781_K4HaKjygImEHvNt9gkSz_partner_cv.jpg',	'2017-09-11 12:39:42',	'2017-09-11 12:39:42'),
(555,	111,	'audited_balance_sheet',	'1505113795_bLZx9WPxySRrn4iN5pk4_audited_balance_sheet.pdf',	'2017-09-11 12:39:56',	'2017-09-11 12:39:56'),
(556,	109,	'income_proof',	'1505125890_53pOWAFDPnNz7hzoxzhm_income_proof.jpg',	'2017-09-11 16:01:31',	'2017-09-11 16:01:31'),
(557,	109,	'tin_no',	'1505125995_hgRzb23MgmiEbMVEKYig_tin_no.pdf',	'2017-09-11 16:03:16',	'2017-09-11 16:03:16'),
(558,	109,	'service_tax',	'1505126004_coG0spkTRwAAEBweQXYZ_service_tax.pdf',	'2017-09-11 16:03:25',	'2017-09-11 16:03:25'),
(559,	109,	'income_tax_return',	'1505126011_ADkcPr2t9HirN4CnFT0F_income_tax_return.pdf',	'2017-09-11 16:03:32',	'2017-09-11 16:03:32'),
(560,	109,	'undertaking_non_blacklisting',	'1505126027_kbf8Nu9o47eXtRFuipV3_undertaking_non_blacklisting.jpg',	'2017-09-11 16:03:48',	'2017-09-11 16:03:48'),
(561,	109,	'no_dues_pending',	'1505126038_a44gCD3F54S8S0dtyw73_no_dues_pending.jpg',	'2017-09-11 16:03:59',	'2017-09-11 16:03:59'),
(562,	109,	'advertising_experience',	'1505126079_0owQBa4qaahxy02HXyVf_advertising_experience.jpg',	'2017-09-11 16:04:40',	'2017-09-11 16:04:40'),
(563,	109,	'details_advertisement_permissions',	'1505126231_LVeFJzWsCYSb3M2fuooN_details_advertisement_permissions.jpg',	'2017-09-11 16:07:12',	'2017-09-11 16:07:12'),
(564,	109,	'partner_cv',	'1505126961_iqjvQ8EFloIUB4punFql_partner_cv.docx',	'2017-09-11 16:19:22',	'2017-09-11 16:19:22'),
(565,	110,	'income_tax_return',	'1505136288_yXDpuNAIHfIPPIWgZjve_income_tax_return.pdf',	'2017-09-11 18:54:49',	'2017-09-11 18:54:49'),
(566,	110,	'audited_balance_sheet',	'1505136343_lMEGpXdO8ErtBDt4wcEM_audited_balance_sheet.pdf',	'2017-09-11 18:55:44',	'2017-09-11 18:55:44'),
(567,	110,	'tin_no',	'1505195309_4gztseDirPF1z9Ua9dyz_tin_no.pdf',	'2017-09-12 11:18:30',	'2017-09-12 11:18:30'),
(568,	110,	'service_tax',	'1505195314_18lJ5dlrdLF2ZKQhKKxa_service_tax.pdf',	'2017-09-12 11:18:35',	'2017-09-12 11:18:35'),
(569,	110,	'association_memorandum',	'1505195538_LPMFymVOuBAQG6980AEz_association_memorandum.pdf',	'2017-09-12 11:22:19',	'2017-09-12 11:22:19'),
(570,	110,	'power_of_attorney',	'1505195557_IxFI71r7Q6jwqf4qrae9_power_of_attorney.pdf',	'2017-09-12 11:22:38',	'2017-09-12 11:22:38'),
(571,	110,	'directors_pan_card',	'1505195614_TpBhqcw5N1RG80kdBWZn_directors_pan_card.pdf',	'2017-09-12 11:23:35',	'2017-09-12 11:23:35'),
(572,	110,	'company_registration_certificate',	'1505195635_S4Jdbbyq5ecpUak059yr_company_registration_certificate.pdf',	'2017-09-12 11:23:56',	'2017-09-12 11:23:56'),
(573,	110,	'directors_address_proof',	'1505195651_7JBawcNfsFhVpih7FZrk_directors_address_proof.jpg',	'2017-09-12 11:24:13',	'2017-09-12 11:24:13'),
(574,	110,	'association_articles',	'1505195672_MWOQ2EBGVp43zdEXnVTA_association_articles.pdf',	'2017-09-12 11:24:33',	'2017-09-12 11:24:33'),
(575,	110,	'board_resolution_copy',	'1505195677_DDfep747og4jcwJKFXtw_board_resolution_copy.pdf',	'2017-09-12 11:24:38',	'2017-09-12 11:24:38'),
(576,	110,	'company_address_proof',	'1505195771_AguRCdVvzM84YyZedHQa_company_address_proof.pdf',	'2017-09-12 11:26:12',	'2017-09-12 11:26:12'),
(577,	110,	'company_pan_card',	'1505195775_OXX6qWfq5r6faLVPHOxN_company_pan_card.pdf',	'2017-09-12 11:26:17',	'2017-09-12 11:26:17'),
(578,	110,	'din_number',	'1505196290_p8DuerLqC03difMXYXmf_din_number.pdf',	'2017-09-12 11:34:51',	'2017-09-12 11:34:51'),
(579,	110,	'partner_cv',	'1505196880_wKO67K8U6lIkA8bI3zYP_partner_cv.docx',	'2017-09-12 11:44:42',	'2017-09-12 11:44:42'),
(580,	110,	'undertaking_non_blacklisting',	'1505284717_4HMutBekt1SZM81zvJ41_undertaking_non_blacklisting.pdf',	'2017-09-13 12:08:38',	'2017-09-13 12:08:38'),
(581,	110,	'no_dues_pending',	'1505284724_2EqP2V83uBvOltaO9mbG_no_dues_pending.pdf',	'2017-09-13 12:08:45',	'2017-09-13 12:08:45'),
(582,	110,	'advertising_experience',	'1505284822_1se3GnE019pNq7LsCMGj_advertising_experience.pdf',	'2017-09-13 12:10:23',	'2017-09-13 12:10:23'),
(583,	110,	'details_advertisement_permissions',	'1505284828_FxEYOFaHQ3qNzgn23rYL_details_advertisement_permissions.pdf',	'2017-09-13 12:10:30',	'2017-09-13 12:10:30'),
(584,	110,	'director_cv',	'1505284935_oExgw3ZDSEcwkQXIsFPk_director_cv.pdf',	'2017-09-13 12:12:16',	'2017-09-13 12:12:16'),
(585,	113,	'tin_no',	'1505367423_j3Ou89VyTCBsRZyxk7AU_tin_no.pdf',	'2017-09-14 11:07:04',	'2017-09-14 11:07:04'),
(586,	113,	'service_tax',	'1505367424_ycH0K2J25QV4OwrEl28q_service_tax.PDF',	'2017-09-14 11:07:05',	'2017-09-14 11:07:05'),
(587,	113,	'income_tax_return',	'1505367538_SLhKbpv8VTC3NjnqLcoh_income_tax_return.pdf',	'2017-09-14 11:08:59',	'2017-09-14 11:08:59'),
(588,	113,	'audited_balance_sheet',	'1505367573_B38ScAQTHtPPS9Lc2ufV_audited_balance_sheet.pdf',	'2017-09-14 11:09:34',	'2017-09-14 11:09:34');

DROP TABLE IF EXISTS `user_profiles`;
CREATE TABLE `user_profiles` (
  `id` tinyint(4) NOT NULL AUTO_INCREMENT,
  `user_profile_id` int(11) NOT NULL,
  `company_name` varchar(255) NOT NULL,
  `company_address` varchar(300) NOT NULL,
  `correspondence_address` text NOT NULL,
  `director_name` varchar(255) NOT NULL,
  `din` varchar(255) NOT NULL,
  `company_mobile` bigint(20) NOT NULL,
  `company_email` varchar(255) NOT NULL,
  `annual_turnover` int(11) NOT NULL,
  `experience` int(11) NOT NULL,
  `SMC_party_code` varchar(255) NOT NULL,
  `incorporation_date` datetime NOT NULL,
  `company_password` varchar(255) NOT NULL,
  `property_id` varchar(255) NOT NULL,
  `property_tax_receipt` varchar(300) NOT NULL,
  `income_tax_return` varchar(300) NOT NULL,
  `din_number` varchar(300) NOT NULL,
  `income_proof` varchar(300) NOT NULL,
  `voter_id` varchar(255) NOT NULL,
  `adhaar_card` varchar(300) NOT NULL,
  `service_tax` varchar(300) NOT NULL,
  `turnover_certificate` varchar(300) NOT NULL,
  `exp_certificate` varchar(300) NOT NULL,
  `balance_sheet` varchar(300) NOT NULL,
  `letter_by_board_directors` varchar(300) NOT NULL,
  `incorporation_certificate` varchar(300) NOT NULL,
  `association_memorandum` varchar(300) NOT NULL,
  `association_articles` varchar(300) NOT NULL,
  `ration_card` varchar(300) NOT NULL,
  `driving_license` varchar(300) NOT NULL,
  `passport` varchar(300) NOT NULL,
  `tin_no` varchar(300) NOT NULL,
  `partnership_deed` varchar(300) NOT NULL,
  `address_proof_partnership_firm` varchar(300) NOT NULL,
  `partnership_registration_certificate` varchar(300) NOT NULL,
  `pan_card_partners` varchar(300) NOT NULL,
  `pan_card_llp` varchar(300) NOT NULL,
  `registration_certificate_llp` varchar(300) NOT NULL,
  `address_proof_llp` varchar(300) NOT NULL,
  `address_proof_partners` varchar(300) NOT NULL,
  `audited_balance_sheet` varchar(300) NOT NULL,
  `power_of_attorney` varchar(300) NOT NULL,
  `authorised_contact_person` varchar(300) NOT NULL,
  `undertaking_non_blacklisting` varchar(300) NOT NULL,
  `no_dues_pending` varchar(300) NOT NULL,
  `advertising_experience` varchar(300) NOT NULL,
  `details_advertisement_permissions` varchar(300) NOT NULL,
  `partner_cv` varchar(300) NOT NULL,
  `directors_pan_card` varchar(300) NOT NULL,
  `company_pan_card` varchar(300) NOT NULL,
  `company_registration_certificate` varchar(300) NOT NULL,
  `company_address_proof` varchar(300) NOT NULL,
  `directors_address_proof` varchar(300) NOT NULL,
  `organization_pan_card` varchar(300) NOT NULL,
  `director_cv` varchar(300) NOT NULL,
  `organization_registration_certificate` varchar(300) NOT NULL,
  `organisation_address_proof` varchar(300) NOT NULL,
  `address_type` int(11) NOT NULL,
  `address_proof` varchar(300) NOT NULL,
  `created` datetime NOT NULL,
  `modified` datetime NOT NULL,
  PRIMARY KEY (`id`),
  KEY `user_profile_id` (`user_profile_id`),
  KEY `user_profile_id_2` (`user_profile_id`),
  CONSTRAINT `user_profiles_ibfk_1` FOREIGN KEY (`user_profile_id`) REFERENCES `users` (`id`) ON DELETE CASCADE ON UPDATE CASCADE
) ENGINE=InnoDB DEFAULT CHARSET=latin1;

INSERT INTO `user_profiles` (`id`, `user_profile_id`, `company_name`, `company_address`, `correspondence_address`, `director_name`, `din`, `company_mobile`, `company_email`, `annual_turnover`, `experience`, `SMC_party_code`, `incorporation_date`, `company_password`, `property_id`, `property_tax_receipt`, `income_tax_return`, `din_number`, `income_proof`, `voter_id`, `adhaar_card`, `service_tax`, `turnover_certificate`, `exp_certificate`, `balance_sheet`, `letter_by_board_directors`, `incorporation_certificate`, `association_memorandum`, `association_articles`, `ration_card`, `driving_license`, `passport`, `tin_no`, `partnership_deed`, `address_proof_partnership_firm`, `partnership_registration_certificate`, `pan_card_partners`, `pan_card_llp`, `registration_certificate_llp`, `address_proof_llp`, `address_proof_partners`, `audited_balance_sheet`, `power_of_attorney`, `authorised_contact_person`, `undertaking_non_blacklisting`, `no_dues_pending`, `advertising_experience`, `details_advertisement_permissions`, `partner_cv`, `directors_pan_card`, `company_pan_card`, `company_registration_certificate`, `company_address_proof`, `directors_address_proof`, `organization_pan_card`, `director_cv`, `organization_registration_certificate`, `organisation_address_proof`, `address_type`, `address_proof`, `created`, `modified`) VALUES
(2,	45,	'',	'New delhi',	'new delhi',	'',	'',	0,	'',	2,	3,	'',	'2017-06-01 00:00:00',	'',	'',	'',	'1498192606_YMLNT55PGrUPXSLDe1XD_income_tax_return.doc',	'',	'1498192606_ycq7Pjzpabv1Nzth9rOL.doc',	'',	'',	'',	'',	'',	'',	'',	'',	'',	'',	'',	'',	'',	'',	'',	'',	'',	'',	'',	'',	'',	'',	'',	'',	'',	'1498192606_joyaOz0qONOjtKRwDnlT_undertaking_non_blacklisting.doc',	'1498192606_7CG3VwaeO1ZwFuon3CvG_no_dues_pending.doc',	'1498192606_pEnWdrlisuMBbehpU7Va_advertising_experience.doc',	'1498192606_2f2eXvhiRONFgjRULqRv_details_advertisement_permissions.doc',	'1498192606_xf53Rvke6gqCAPZkI6ps_partner_cv.doc',	'',	'',	'',	'',	'',	'',	'',	'',	'',	1,	'1498192606_SCwZUU6YraXbUqhf7FPL_address_proof.doc',	'0000-00-00 00:00:00',	'0000-00-00 00:00:00'),
(3,	46,	'',	'aaa',	'grrsthytrurtu612',	'',	'',	0,	'',	2,	2,	'',	'2017-06-23 00:00:00',	'',	'',	'',	'1498194842_eejpCkasIgTe0msuLyuz_income_tax_return.png',	'',	'1498194842_77PPZPm4lehTtMeBtZbv.png',	'',	'',	'',	'',	'',	'',	'',	'',	'',	'',	'',	'',	'',	'',	'',	'',	'',	'',	'',	'',	'',	'',	'',	'',	'',	'1498194842_yNDLRo4q0p7D9GHTKJer_undertaking_non_blacklisting.png',	'1498194842_3d29dRPksYdmSdItxBzP_no_dues_pending.png',	'1498194842_ZIv4kXRfLOeMHS61oQv6_advertising_experience.png',	'1498194842_bW9MujmRftMYjyG1jBsD_details_advertisement_permissions.png',	'1498194842_whinkuHgClCvZE5JUGZO_partner_cv.png',	'',	'',	'',	'',	'',	'',	'',	'',	'',	1,	'1498194842_AZaLXBYtSo8dXFy3U6cp_address_proof.png',	'0000-00-00 00:00:00',	'0000-00-00 00:00:00'),
(4,	47,	'',	'aaassds',	'aa',	'',	'',	0,	'',	1,	1,	'',	'2017-06-23 00:00:00',	'',	'',	'',	'1498203684_JdvGQm5JXpe89ZZznIAi_income_tax_return.png',	'',	'1498203684_2sjNGeAZJ4srIIZsvqrP.png',	'',	'',	'1498203684_ebC663TXmZdZvdetnOGW._service_taxpng',	'',	'',	'',	'',	'',	'',	'',	'',	'',	'',	'1498203684_wwYf3vRlwQzKvTEwcDAf_tin_no.png',	'',	'',	'',	'',	'',	'',	'',	'',	'',	'',	'',	'1498203684_P5hP4u4oWeHcx2pZQZn8_undertaking_non_blacklisting.png',	'1498203684_kf0BomQuGUT82wIWZzlM_no_dues_pending.png',	'1498203684_SXibf2A7FelHJoAy6kX8_advertising_experience.png',	'1498203684_LIYH3FvoCm556KLfwX9J_details_advertisement_permissions.png',	'1498203684_7ocENXAcTEeEaNsk4dPT_partner_cv.png',	'',	'',	'',	'',	'',	'',	'',	'',	'',	2,	'1498203684_aQBlrAkyZA3kkMPq5hjF_address_proof.png',	'0000-00-00 00:00:00',	'0000-00-00 00:00:00'),
(5,	48,	'',	'KG, Delhi',	'Delhi',	'',	'',	0,	'',	2,	1,	'',	'2000-09-23 00:00:00',	'',	'',	'',	'1498208259_j4dueAujk8OWjCYIuzsL_income_tax_return.docx',	'',	'1498208259_GJ2tdOiqpmaho9o5ukQS.docx',	'',	'',	'',	'',	'',	'',	'',	'',	'',	'',	'',	'',	'',	'',	'',	'',	'',	'',	'',	'',	'',	'',	'',	'',	'',	'1498208259_gZcPiQWoDRhscewlHPf4_undertaking_non_blacklisting.docx',	'1498208259_AJBtSGyGzVSjGu4Ed3dv_no_dues_pending.docx',	'1498208259_pDJKwb7pn9Og1vQLMWTk_advertising_experience.docx',	'1498208259_UL6CcolfSPo9MYv5Ak1R_details_advertisement_permissions.docx',	'1498208259_SRtgHtFIzYulB1BwzP0T_partner_cv.docx',	'',	'',	'',	'',	'',	'',	'',	'',	'',	1,	'1498208259_q0l48fxvfi5UsDFlPFhx_address_proof.docx',	'0000-00-00 00:00:00',	'0000-00-00 00:00:00'),
(6,	49,	'',	'delhi',	'delhi',	'',	'',	0,	'',	1,	6,	'',	'2007-06-05 00:00:00',	'',	'',	'',	'1498636156_sknm2m1JrpY54mwjrUvz_income_tax_return.docx',	'',	'1498636156_0E1VV7f9QjoZgUhJzeQq.docx',	'',	'',	'1498636156_eLRcHQlQujfBJrs71ab7._service_taxdocx',	'',	'',	'',	'',	'',	'',	'',	'',	'',	'',	'1498636156_MCXaaORJAiGzyVrBLyfW_tin_no.docx',	'',	'',	'',	'',	'',	'',	'',	'',	'',	'',	'',	'1498636156_BV746AjCB0MTBMsVffk7_undertaking_non_blacklisting.docx',	'1498636156_uowkE5bcVSQmsT6kaemw_no_dues_pending.docx',	'1498636156_vbvgSMbe1YwhdZ2SqaBk_advertising_experience.docx',	'1498636156_rA6XReKghCDsiPrdNM7b_details_advertisement_permissions.docx',	'1498636156_bH71SKapQyiWtLQsugkj_partner_cv.docx',	'',	'',	'',	'',	'',	'',	'',	'',	'',	1,	'1498636156_zmvFDfMO5AoOqepbif1D_address_proof.docx',	'0000-00-00 00:00:00',	'0000-00-00 00:00:00'),
(7,	50,	'',	'test',	'testing1',	'',	'',	0,	'',	1,	1,	'',	'2017-06-30 00:00:00',	'',	'',	'',	'',	'',	'',	'',	'',	'',	'',	'',	'',	'',	'',	'',	'',	'',	'',	'',	'',	'',	'',	'',	'',	'',	'',	'',	'',	'',	'',	'',	'',	'',	'',	'',	'',	'',	'',	'',	'',	'',	'',	'',	'',	'',	1,	'1498823371_IYpDrLwNHiJWE3Xsm3hn_address_proof.png',	'0000-00-00 00:00:00',	'0000-00-00 00:00:00'),
(8,	51,	'',	'test',	'dddddsfesag',	'',	'',	0,	'',	4,	1,	'',	'2017-06-30 00:00:00',	'',	'',	'',	'',	'',	'',	'',	'',	'',	'',	'',	'',	'',	'',	'',	'',	'',	'',	'',	'',	'',	'',	'',	'',	'',	'',	'',	'',	'',	'',	'',	'',	'',	'',	'',	'',	'',	'',	'',	'',	'',	'',	'',	'',	'',	1,	'1498824973_WMPIkRh2Gzi66b66vC9S_address_proof.png',	'0000-00-00 00:00:00',	'0000-00-00 00:00:00'),
(9,	52,	'',	'dsafsef',	'sgfzaesgt',	'',	'',	0,	'',	2,	3,	'',	'2017-06-30 00:00:00',	'',	'',	'',	'',	'',	'',	'',	'',	'',	'',	'',	'',	'',	'',	'',	'',	'',	'',	'',	'',	'',	'',	'',	'',	'',	'',	'',	'',	'',	'',	'',	'',	'',	'',	'',	'',	'',	'',	'',	'',	'',	'',	'',	'',	'',	2,	'1498825244_D6sbVCZuTiNOOqap7FxX_address_proof.png',	'0000-00-00 00:00:00',	'0000-00-00 00:00:00'),
(10,	53,	'',	'gfajrsgardh',	'afadrgsth',	'',	'',	0,	'',	2,	1,	'',	'2017-06-30 00:00:00',	'',	'',	'',	'',	'',	'',	'',	'',	'',	'',	'',	'',	'',	'',	'',	'',	'',	'',	'',	'',	'',	'',	'',	'',	'',	'',	'',	'',	'',	'',	'fegf',	'',	'',	'',	'',	'',	'',	'',	'',	'',	'',	'',	'',	'',	'',	2,	'1498825656_CqUXW0dvVgDnivfrndBU_address_proof.png',	'0000-00-00 00:00:00',	'0000-00-00 00:00:00'),
(11,	54,	'',	'dfzhgh',	'fdgsfhsr',	'srgdszrg',	'',	0,	'',	2,	1,	'',	'2017-06-30 00:00:00',	'',	'',	'',	'',	'',	'',	'',	'',	'',	'',	'',	'',	'',	'',	'',	'',	'',	'',	'',	'',	'',	'',	'',	'',	'',	'',	'',	'',	'',	'',	'eftaergtear',	'',	'',	'',	'',	'',	'',	'',	'',	'',	'',	'',	'',	'',	'',	4,	'1498826338_uXTFkNAAM9fFErPWyn8O_address_proof.png',	'0000-00-00 00:00:00',	'0000-00-00 00:00:00'),
(12,	55,	'',	'14-A-1 S-F EAST PATEL NAGAR DELHI - 110008',	'14-A-1 S/F EAST PATEL NAGAR DELHI - 110008',	'Mr. Kamal Preet Singh Anand ',	'',	0,	'',	1,	1,	'',	'2016-10-18 00:00:00',	'',	'',	'',	'',	'',	'',	'',	'',	'',	'',	'',	'',	'',	'',	'',	'',	'',	'',	'',	'',	'',	'',	'',	'',	'',	'',	'',	'',	'',	'',	'Kamal Preet Singh Anand',	'',	'',	'',	'',	'',	'',	'',	'',	'',	'',	'',	'',	'',	'',	2,	'1498892535_ypELAb8Wh1KFulaKCpkJ_address_proof.pdf',	'0000-00-00 00:00:00',	'0000-00-00 00:00:00'),
(13,	56,	'',	'Plot No - 1015 , Sector -31 Gurugram .',	'Plot no- 906 , Sector -31 , Gurugram.',	'',	'',	0,	'',	1,	4,	'',	'2013-07-30 00:00:00',	'',	'',	'',	'',	'',	'',	'',	'',	'',	'',	'',	'',	'',	'',	'',	'',	'',	'',	'',	'',	'',	'',	'',	'',	'',	'',	'',	'',	'',	'',	'',	'',	'',	'',	'',	'',	'',	'',	'',	'',	'',	'',	'',	'',	'',	2,	'1499053040_SrNRgMW9JOYVm2SMtMi1_address_proof.docx',	'0000-00-00 00:00:00',	'0000-00-00 00:00:00'),
(14,	57,	'',	'tesyt',	'dewawer',	'',	'',	0,	'',	1,	1,	'',	'2017-07-03 00:00:00',	'',	'',	'',	'',	'',	'',	'',	'',	'',	'',	'',	'',	'',	'',	'',	'',	'',	'',	'',	'',	'',	'',	'',	'',	'',	'',	'',	'',	'',	'',	'',	'',	'',	'',	'',	'',	'',	'',	'',	'',	'',	'',	'',	'',	'',	3,	'1499063872_3lYTia1J8AaxBv1YJxnj_address_proof.png',	'0000-00-00 00:00:00',	'0000-00-00 00:00:00'),
(15,	58,	'',	'jyhfjdf',	'fdhsthrs',	'',	'',	0,	'',	2,	1,	'',	'2017-07-03 00:00:00',	'',	'',	'',	'',	'',	'',	'',	'',	'',	'',	'',	'',	'',	'',	'',	'',	'',	'',	'',	'',	'',	'',	'',	'',	'',	'',	'',	'',	'',	'',	'',	'',	'',	'',	'',	'',	'',	'',	'',	'',	'',	'',	'',	'',	'',	1,	'1499064150_JSxQEG751j1k4in5R3Gi_address_proof.png',	'0000-00-00 00:00:00',	'0000-00-00 00:00:00'),
(16,	59,	'',	'dgfrdthyst',	'sdfdfg',	'',	'',	0,	'',	2,	1,	'',	'2017-07-03 00:00:00',	'',	'',	'',	'',	'',	'',	'',	'',	'',	'',	'',	'',	'',	'',	'',	'',	'',	'',	'',	'',	'',	'',	'',	'',	'',	'',	'',	'',	'',	'',	'',	'',	'',	'',	'',	'',	'',	'',	'',	'',	'',	'',	'',	'',	'',	2,	'1499064352_fhEPU2AwrrG3AOb7SgKR_address_proof.png',	'0000-00-00 00:00:00',	'0000-00-00 00:00:00'),
(17,	60,	'',	'sfesefre',	'ertset',	'',	'',	0,	'',	1,	3,	'',	'2017-07-03 00:00:00',	'',	'',	'',	'',	'',	'',	'',	'',	'',	'',	'',	'',	'',	'',	'',	'',	'',	'',	'',	'',	'',	'',	'',	'',	'',	'',	'',	'',	'',	'',	'',	'',	'',	'',	'',	'',	'',	'',	'',	'',	'',	'',	'',	'',	'',	2,	'1499065121_pcFYOLwT3tOx6KKqqyPg_address_proof.png',	'0000-00-00 00:00:00',	'0000-00-00 00:00:00'),
(18,	61,	'',	'rgdegtrear',	'earyty',	'',	'',	0,	'',	1,	1,	'',	'2017-07-03 00:00:00',	'',	'',	'',	'',	'',	'',	'',	'',	'',	'',	'',	'',	'',	'',	'',	'',	'',	'',	'',	'',	'',	'',	'',	'',	'',	'',	'',	'',	'',	'',	'ef5wt5',	'',	'',	'',	'',	'',	'',	'',	'',	'',	'',	'',	'',	'',	'',	1,	'1499065931_9bEf63C0aAw1styhBlvz_address_proof.png',	'0000-00-00 00:00:00',	'0000-00-00 00:00:00'),
(19,	62,	'',	'fghdhsr',	'feartwr',	'ygtsreygsey',	'',	0,	'',	2,	2,	'',	'2017-07-03 00:00:00',	'',	'',	'',	'',	'',	'',	'',	'',	'',	'',	'',	'',	'',	'',	'',	'',	'',	'',	'',	'',	'',	'',	'',	'',	'',	'',	'',	'',	'',	'',	'aa',	'',	'',	'',	'',	'',	'',	'',	'',	'',	'',	'',	'',	'',	'',	2,	'1499066280_Skw48RhOEQCoEWQzmFzs_address_proof.png',	'0000-00-00 00:00:00',	'0000-00-00 00:00:00'),
(20,	63,	'',	'rdgdgr',	'eartwet',	'',	'',	0,	'',	1,	2,	'',	'2017-07-03 00:00:00',	'',	'',	'',	'',	'',	'',	'',	'',	'',	'',	'',	'',	'',	'',	'',	'',	'',	'',	'',	'',	'',	'',	'',	'',	'',	'',	'',	'',	'',	'',	'daawef',	'',	'',	'',	'',	'',	'',	'',	'',	'',	'',	'',	'',	'',	'',	1,	'1499066504_cWtYtGhiUz8eDwDiXD2w_address_proof.png',	'0000-00-00 00:00:00',	'0000-00-00 00:00:00'),
(21,	64,	'',	'Gurgaon ',	'Gurgaon',	'',	'',	0,	'',	3,	6,	'',	'2012-01-19 00:00:00',	'',	'',	'',	'',	'',	'',	'',	'',	'',	'',	'',	'',	'',	'',	'',	'',	'',	'',	'',	'',	'',	'',	'',	'',	'',	'',	'',	'',	'',	'',	'',	'',	'',	'',	'',	'',	'',	'',	'',	'',	'',	'',	'',	'',	'',	2,	'1499265625_oVEtNUmOXXlo208Z0GD3_address_proof.jpg',	'0000-00-00 00:00:00',	'0000-00-00 00:00:00'),
(22,	65,	'',	'GROUND FLOOR, BUILDING-10C, DLF CYBER CITY, PHASE-II, GURGAON-122002, HARYANA',	'GROUND FLOOR, BUILDING-10C, DLF CYBER CITY, PHASE-II, GURGAON-122002, HARYANA',	'ANUBHAV RASTOGI',	'',	0,	'',	2,	6,	'',	'2006-07-13 00:00:00',	'',	'',	'',	'',	'',	'',	'',	'',	'',	'',	'',	'',	'',	'',	'',	'',	'',	'',	'',	'',	'',	'',	'',	'',	'',	'',	'',	'',	'',	'',	'ANUBHAV RASTOGI',	'',	'',	'',	'',	'',	'',	'',	'',	'',	'',	'',	'',	'',	'',	5,	'1499498142_k0KAZZa6b2qZQ8TKjd1m_address_proof.pdf',	'0000-00-00 00:00:00',	'0000-00-00 00:00:00'),
(23,	66,	'',	'B 43 E old DLF colony,Sector 14, Gurugram',	'B 43 E old DLF colony,Sector 14, Gurugram',	'',	'',	0,	'',	1,	1,	'',	'2017-07-10 00:00:00',	'',	'',	'',	'',	'',	'',	'',	'',	'',	'',	'',	'',	'',	'',	'',	'',	'',	'',	'',	'',	'',	'',	'',	'',	'',	'',	'',	'',	'',	'',	'',	'',	'',	'',	'',	'',	'',	'',	'',	'',	'',	'',	'',	'',	'',	4,	'1499673282_67WsweSCBzQlOgAEFkv6_address_proof.jpg',	'0000-00-00 00:00:00',	'0000-00-00 00:00:00'),
(24,	67,	'',	'13/21, Raj Nagar, Khandsa Road, Gurgaon, 121001',	'13/21, Raj Nagar, Khandsa Road, Gurgaon, 121001',	'',	'',	0,	'',	1,	6,	'',	'2004-12-05 00:00:00',	'',	'',	'',	'',	'',	'',	'',	'',	'',	'',	'',	'',	'',	'',	'',	'',	'',	'',	'',	'',	'',	'',	'',	'',	'',	'',	'',	'',	'',	'',	'',	'',	'',	'',	'',	'',	'',	'',	'',	'',	'',	'',	'',	'',	'',	4,	'1499769629_1UIOMUkAcFmF6KhFXaqX_address_proof.jpg',	'0000-00-00 00:00:00',	'0000-00-00 00:00:00'),
(25,	68,	'',	'Plot No -  F-238, Phase - 8B, Industrial Area, Mohali. 160071',	'419, Level - 4, Galleria Business Tower, DLF Phase 4, Gurgaon. Pin code - 122002',	'Jasmeet Singh',	'',	0,	'',	3,	6,	'',	'2002-05-07 00:00:00',	'',	'',	'',	'',	'',	'',	'',	'',	'',	'',	'',	'',	'',	'',	'',	'',	'',	'',	'',	'',	'',	'',	'',	'',	'',	'',	'',	'',	'',	'',	'Jasmeet Singh/ Ajay Kumar',	'',	'',	'',	'',	'',	'',	'',	'',	'',	'',	'',	'',	'',	'',	2,	'1499774708_aONr4MBJPESlbvMkWRJY_address_proof.jpg',	'0000-00-00 00:00:00',	'0000-00-00 00:00:00'),
(26,	69,	'',	'H.No. 23, Village Chakarpur, Tehsil Gurgaon, District Gurgaon-122001',	'H.No. 23, Village Chakarpur, Tehsil Gurgaon, District Gurgaon-122001',	'',	'',	0,	'',	1,	5,	'',	'2013-07-01 00:00:00',	'',	'',	'',	'',	'',	'',	'',	'',	'',	'',	'',	'',	'',	'',	'',	'',	'',	'',	'',	'',	'',	'',	'',	'',	'',	'',	'',	'',	'',	'',	'',	'',	'',	'',	'',	'',	'',	'',	'',	'',	'',	'',	'',	'',	'',	1,	'1499777902_HgZSI9WRRQKN3qi7UD4B_address_proof.JPG',	'0000-00-00 00:00:00',	'0000-00-00 00:00:00'),
(27,	70,	'',	'gurgaon',	'gurgaon',	'',	'',	0,	'',	1,	4,	'',	'2013-07-01 00:00:00',	'',	'',	'',	'',	'',	'',	'',	'',	'',	'',	'',	'',	'',	'',	'',	'',	'',	'',	'',	'',	'',	'',	'',	'',	'',	'',	'',	'',	'',	'',	'',	'',	'',	'',	'',	'',	'',	'',	'',	'',	'',	'',	'',	'',	'',	2,	'1499829028_qGqIxN3boLXTDQkKLy61_address_proof.pdf',	'0000-00-00 00:00:00',	'0000-00-00 00:00:00'),
(28,	71,	'',	'4th KM Mile Stone, Hissar Road, Near Bharat Petroleum, Petrol Pump, Rohtak (Haryana)-124001',	'3/1, Club Drive Road, Ghitorni, M.G Road, Delhi- 110030 ',	'Gopal Mittal',	'',	0,	'',	4,	6,	'',	'1991-05-06 00:00:00',	'',	'',	'',	'',	'',	'',	'',	'',	'',	'',	'',	'',	'',	'',	'',	'',	'',	'',	'',	'',	'',	'',	'',	'',	'',	'',	'',	'',	'',	'',	'Rakesh Kumar Bithal',	'',	'',	'',	'',	'',	'',	'',	'',	'',	'',	'',	'',	'',	'',	1,	'1499839830_YQqHcfFKSEKSBk5MXvNi_address_proof.pdf',	'0000-00-00 00:00:00',	'0000-00-00 00:00:00'),
(29,	72,	'',	'Rosewood City, Sector 50, Gurgaon - 122 018',	'Rosewood City, Sector 50, Gurgaon - 122 018',	'',	'',	0,	'',	1,	3,	'',	'2015-04-04 00:00:00',	'',	'',	'',	'',	'',	'',	'',	'',	'',	'',	'',	'',	'',	'',	'',	'',	'',	'',	'',	'',	'',	'',	'',	'',	'',	'',	'',	'',	'',	'',	'Sumer Singh',	'',	'',	'',	'',	'',	'',	'',	'',	'',	'',	'',	'',	'',	'',	4,	'1500113436_ndJxdF4NS2ekkVs1OCmc_address_proof.jpg',	'0000-00-00 00:00:00',	'0000-00-00 00:00:00'),
(30,	73,	'',	'N-214, LGF, Greater Kailash-I, New Delhi-110048',	'N-214, LGF, Greater Kailash-I, New Delhi-110048',	'Suumit Gupta',	'',	0,	'',	4,	6,	'',	'2003-06-11 00:00:00',	'',	'',	'',	'',	'',	'',	'',	'',	'',	'',	'',	'',	'',	'',	'',	'',	'',	'',	'',	'',	'',	'',	'',	'',	'',	'',	'',	'',	'',	'',	'Mr. S S Rawat',	'',	'',	'',	'',	'',	'',	'',	'',	'',	'',	'',	'',	'',	'',	4,	'1500277230_CVYfudbCLj29mzsEHD6M_address_proof.pdf',	'0000-00-00 00:00:00',	'0000-00-00 00:00:00'),
(31,	74,	'',	'202, Kashi Place, Dak Bunglow Road, P.S. Kotwali, Patna, Bihar - 800001',	'Brite Neon Signs Private Limited 102, Centrum Mall, 1st Floor, Nr. Sultanpur Metro Station, Opp. Metro Pillar No. 16 B, M.G.Road, New Delhi - 110 030',	'Shailendra Luthra',	'',	0,	'',	3,	6,	'',	'1997-07-30 00:00:00',	'',	'',	'',	'',	'',	'',	'',	'',	'',	'',	'',	'',	'',	'',	'',	'',	'',	'',	'',	'',	'',	'',	'',	'',	'',	'',	'',	'',	'',	'',	'Shailendra Luthra',	'',	'',	'',	'',	'',	'',	'',	'',	'',	'',	'',	'',	'',	'',	2,	'1500358588_3AqyZg8Fi737Mc591dsX_address_proof.jpg',	'0000-00-00 00:00:00',	'0000-00-00 00:00:00'),
(32,	75,	'',	'21/24A moti nagar new Delhi-110015',	'F-7 Shankar Market connaught place  New delhi-110001',	'',	'',	0,	'',	1,	6,	'',	'2012-12-12 00:00:00',	'',	'',	'',	'',	'',	'',	'',	'',	'',	'',	'',	'',	'',	'',	'',	'',	'',	'',	'',	'',	'',	'',	'',	'',	'',	'',	'',	'',	'',	'',	'',	'',	'',	'',	'',	'',	'',	'',	'',	'',	'',	'',	'',	'',	'',	1,	'1500370737_2z4E9P6JQUElB7mRohZs_address_proof.JPG',	'0000-00-00 00:00:00',	'0000-00-00 00:00:00'),
(33,	76,	'',	'B-534, Sushant Lok-1, Gurgaon, Haryana',	'B-534, Sushant Lok-1, Gurgaon, Haryana',	'',	'',	0,	'',	1,	1,	'',	'2017-06-09 00:00:00',	'',	'',	'',	'',	'',	'',	'',	'',	'',	'',	'',	'',	'',	'',	'',	'',	'',	'',	'',	'',	'',	'',	'',	'',	'',	'',	'',	'',	'',	'',	'',	'',	'',	'',	'',	'',	'',	'',	'',	'',	'',	'',	'',	'',	'',	5,	'1500461584_jE0TPmXpaN86HzZ1vhRd_address_proof.PDF',	'0000-00-00 00:00:00',	'0000-00-00 00:00:00'),
(34,	77,	'',	'13 km, jndd complex, rohtak road, punjabi bagh, new delhi-56 Branch ofc :-97-B, Udyog Vihar, Phase-5, gurgaon 122016',	'A 503, FIRST FLOOR, UDYOG VIHAR , PHASE 5, GURGAON 122002',	'',	'',	0,	'',	2,	6,	'',	'2007-04-01 00:00:00',	'',	'',	'',	'',	'',	'',	'',	'',	'',	'',	'',	'',	'',	'',	'',	'',	'',	'',	'',	'',	'',	'',	'',	'',	'',	'',	'',	'',	'',	'',	'',	'',	'',	'',	'',	'',	'',	'',	'',	'',	'',	'',	'',	'',	'',	2,	'1500530989_1hxKvqv7lZZ0CUShZbaN_address_proof.jpg',	'0000-00-00 00:00:00',	'0000-00-00 00:00:00'),
(35,	78,	'',	'G-31 Ansal Majestic Tower Vikas Puri\r\nNew Delhi 110018',	'G-31 Ansal Majestic Tower Vikas Puri\r\nNew Delhi 110018',	'',	'',	0,	'',	1,	4,	'',	'2017-07-21 00:00:00',	'',	'',	'',	'',	'',	'',	'',	'',	'',	'',	'',	'',	'',	'',	'',	'',	'',	'',	'',	'',	'',	'',	'',	'',	'',	'',	'',	'',	'',	'',	'',	'',	'',	'',	'',	'',	'',	'',	'',	'',	'',	'',	'',	'',	'',	2,	'1500617673_vuB9eaUi9G2TJ028Dcyk_address_proof.JPG',	'0000-00-00 00:00:00',	'0000-00-00 00:00:00'),
(36,	79,	'',	'259 -C , SHIPRA SUN CITY , INDIRAPURAM GHAZIABAD - 201014',	'S- 601, NEHRU ENCLAVE, SCHOOL BLOCK, SHAKAPUR DELHI- 110092',	'PROVAS KUMAR GHOSH',	'',	0,	'',	1,	6,	'',	'2017-07-21 00:00:00',	'',	'',	'',	'',	'',	'',	'',	'',	'',	'',	'',	'',	'',	'',	'',	'',	'',	'',	'',	'',	'',	'',	'',	'',	'',	'',	'',	'',	'',	'',	'PROVAS KUMAR GHOSH',	'',	'',	'',	'',	'',	'',	'',	'',	'',	'',	'',	'',	'',	'',	2,	'1500624931_bmBRwrQ2ZKxSIcwlDJ6U_address_proof.pdf',	'0000-00-00 00:00:00',	'0000-00-00 00:00:00'),
(37,	80,	'',	'H.No 77, Sector 15 Part 1, Gurgaon, Haryana 122001',	'H.No 77, Sector 15 Part 1, Gurgaon, Haryana 122001',	'',	'',	0,	'',	1,	6,	'',	'1960-12-22 00:00:00',	'',	'',	'',	'',	'',	'',	'',	'',	'',	'',	'',	'',	'',	'',	'',	'',	'',	'',	'',	'',	'',	'',	'',	'',	'',	'',	'',	'',	'',	'',	'',	'',	'',	'',	'',	'',	'',	'',	'',	'',	'',	'',	'',	'',	'',	2,	'1500644584_KeRhMEEjwamUxlWhRLeq_address_proof.pdf',	'0000-00-00 00:00:00',	'0000-00-00 00:00:00'),
(38,	81,	'',	'Shatabdi Vihar, Plot No. E-15, Flat No. 19D, Sector-61, Noida-201301',	'Shatabdi Vihar, Plot No. E-15, Flat No. 19D, Sector-61, Noida-201301',	'Amit Mehta',	'',	0,	'',	1,	6,	'',	'2014-08-20 00:00:00',	'',	'',	'',	'',	'',	'',	'',	'',	'',	'',	'',	'',	'',	'',	'',	'',	'',	'',	'',	'',	'',	'',	'',	'',	'',	'',	'',	'',	'',	'',	'Amit Mehta',	'',	'',	'',	'',	'',	'',	'',	'',	'',	'',	'',	'',	'',	'',	2,	'1500715106_z2auHanq0xmkt7Ta4XBf_address_proof.jpg',	'0000-00-00 00:00:00',	'0000-00-00 00:00:00'),
(39,	82,	'',	'13KM, JNDD COMPLEX, ROHTAK ROAD, PUNJABI BAGH, NEW DELHI -56',	'A 503, FIRST FLOOR, SUSHANT LOK 1, GURGAON -122001',	'',	'',	0,	'',	1,	6,	'',	'2007-04-01 00:00:00',	'',	'',	'',	'',	'',	'',	'',	'',	'',	'',	'',	'',	'',	'',	'',	'',	'',	'',	'',	'',	'',	'',	'',	'',	'',	'',	'',	'',	'',	'',	'',	'',	'',	'',	'',	'',	'',	'',	'',	'',	'',	'',	'',	'',	'',	2,	'1500716768_6P0FJaeCkl1L61ZN0YsI_address_proof.jpg',	'0000-00-00 00:00:00',	'0000-00-00 00:00:00'),
(40,	83,	'',	'14-A-1 S-F EAST PATEL NAGAR DELHI 110008',	'14-A-1 S-F EAST PATEL NAGAR DELHI 110008',	'Rasmeet Kaur',	'',	0,	'',	1,	1,	'',	'2016-10-18 00:00:00',	'',	'',	'',	'',	'',	'',	'',	'',	'',	'',	'',	'',	'',	'',	'',	'',	'',	'',	'',	'',	'',	'',	'',	'',	'',	'',	'',	'',	'',	'',	'Kamal Preet singh Anand',	'',	'',	'',	'',	'',	'',	'',	'',	'',	'',	'',	'',	'',	'',	1,	'1500721468_t4y7p5nYO2K1IdcL7QTS_address_proof.pdf',	'0000-00-00 00:00:00',	'0000-00-00 00:00:00'),
(41,	84,	'',	'House No. U-24/3, DLF Phase-III, Gurgaon-122002 (Haryana)',	'# 239, 2nd Floor, DLF City Court, M.G. Road, Gurgaon-122002 (Haryana)',	'',	'',	0,	'',	1,	6,	'',	'2004-02-26 00:00:00',	'',	'',	'',	'',	'',	'',	'',	'',	'',	'',	'',	'',	'',	'',	'',	'',	'',	'',	'',	'',	'',	'',	'',	'',	'',	'',	'',	'',	'',	'',	'',	'',	'',	'',	'',	'',	'',	'',	'',	'',	'',	'',	'',	'',	'',	4,	'1501070042_yIkQOQbWPIKPMMhHP8ct_address_proof.JPG',	'0000-00-00 00:00:00',	'0000-00-00 00:00:00'),
(42,	85,	'',	'101,Ground Floor,Shivam Complex,Sec-14,Opp.Huda Office,Gurugram(Hr.)122001',	'101,Ground Floor,Shivam Complex,Sec-14,Opp.Huda Office,Gurugram(Hr.)122001',	'',	'',	0,	'',	1,	3,	'',	'2015-01-14 00:00:00',	'',	'',	'',	'',	'',	'',	'',	'',	'',	'',	'',	'',	'',	'',	'',	'',	'',	'',	'',	'',	'',	'',	'',	'',	'',	'',	'',	'',	'',	'',	'',	'',	'',	'',	'',	'',	'',	'',	'',	'',	'',	'',	'',	'',	'',	4,	'1501146504_2z5kjn6xJfZvD9vnHap7_address_proof.pdf',	'0000-00-00 00:00:00',	'0000-00-00 00:00:00'),
(43,	86,	'',	'214 , SATYAM PLAZA ,CIVIL LINES , GURUGRAM',	'214 , SATYAM PLAZA , CIVIL LINES GURUGRAM',	'',	'',	0,	'',	1,	6,	'',	'2011-07-22 00:00:00',	'',	'',	'',	'',	'',	'',	'',	'',	'',	'',	'',	'',	'',	'',	'',	'',	'',	'',	'',	'',	'',	'',	'',	'',	'',	'',	'',	'',	'',	'',	'',	'',	'',	'',	'',	'',	'',	'',	'',	'',	'',	'',	'',	'',	'',	2,	'1501215892_4dfPmBJVKiuWlSstEOPM_address_proof.pdf',	'0000-00-00 00:00:00',	'0000-00-00 00:00:00'),
(44,	87,	'',	'E 1/4, Above Hero Honda Showroom, Pandav Nagar, Patparganj, Delhi 92',	'E 1/4, Above Hero Honda Showroom, Pandav Nagar, Patparganj, Delhi 92',	'Rekha Goel',	'',	0,	'',	1,	6,	'',	'1995-06-16 00:00:00',	'',	'',	'',	'',	'',	'',	'',	'',	'',	'',	'',	'',	'',	'',	'',	'',	'',	'',	'',	'',	'',	'',	'',	'',	'',	'',	'',	'',	'',	'',	'Saurabh Goel',	'',	'',	'',	'',	'',	'',	'',	'',	'',	'',	'',	'',	'',	'',	2,	'1501248586_MB19gMSmUXkywUDjLjE6_address_proof.pdf',	'0000-00-00 00:00:00',	'0000-00-00 00:00:00'),
(45,	88,	'',	'H-Block,1st Floor, Dhirubhai Ambani Knowledge City, Navi Mumbai-400710.',	'SSR Corporate Park, Unit No-510, 5th Floor, Plot No-13/6, Mathura Road, Sector-27B, Faridabad-121003. Near NHPC Metro Station',	'Madan Biyani',	'',	0,	'',	3,	5,	'',	'2017-07-29 00:00:00',	'',	'',	'',	'',	'',	'',	'',	'',	'',	'',	'',	'',	'',	'',	'',	'',	'',	'',	'',	'',	'',	'',	'',	'',	'',	'',	'',	'',	'',	'',	'Anoop marwaha',	'',	'',	'',	'',	'',	'',	'',	'',	'',	'',	'',	'',	'',	'',	2,	'1501313324_vNTTQevmwnLgAW6Slv3E_address_proof.pdf',	'0000-00-00 00:00:00',	'0000-00-00 00:00:00'),
(46,	89,	'',	'22/D KAZIPARA , PARNASHREE , KOLKATA-60',	'SAIBAL  GUPTA\r\nTOWER 6 FL 5 .\r\nORANGE COUNTY , AHINSA KHAND,\r\n1 INDIRAPURAM , GHAZIABAD, UP- 201014',	'',	'',	0,	'',	1,	6,	'',	'2005-03-05 00:00:00',	'',	'',	'',	'',	'',	'',	'',	'',	'',	'',	'',	'',	'',	'',	'',	'',	'',	'',	'',	'',	'',	'',	'',	'',	'',	'',	'',	'',	'',	'',	'',	'',	'',	'',	'',	'',	'',	'',	'',	'',	'',	'',	'',	'',	'',	2,	'1501578098_Invi96vI0jv5MZoL8EJu_address_proof.jpg',	'0000-00-00 00:00:00',	'0000-00-00 00:00:00'),
(47,	90,	'',	'8/14,ground floor east patel nagar, new Delhi 110008',	'8/14,ground floor east patel nagar, new Delhi 110008',	'Prikshit pal singh',	'',	0,	'',	1,	6,	'',	'1987-01-16 00:00:00',	'',	'',	'',	'',	'',	'',	'',	'',	'',	'',	'',	'',	'',	'',	'',	'',	'',	'',	'',	'',	'',	'',	'',	'',	'',	'',	'',	'',	'',	'',	'Prikshit pal singh',	'',	'',	'',	'',	'',	'',	'',	'',	'',	'',	'',	'',	'',	'',	2,	'1501670656_VmWtCUwLMSALHJ9TmedF_address_proof.jpg',	'0000-00-00 00:00:00',	'0000-00-00 00:00:00'),
(48,	94,	'',	'B-54, Plot No.118 Khasra No.388/263 New Ashok Nagar Delhi-110096',	'129 Engineers Estate I P Extension Delhi-110091',	'',	'',	0,	'',	1,	5,	'',	'2012-10-22 00:00:00',	'',	'',	'',	'',	'',	'',	'',	'',	'',	'',	'',	'',	'',	'',	'',	'',	'',	'',	'',	'',	'',	'',	'',	'',	'',	'',	'',	'',	'',	'',	'',	'',	'',	'',	'',	'',	'',	'',	'',	'',	'',	'',	'',	'',	'',	2,	'1501679109_wxXkVJSj6LgPGKy1BwHY_address_proof.pdf',	'0000-00-00 00:00:00',	'0000-00-00 00:00:00'),
(49,	95,	'',	'kanpur',	'kanpur',	'',	'',	0,	'',	1,	3,	'',	'2012-05-10 00:00:00',	'',	'',	'',	'',	'',	'',	'',	'',	'',	'',	'',	'',	'',	'',	'',	'',	'',	'',	'',	'',	'',	'',	'',	'',	'',	'',	'',	'',	'',	'',	'',	'',	'',	'',	'',	'',	'',	'',	'',	'',	'',	'',	'',	'',	'',	1,	'1501838207_mhcxlLrLLf1rQjFwTig7_address_proof.jpg',	'0000-00-00 00:00:00',	'0000-00-00 00:00:00'),
(50,	96,	'',	'J-2-7 DLF PHASE 2\r\nGURGAON',	'J-2-7 DLF PHASE 2\r\nGURGAON',	'SUUMIT GUPTA',	'01545153',	0,	'',	3,	6,	'',	'2003-06-11 00:00:00',	'',	'',	'',	'',	'',	'',	'',	'',	'',	'',	'',	'',	'',	'',	'',	'',	'',	'',	'',	'',	'',	'',	'',	'',	'',	'',	'',	'',	'',	'',	'S S Rawat',	'',	'',	'',	'',	'',	'',	'',	'',	'',	'',	'',	'',	'',	'',	2,	'1502179717_KZ59YOWI7vCIVUbZjsbJ_address_proof.pdf',	'0000-00-00 00:00:00',	'0000-00-00 00:00:00'),
(51,	97,	'',	'Rosewood City, Sector 50, Gurgaon',	'Rosewood City, Sector 50, Gurgaon',	'',	'',	0,	'',	1,	3,	'',	'2015-04-04 00:00:00',	'',	'',	'',	'',	'',	'',	'',	'',	'',	'',	'',	'',	'',	'',	'',	'',	'',	'',	'',	'',	'',	'',	'',	'',	'',	'',	'',	'',	'',	'',	'Sumer Singh',	'',	'',	'',	'',	'',	'',	'',	'',	'',	'',	'',	'',	'',	'',	4,	'1502196885_szWbkbMXyDK6avxHBTjB_address_proof.jpg',	'0000-00-00 00:00:00',	'0000-00-00 00:00:00'),
(52,	98,	'',	'I 1768 ground floor\r\nc.r. park, New Delhi 110 019',	'204 Manisha Building, 75 Nehru Place\r\nNew Delhi',	'',	'',	0,	'',	2,	6,	'',	'2000-09-01 00:00:00',	'',	'',	'',	'',	'',	'',	'',	'',	'',	'',	'',	'',	'',	'',	'',	'',	'',	'',	'',	'',	'',	'',	'',	'',	'',	'',	'',	'',	'',	'',	'',	'',	'',	'',	'',	'',	'',	'',	'',	'',	'',	'',	'',	'',	'',	2,	'1502268067_MIpMXRwanv5rspbDqt2T_address_proof.jpg',	'0000-00-00 00:00:00',	'0000-00-00 00:00:00'),
(53,	99,	'',	'J-2-7 DLF PHASE 2\r\nGURGAON',	'J-2-7 DLF PHASE 2\r\nGURGAON',	'SUUMIT GUPTA',	'01545153',	0,	'',	4,	6,	'',	'2003-06-11 00:00:00',	'',	'',	'',	'',	'',	'',	'',	'',	'',	'',	'',	'',	'',	'',	'',	'',	'',	'',	'',	'',	'',	'',	'',	'',	'',	'',	'',	'',	'',	'',	'S S Rawat',	'',	'',	'',	'',	'',	'',	'',	'',	'',	'',	'',	'',	'',	'',	2,	'1502282219_3wwwzAD1dTkycb72LVxx_address_proof.pdf',	'0000-00-00 00:00:00',	'0000-00-00 00:00:00'),
(54,	100,	'',	'H Blok 1st Floor DAKC,Navi Mumbai-400710',	'510, SSR Corporate Park,NHPC Chawk,Sector-27B,Faridabad',	'Kaushik Pal',	'05237230',	0,	'',	4,	1,	'',	'2008-12-23 00:00:00',	'',	'',	'',	'',	'',	'',	'',	'',	'',	'',	'',	'',	'',	'',	'',	'',	'',	'',	'',	'',	'',	'',	'',	'',	'',	'',	'',	'',	'',	'',	'Anoop Marwaha',	'',	'',	'',	'',	'',	'',	'',	'',	'',	'',	'',	'',	'',	'',	4,	'1502961534_RmF2AZ2rQhhohBYj743o_address_proof.pdf',	'0000-00-00 00:00:00',	'0000-00-00 00:00:00'),
(55,	101,	'',	'SCO - 11, FIRST FLOOR, SECTOR 3, HSIIDC, KARNAL -132001\r\nHARYANA',	'SCO - 11, FIRST FLOOR, SECTOR 3, HSIIDC, KARNAL - 132001\r\nHARYANA',	'',	'',	0,	'',	2,	6,	'',	'2007-02-01 00:00:00',	'',	'',	'',	'',	'',	'',	'',	'',	'',	'',	'',	'',	'',	'',	'',	'',	'',	'',	'',	'',	'',	'',	'',	'',	'',	'',	'',	'',	'',	'',	'',	'',	'',	'',	'',	'',	'',	'',	'',	'',	'',	'',	'',	'',	'',	2,	'1502966880_VuCcQvJRd2lqBTIfOJn2_address_proof.pdf',	'0000-00-00 00:00:00',	'0000-00-00 00:00:00'),
(56,	102,	'',	'F-07, ShankerMarket, Connuaught Place, New Delhi-110001',	'F-07, Shanker Market, Connaught Place, New Delhi-110001',	'',	'',	0,	'',	1,	6,	'',	'2012-12-12 00:00:00',	'',	'',	'',	'',	'',	'',	'',	'',	'',	'',	'',	'',	'',	'',	'',	'',	'',	'',	'',	'',	'',	'',	'',	'',	'',	'',	'',	'',	'',	'',	'',	'',	'',	'',	'',	'',	'',	'',	'',	'',	'',	'',	'',	'',	'',	2,	'1503307934_LUGVzUjG1FjmmUw0CJr2_address_proof.docx',	'0000-00-00 00:00:00',	'0000-00-00 00:00:00'),
(57,	103,	'',	'F-7, Shanker Market, Connuaght Place, New Delhi-110001',	'F-7, Shanker Market, Connuaght Place, New Delhi-110001',	'',	'',	0,	'',	1,	6,	'',	'2012-12-12 00:00:00',	'',	'',	'',	'',	'',	'',	'',	'',	'',	'',	'',	'',	'',	'',	'',	'',	'',	'',	'',	'',	'',	'',	'',	'',	'',	'',	'',	'',	'',	'',	'',	'',	'',	'',	'',	'',	'',	'',	'',	'',	'',	'',	'',	'',	'',	2,	'1503478089_rgPyZK3tir45EmMf7F5G_address_proof.docx',	'0000-00-00 00:00:00',	'0000-00-00 00:00:00'),
(58,	104,	'',	'204 Manisha Building, 75 Nehru Place\r\nNew Delhi 110 019',	'204 Manisha Building, 75 Nehru Place\r\nNew Delhi 110 019',	'',	'',	0,	'',	2,	6,	'',	'2000-09-01 00:00:00',	'',	'',	'',	'',	'',	'',	'',	'',	'',	'',	'',	'',	'',	'',	'',	'',	'',	'',	'',	'',	'',	'',	'',	'',	'',	'',	'',	'',	'',	'',	'',	'',	'',	'',	'',	'',	'',	'',	'',	'',	'',	'',	'',	'',	'',	2,	'1504247560_FE9GeMXk0HLI0AyLhhnf_address_proof.jpg',	'0000-00-00 00:00:00',	'0000-00-00 00:00:00'),
(59,	105,	'',	'Rajat Advertising Agency\r\n\r\nC/O Nagpal Saw Mills, Kath Mandi, Rohtak-124001',	'Shop No-12C, Durga Market, Choturam Chowk, Rohtak-124001\r\nHaryana',	'',	'',	0,	'',	1,	6,	'',	'2008-12-10 00:00:00',	'',	'',	'',	'',	'',	'',	'',	'',	'',	'',	'',	'',	'',	'',	'',	'',	'',	'',	'',	'',	'',	'',	'',	'',	'',	'',	'',	'',	'',	'',	'',	'',	'',	'',	'',	'',	'',	'',	'',	'',	'',	'',	'',	'',	'',	4,	'1504599428_8ALnux658fYOO0ekElkD_address_proof.jpg',	'0000-00-00 00:00:00',	'0000-00-00 00:00:00'),
(60,	106,	'',	'29, 3rd Floor Opti Plaza mall road.\r\nMall Road,Ludhiana.',	'29, 3rd Floor Opti Plaza mall road.\r\nMall Road-Ludhiana.',	'Kawaljit Singh',	'03128461',	0,	'',	1,	6,	'',	'2011-08-29 00:00:00',	'',	'',	'',	'',	'',	'',	'',	'',	'',	'',	'',	'',	'',	'',	'',	'',	'',	'',	'',	'',	'',	'',	'',	'',	'',	'',	'',	'',	'',	'',	'Kawaljit Singh',	'',	'',	'',	'',	'',	'',	'',	'',	'',	'',	'',	'',	'',	'',	2,	'1504768058_pVDwzos6T6ZBTVCk7KVj_address_proof.pdf',	'0000-00-00 00:00:00',	'0000-00-00 00:00:00'),
(61,	107,	'',	'7,Golden Gate, Westend Green, Rajokri, New Delhi-38',	'\r\nLancers International School\r\nDLF Phase 5, Sector 53\r\nGurugram- 122001',	'Rohit Mann',	'01764113',	0,	'',	4,	6,	'',	'2005-04-05 00:00:00',	'',	'',	'',	'',	'',	'',	'',	'',	'',	'',	'',	'',	'',	'',	'',	'',	'',	'',	'',	'',	'',	'',	'',	'',	'',	'',	'',	'',	'',	'',	'Sandeep chhikar',	'',	'',	'',	'',	'',	'',	'',	'',	'',	'',	'',	'',	'',	'',	2,	'1504781857_pCXYsX9iQqWdUKkm83AI_address_proof.pdf',	'0000-00-00 00:00:00',	'0000-00-00 00:00:00'),
(62,	108,	'',	'29, 3rd Floor, Opti Plaza, Mall Road, Ludhiana-141003',	'Sec 29, Appu Ghar, Gurugram-122001',	'',	'',	0,	'',	3,	6,	'',	'2011-08-29 00:00:00',	'',	'',	'',	'',	'',	'',	'',	'',	'',	'',	'',	'',	'',	'',	'',	'',	'',	'',	'',	'',	'',	'',	'',	'',	'',	'',	'',	'',	'',	'',	'',	'',	'',	'',	'',	'',	'',	'',	'',	'',	'',	'',	'',	'',	'',	2,	'1504854673_QOUu395lx6oIrWz2QGec_address_proof.jpg',	'0000-00-00 00:00:00',	'0000-00-00 00:00:00'),
(63,	109,	'',	'97, Vikas Nagar, Rohtak, Haryana.',	'38, SararswatiKunj, Near Vatika Tower, Golf Course Road, Gurugarm, Haryana.',	'',	'',	0,	'',	1,	6,	'',	'2007-08-01 00:00:00',	'',	'',	'',	'',	'',	'',	'',	'',	'',	'',	'',	'',	'',	'',	'',	'',	'',	'',	'',	'',	'',	'',	'',	'',	'',	'',	'',	'',	'',	'',	'',	'',	'',	'',	'',	'',	'',	'',	'',	'',	'',	'',	'',	'',	'',	5,	'1504877915_Ldra0o1FHA4jnMlcUxkG_address_proof.jpg',	'0000-00-00 00:00:00',	'0000-00-00 00:00:00'),
(64,	110,	'',	'2nd Floor, Ambience Corporate Towers, Ambience Island\r\nNH8, GURGAON - 122001',	'2nd Floor, Ambience Corporate Towers, Ambience Island\r\nNH8, GURGAON - 122001',	'Mr. Rajiv Banga',	'02093324',	0,	'',	1,	5,	'',	'2012-08-24 00:00:00',	'',	'',	'',	'',	'',	'',	'',	'',	'',	'',	'',	'',	'',	'',	'',	'',	'',	'',	'',	'',	'',	'',	'',	'',	'',	'',	'',	'',	'',	'',	'Aditya Gupta, Anand Kumar',	'',	'',	'',	'',	'',	'',	'',	'',	'',	'',	'',	'',	'',	'',	2,	'1505110575_J4OoDmZEP20vK9SGtopO_address_proof.jpg',	'0000-00-00 00:00:00',	'0000-00-00 00:00:00'),
(65,	111,	'',	'40/1/2 GROND FLOOR YUSUF SARAI VILLAGE  GREEN PARK  EXT. NEW DELHI-110016',	'40/1/2 GROND FLOOR YUSUF SARAI VILLAGE  GREEN PARK  EXT. NEW DELHI-110016',	'PAYAL SHARMA',	'06938507',	0,	'',	1,	3,	'',	'2014-08-29 00:00:00',	'',	'',	'',	'',	'',	'',	'',	'',	'',	'',	'',	'',	'',	'',	'',	'',	'',	'',	'',	'',	'',	'',	'',	'',	'',	'',	'',	'',	'',	'',	'PAYAL SHARMA',	'',	'',	'',	'',	'',	'',	'',	'',	'',	'',	'',	'',	'',	'',	1,	'1505112047_qZSxLGZJk3aRcQBM1phS_address_proof.pdf',	'0000-00-00 00:00:00',	'0000-00-00 00:00:00'),
(66,	112,	'',	'G-30 , Triveni Commercial Complex . \r\nSheik Sarai. Phase -1 \r\nDelhi - 17 ',	'G-30 , Triveni Commercial Complex . \r\nSheik Sarai. Phase -1 \r\nDelhi - 17 ',	'Mayank Jain ',	'07322849',	0,	'',	1,	6,	'',	'2016-05-26 00:00:00',	'',	'',	'',	'',	'',	'',	'',	'',	'',	'',	'',	'',	'',	'',	'',	'',	'',	'',	'',	'',	'',	'',	'',	'',	'',	'',	'',	'',	'',	'',	'Mayank Jain',	'',	'',	'',	'',	'',	'',	'',	'',	'',	'',	'',	'',	'',	'',	2,	'1505124808_Raex4KKnNDkxMEN7yvIL_address_proof.jpg',	'0000-00-00 00:00:00',	'0000-00-00 00:00:00'),
(67,	113,	'',	'D8/1, Okhla Industrial Area Phase-II, New Delhi',	'D8/1, Okhla Industrial Area Phase-II, New Delhi',	'Jogesh Bhutani',	'00646897',	0,	'',	4,	6,	'',	'2009-07-23 00:00:00',	'',	'',	'',	'',	'',	'',	'',	'',	'',	'',	'',	'',	'',	'',	'',	'',	'',	'',	'',	'',	'',	'',	'',	'',	'',	'',	'',	'',	'',	'',	'Rupesh Kapoor',	'',	'',	'',	'',	'',	'',	'',	'',	'',	'',	'',	'',	'',	'',	1,	'1505140012_N3MuGnpUkFcd1sUPlafR_address_proof.pdf',	'0000-00-00 00:00:00',	'0000-00-00 00:00:00'),
(68,	114,	'',	'3rd Floor, Court House, Lokmanya Tilak Marg, Dhobi Talao, Mumbai-400002- Maharashtra',	'Building No-4, R. K. Four Square, DLF Cyber City, Phase-II, Gurgaon, Haryana-122002',	'Shri V. Subramaniam ',	'00009621',	0,	'',	1,	1,	'',	'2017-05-12 00:00:00',	'',	'',	'',	'',	'',	'',	'',	'',	'',	'',	'',	'',	'',	'',	'',	'',	'',	'',	'',	'',	'',	'',	'',	'',	'',	'',	'',	'',	'',	'',	'Vinit Kumar Bansal ',	'',	'',	'',	'',	'',	'',	'',	'',	'',	'',	'',	'',	'',	'',	4,	'1505303583_KpSaLLm9p9Bi9YoIMJnD_address_proof.pdf',	'0000-00-00 00:00:00',	'0000-00-00 00:00:00');

DROP TABLE IF EXISTS `user_segments`;
CREATE TABLE `user_segments` (
  `id` int(11) NOT NULL AUTO_INCREMENT,
  `name` varchar(255) NOT NULL,
  `min_turnover` double NOT NULL,
  `max_turnover` double NOT NULL,
  `created` datetime NOT NULL,
  `modified` datetime NOT NULL,
  PRIMARY KEY (`id`)
) ENGINE=InnoDB DEFAULT CHARSET=utf8;

INSERT INTO `user_segments` (`id`, `name`, `min_turnover`, `max_turnover`, `created`, `modified`) VALUES
(1,	'Vendor Type A',	0,	2000000,	'2017-03-09 10:06:06',	'2017-03-09 10:06:06');

-- 2017-09-14 05:44:27
